Added Component: Designator=C1(C_ALU_C_SIZE)
Add component (AddParameter): Name = "Case/Package"; Value = "Radial"; VariantName = "[No Variations]"
Add component (AddParameter): Name = "Category"; Value = "Aluminum Electrolytic Capacitors"; VariantName = "[No Variations]"
Add component (AddParameter): Name = "ComponentLink1Description"; Value = "https://datasheet.octopart.com:443/EEE-1AA101WR-Panasonic-datasheet-62330071.pdf?src-supplier=Newark"; VariantName = "[No Variations]"
Add component (AddParameter): Name = "ComponentLink1URL"; Value = "https://datasheet.octopart.com:443/EEE-1AA101WR-Panasonic-datasheet-62330071.pdf?src-supplier=Newark"; VariantName = "[No Variations]"
Add component (AddParameter): Name = "ComponentLink2Description"; Value = "https://datasheet.octopart.com:443/EEE-1AA101WR-Panasonic-datasheet-5314063.pdf?src-supplier=Newark"; VariantName = "[No Variations]"
Add component (AddParameter): Name = "ComponentLink2URL"; Value = "https://datasheet.octopart.com:443/EEE-1AA101WR-Panasonic-datasheet-5314063.pdf?src-supplier=Newark"; VariantName = "[No Variations]"
Add component (AddParameter): Name = "ComponentLink3Description"; Value = "https://datasheet.octopart.com:443/EEE-1AA101WR-Panasonic-datasheet-41169183.pdf?src-supplier=Newark"; VariantName = "[No Variations]"
Add component (AddParameter): Name = "ComponentLink3URL"; Value = "https://datasheet.octopart.com:443/EEE-1AA101WR-Panasonic-datasheet-41169183.pdf?src-supplier=Newark"; VariantName = "[No Variations]"
Add component (AddParameter): Name = "ComponentLink4Description"; Value = "https://datasheet.octopart.com:443/EEE-1AA101WR-Panasonic-datasheet-13265900.pdf?src-supplier=RS+(Formerly+Allied+Electronics)"; VariantName = "[No Variations]"
Add component (AddParameter): Name = "ComponentLink4URL"; Value = "https://datasheet.octopart.com:443/EEE-1AA101WR-Panasonic-datasheet-13265900.pdf?src-supplier=RS+(Formerly+Allied+Electronics)"; VariantName = "[No Variations]"
Add component (AddParameter): Name = "ComponentLink5Description"; Value = "https://datasheet.octopart.com:443/EEE-1AA101WR-Panasonic-datasheet-34230028.pdf?src-supplier=element14+APAC"; VariantName = "[No Variations]"
Add component (AddParameter): Name = "ComponentLink5URL"; Value = "https://datasheet.octopart.com:443/EEE-1AA101WR-Panasonic-datasheet-34230028.pdf?src-supplier=element14+APAC"; VariantName = "[No Variations]"
Add component (AddParameter): Name = "ComponentLink6Description"; Value = "https://datasheet.octopart.com:443/EEE-1AA101WR-Panasonic-datasheet-154766114.pdf?src-supplier=Master+Electronics"; VariantName = "[No Variations]"
Add component (AddParameter): Name = "ComponentLink6URL"; Value = "https://datasheet.octopart.com:443/EEE-1AA101WR-Panasonic-datasheet-154766114.pdf?src-supplier=Master+Electronics"; VariantName = "[No Variations]"
Add component (AddParameter): Name = "ComponentLink7Description"; Value = "https://datasheet.octopart.com:443/EEE-1AA101WR-Panasonic-datasheet-11548988.pdf?src-supplier=Arrow+Electronics"; VariantName = "[No Variations]"
Add component (AddParameter): Name = "ComponentLink7URL"; Value = "https://datasheet.octopart.com:443/EEE-1AA101WR-Panasonic-datasheet-11548988.pdf?src-supplier=Arrow+Electronics"; VariantName = "[No Variations]"
Add component (AddParameter): Name = "ComponentLink8Description"; Value = "https://datasheet.octopart.com:443/EEE1AA101WR-Panasonic-datasheet-150469818.pdf?src-supplier=TME"; VariantName = "[No Variations]"
Add component (AddParameter): Name = "ComponentLink8URL"; Value = "https://datasheet.octopart.com:443/EEE1AA101WR-Panasonic-datasheet-150469818.pdf?src-supplier=TME"; VariantName = "[No Variations]"
Add component (AddParameter): Name = "ComponentLink9Description"; Value = "https://sigma.octopart.com:443/150570760/technical_drawing/Panasonic-EEE1AA101WR.pdf?src-supplier=Panasonic+SCT"; VariantName = "[No Variations]"
Add component (AddParameter): Name = "ComponentLink9URL"; Value = "https://sigma.octopart.com:443/150570760/technical_drawing/Panasonic-EEE1AA101WR.pdf?src-supplier=Panasonic+SCT"; VariantName = "[No Variations]"
Add component (AddParameter): Name = "ComponentLink10Description"; Value = "https://datasheet.octopart.com:443/EEE-1AA101WR-Panasonic-datasheet-6019.pdf?src-supplier=DigiKey"; VariantName = "[No Variations]"
Add component (AddParameter): Name = "ComponentLink10URL"; Value = "https://datasheet.octopart.com:443/EEE-1AA101WR-Panasonic-datasheet-6019.pdf?src-supplier=DigiKey"; VariantName = "[No Variations]"
Add component (AddParameter): Name = "Contact Plating"; Value = "Tin"; VariantName = "[No Variations]"
Add component (AddParameter): Name = "Country of Origin"; Value = "Japan, Malaysia"; VariantName = "[No Variations]"
Add component (AddParameter): Name = "Diameter"; Value = "5mm"; VariantName = "[No Variations]"
Add component (AddParameter): Name = "Dissipation Factor"; Value = "30%"; VariantName = "[No Variations]"
Add component (AddParameter): Name = "Export Control Classification Number (ECCN) Code"; Value = "EAR99"; VariantName = "[No Variations]"
Add component (AddParameter): Name = "Harmonized Tariff Schedule (HTS) Code"; Value = "8532.22.00.20"; VariantName = "[No Variations]"
Add component (AddParameter): Name = "Height"; Value = "5.4mm"; VariantName = "[No Variations]"
Add component (AddParameter): Name = "Height - Seated (Max)"; Value = "5.4102mm"; VariantName = "[No Variations]"
Add component (AddParameter): Name = "Introduction Date"; Value = "2004-07-05"; VariantName = "[No Variations]"
Add component (AddParameter): Name = "Lead Free"; Value = "Lead Free"; VariantName = "[No Variations]"
Add component (AddParameter): Name = "Leakage Current"; Value = "10µA"; VariantName = "[No Variations]"
Add component (AddParameter): Name = "Length"; Value = "5.4mm"; VariantName = "[No Variations]"
Add component (AddParameter): Name = "Life (Hours)"; Value = "1000hours"; VariantName = "[No Variations]"
Add component (AddParameter): Name = "Lifecycle Status"; Value = "NRND"; VariantName = "[No Variations]"
Add component (AddParameter): Name = "Manufacturer"; Value = "Panasonic"; VariantName = "[No Variations]"
Add component (AddParameter): Name = "Manufacturer Lifecycle Status"; Value = "NRFND"; VariantName = "[No Variations]"
Add component (AddParameter): Name = "Manufacturer Part Number"; Value = "EEE-1AA101WR"; VariantName = "[No Variations]"
Add component (AddParameter): Name = "Max Operating Temperature"; Value = "85°C"; VariantName = "[No Variations]"
Add component (AddParameter): Name = "Min Operating Temperature"; Value = "-40°C"; VariantName = "[No Variations]"
Add component (AddParameter): Name = "Mounting Technology"; Value = "Surface Mount"; VariantName = "[No Variations]"
Add component (AddParameter): Name = "Number of Terminals"; Value = "2"; VariantName = "[No Variations]"
Add component (AddParameter): Name = "Packaging"; Value = "Cut Tape"; VariantName = "[No Variations]"
Add component (AddParameter): Name = "Part Series"; Value = "S"; VariantName = "[No Variations]"
Add component (AddParameter): Name = "Pricing"; Value = "1=0.37, 10=0.228, 50=0.1668, 100=0.1474, 500=0.1137 (USD)"; VariantName = "[No Variations]"
Add component (AddParameter): Name = "Radiation Hardening"; Value = "No"; VariantName = "[No Variations]"
Add component (AddParameter): Name = "Ratings"; Value = "AEC-Q200"; VariantName = "[No Variations]"
Add component (AddParameter): Name = "REACH SVHC"; Value = "Yes"; VariantName = "[No Variations]"
Add component (AddParameter): Name = "Ripple Current"; Value = "54mA"; VariantName = "[No Variations]"
Add component (AddParameter): Name = "Ripple Current (AC)"; Value = "50mA"; VariantName = "[No Variations]"
Add component (AddParameter): Name = "RoHS"; Value = "Compliant"; VariantName = "[No Variations]"
Add component (AddParameter): Name = "Schedule B"; Value = "8532220020, 8532220020|8532220020|8532220020|8532220020|8532220020"; VariantName = "[No Variations]"
Add component (AddParameter): Name = "Stock"; Value = "21585"; VariantName = "[No Variations]"
Add component (AddParameter): Name = "Supplier"; Value = "DigiKey"; VariantName = "[No Variations]"
Add component (AddParameter): Name = "Supplier Part Number"; Value = "PCE3867CT-ND"; VariantName = "[No Variations]"
Add component (AddParameter): Name = "Termination"; Value = "SMD/SMT"; VariantName = "[No Variations]"
Add component (AddParameter): Name = "Tolerance"; Value = "20%"; VariantName = "[No Variations]"
Add component (AddParameter): Name = "Value"; Value = "100µF"; VariantName = "[No Variations]"
Add component (AddParameter): Name = "Voltage Rating"; Value = "10V"; VariantName = "[No Variations]"
Add component (AddParameter): Name = "Voltage Rating (DC)"; Value = "10V"; VariantName = "[No Variations]"
Add component (AddParameter): Name = "Width"; Value = "5.3mm"; VariantName = "[No Variations]"
Added Component: Designator=C2(C_ALU_C_SIZE)
Add component (AddParameter): Name = "Case/Package"; Value = "Radial"; VariantName = "[No Variations]"
Add component (AddParameter): Name = "Category"; Value = "Aluminum Electrolytic Capacitors"; VariantName = "[No Variations]"
Add component (AddParameter): Name = "ComponentLink1Description"; Value = "https://datasheet.octopart.com:443/EEE-1AA101WR-Panasonic-datasheet-62330071.pdf?src-supplier=Newark"; VariantName = "[No Variations]"
Add component (AddParameter): Name = "ComponentLink1URL"; Value = "https://datasheet.octopart.com:443/EEE-1AA101WR-Panasonic-datasheet-62330071.pdf?src-supplier=Newark"; VariantName = "[No Variations]"
Add component (AddParameter): Name = "ComponentLink2Description"; Value = "https://datasheet.octopart.com:443/EEE-1AA101WR-Panasonic-datasheet-5314063.pdf?src-supplier=Newark"; VariantName = "[No Variations]"
Add component (AddParameter): Name = "ComponentLink2URL"; Value = "https://datasheet.octopart.com:443/EEE-1AA101WR-Panasonic-datasheet-5314063.pdf?src-supplier=Newark"; VariantName = "[No Variations]"
Add component (AddParameter): Name = "ComponentLink3Description"; Value = "https://datasheet.octopart.com:443/EEE-1AA101WR-Panasonic-datasheet-41169183.pdf?src-supplier=Newark"; VariantName = "[No Variations]"
Add component (AddParameter): Name = "ComponentLink3URL"; Value = "https://datasheet.octopart.com:443/EEE-1AA101WR-Panasonic-datasheet-41169183.pdf?src-supplier=Newark"; VariantName = "[No Variations]"
Add component (AddParameter): Name = "ComponentLink4Description"; Value = "https://datasheet.octopart.com:443/EEE-1AA101WR-Panasonic-datasheet-13265900.pdf?src-supplier=RS+(Formerly+Allied+Electronics)"; VariantName = "[No Variations]"
Add component (AddParameter): Name = "ComponentLink4URL"; Value = "https://datasheet.octopart.com:443/EEE-1AA101WR-Panasonic-datasheet-13265900.pdf?src-supplier=RS+(Formerly+Allied+Electronics)"; VariantName = "[No Variations]"
Add component (AddParameter): Name = "ComponentLink5Description"; Value = "https://datasheet.octopart.com:443/EEE-1AA101WR-Panasonic-datasheet-34230028.pdf?src-supplier=element14+APAC"; VariantName = "[No Variations]"
Add component (AddParameter): Name = "ComponentLink5URL"; Value = "https://datasheet.octopart.com:443/EEE-1AA101WR-Panasonic-datasheet-34230028.pdf?src-supplier=element14+APAC"; VariantName = "[No Variations]"
Add component (AddParameter): Name = "ComponentLink6Description"; Value = "https://datasheet.octopart.com:443/EEE-1AA101WR-Panasonic-datasheet-154766114.pdf?src-supplier=Master+Electronics"; VariantName = "[No Variations]"
Add component (AddParameter): Name = "ComponentLink6URL"; Value = "https://datasheet.octopart.com:443/EEE-1AA101WR-Panasonic-datasheet-154766114.pdf?src-supplier=Master+Electronics"; VariantName = "[No Variations]"
Add component (AddParameter): Name = "ComponentLink7Description"; Value = "https://datasheet.octopart.com:443/EEE-1AA101WR-Panasonic-datasheet-11548988.pdf?src-supplier=Arrow+Electronics"; VariantName = "[No Variations]"
Add component (AddParameter): Name = "ComponentLink7URL"; Value = "https://datasheet.octopart.com:443/EEE-1AA101WR-Panasonic-datasheet-11548988.pdf?src-supplier=Arrow+Electronics"; VariantName = "[No Variations]"
Add component (AddParameter): Name = "ComponentLink8Description"; Value = "https://datasheet.octopart.com:443/EEE1AA101WR-Panasonic-datasheet-150469818.pdf?src-supplier=TME"; VariantName = "[No Variations]"
Add component (AddParameter): Name = "ComponentLink8URL"; Value = "https://datasheet.octopart.com:443/EEE1AA101WR-Panasonic-datasheet-150469818.pdf?src-supplier=TME"; VariantName = "[No Variations]"
Add component (AddParameter): Name = "ComponentLink9Description"; Value = "https://sigma.octopart.com:443/150570760/technical_drawing/Panasonic-EEE1AA101WR.pdf?src-supplier=Panasonic+SCT"; VariantName = "[No Variations]"
Add component (AddParameter): Name = "ComponentLink9URL"; Value = "https://sigma.octopart.com:443/150570760/technical_drawing/Panasonic-EEE1AA101WR.pdf?src-supplier=Panasonic+SCT"; VariantName = "[No Variations]"
Add component (AddParameter): Name = "ComponentLink10Description"; Value = "https://datasheet.octopart.com:443/EEE-1AA101WR-Panasonic-datasheet-6019.pdf?src-supplier=DigiKey"; VariantName = "[No Variations]"
Add component (AddParameter): Name = "ComponentLink10URL"; Value = "https://datasheet.octopart.com:443/EEE-1AA101WR-Panasonic-datasheet-6019.pdf?src-supplier=DigiKey"; VariantName = "[No Variations]"
Add component (AddParameter): Name = "Contact Plating"; Value = "Tin"; VariantName = "[No Variations]"
Add component (AddParameter): Name = "Country of Origin"; Value = "Japan, Malaysia"; VariantName = "[No Variations]"
Add component (AddParameter): Name = "Diameter"; Value = "5mm"; VariantName = "[No Variations]"
Add component (AddParameter): Name = "Dissipation Factor"; Value = "30%"; VariantName = "[No Variations]"
Add component (AddParameter): Name = "Export Control Classification Number (ECCN) Code"; Value = "EAR99"; VariantName = "[No Variations]"
Add component (AddParameter): Name = "Harmonized Tariff Schedule (HTS) Code"; Value = "8532.22.00.20"; VariantName = "[No Variations]"
Add component (AddParameter): Name = "Height"; Value = "5.4mm"; VariantName = "[No Variations]"
Add component (AddParameter): Name = "Height - Seated (Max)"; Value = "5.4102mm"; VariantName = "[No Variations]"
Add component (AddParameter): Name = "Introduction Date"; Value = "2004-07-05"; VariantName = "[No Variations]"
Add component (AddParameter): Name = "Lead Free"; Value = "Lead Free"; VariantName = "[No Variations]"
Add component (AddParameter): Name = "Leakage Current"; Value = "10µA"; VariantName = "[No Variations]"
Add component (AddParameter): Name = "Length"; Value = "5.4mm"; VariantName = "[No Variations]"
Add component (AddParameter): Name = "Life (Hours)"; Value = "1000hours"; VariantName = "[No Variations]"
Add component (AddParameter): Name = "Lifecycle Status"; Value = "NRND"; VariantName = "[No Variations]"
Add component (AddParameter): Name = "Manufacturer"; Value = "Panasonic"; VariantName = "[No Variations]"
Add component (AddParameter): Name = "Manufacturer Lifecycle Status"; Value = "NRFND"; VariantName = "[No Variations]"
Add component (AddParameter): Name = "Manufacturer Part Number"; Value = "EEE-1AA101WR"; VariantName = "[No Variations]"
Add component (AddParameter): Name = "Max Operating Temperature"; Value = "85°C"; VariantName = "[No Variations]"
Add component (AddParameter): Name = "Min Operating Temperature"; Value = "-40°C"; VariantName = "[No Variations]"
Add component (AddParameter): Name = "Mounting Technology"; Value = "Surface Mount"; VariantName = "[No Variations]"
Add component (AddParameter): Name = "Number of Terminals"; Value = "2"; VariantName = "[No Variations]"
Add component (AddParameter): Name = "Packaging"; Value = "Cut Tape"; VariantName = "[No Variations]"
Add component (AddParameter): Name = "Part Series"; Value = "S"; VariantName = "[No Variations]"
Add component (AddParameter): Name = "Pricing"; Value = "1=0.37, 10=0.228, 50=0.1668, 100=0.1474, 500=0.1137 (USD)"; VariantName = "[No Variations]"
Add component (AddParameter): Name = "Radiation Hardening"; Value = "No"; VariantName = "[No Variations]"
Add component (AddParameter): Name = "Ratings"; Value = "AEC-Q200"; VariantName = "[No Variations]"
Add component (AddParameter): Name = "REACH SVHC"; Value = "Yes"; VariantName = "[No Variations]"
Add component (AddParameter): Name = "Ripple Current"; Value = "54mA"; VariantName = "[No Variations]"
Add component (AddParameter): Name = "Ripple Current (AC)"; Value = "50mA"; VariantName = "[No Variations]"
Add component (AddParameter): Name = "RoHS"; Value = "Compliant"; VariantName = "[No Variations]"
Add component (AddParameter): Name = "Schedule B"; Value = "8532220020, 8532220020|8532220020|8532220020|8532220020|8532220020"; VariantName = "[No Variations]"
Add component (AddParameter): Name = "Stock"; Value = "21585"; VariantName = "[No Variations]"
Add component (AddParameter): Name = "Supplier"; Value = "DigiKey"; VariantName = "[No Variations]"
Add component (AddParameter): Name = "Supplier Part Number"; Value = "PCE3867CT-ND"; VariantName = "[No Variations]"
Add component (AddParameter): Name = "Termination"; Value = "SMD/SMT"; VariantName = "[No Variations]"
Add component (AddParameter): Name = "Tolerance"; Value = "20%"; VariantName = "[No Variations]"
Add component (AddParameter): Name = "Value"; Value = "100µF"; VariantName = "[No Variations]"
Add component (AddParameter): Name = "Voltage Rating"; Value = "10V"; VariantName = "[No Variations]"
Add component (AddParameter): Name = "Voltage Rating (DC)"; Value = "10V"; VariantName = "[No Variations]"
Add component (AddParameter): Name = "Width"; Value = "5.3mm"; VariantName = "[No Variations]"
Added Component: Designator=C3(C0805)
Add component (AddParameter): Name = "Case Code (Imperial)"; Value = "0805"; VariantName = "[No Variations]"
Add component (AddParameter): Name = "Case Code (Metric)"; Value = "2012"; VariantName = "[No Variations]"
Add component (AddParameter): Name = "Case/Package"; Value = "0805"; VariantName = "[No Variations]"
Add component (AddParameter): Name = "Category"; Value = "Ceramic Capacitors"; VariantName = "[No Variations]"
Add component (AddParameter): Name = "China RoHS"; Value = "Compliant"; VariantName = "[No Variations]"
Add component (AddParameter): Name = "ComponentLink1Description"; Value = "https://datasheet.octopart.com:443/C2012X5R1C106K085AC-TDK-datasheet-175423548.pdf?src-supplier=IHS"; VariantName = "[No Variations]"
Add component (AddParameter): Name = "ComponentLink1URL"; Value = "https://datasheet.octopart.com:443/C2012X5R1C106K085AC-TDK-datasheet-175423548.pdf?src-supplier=IHS"; VariantName = "[No Variations]"
Add component (AddParameter): Name = "ComponentLink2Description"; Value = "https://datasheet.octopart.com:443/C2012X5R1C106K085AC-TDK-datasheet-151546523.pdf?src-supplier=ODG+(Origin+Data+Global)"; VariantName = "[No Variations]"
Add component (AddParameter): Name = "ComponentLink2URL"; Value = "https://datasheet.octopart.com:443/C2012X5R1C106K085AC-TDK-datasheet-151546523.pdf?src-supplier=ODG+(Origin+Data+Global)"; VariantName = "[No Variations]"
Add component (AddParameter): Name = "ComponentLink3Description"; Value = "https://datasheet.octopart.com/C2012X5R1C106K085AC-TDK-datasheet-41194876.pdf"; VariantName = "[No Variations]"
Add component (AddParameter): Name = "ComponentLink3URL"; Value = "https://datasheet.octopart.com/C2012X5R1C106K085AC-TDK-datasheet-41194876.pdf"; VariantName = "[No Variations]"
Add component (AddParameter): Name = "ComponentLink4Description"; Value = "https://datasheet.octopart.com:443/C2012X5R1C106K085AC-TDK-datasheet-82475248.pdf?src-supplier=Newark"; VariantName = "[No Variations]"
Add component (AddParameter): Name = "ComponentLink4URL"; Value = "https://datasheet.octopart.com:443/C2012X5R1C106K085AC-TDK-datasheet-82475248.pdf?src-supplier=Newark"; VariantName = "[No Variations]"
Add component (AddParameter): Name = "ComponentLink5Description"; Value = "https://datasheet.octopart.com:443/C2012X5R1C106K085AC-TDK-datasheet-23766614.pdf?src-supplier=Newark"; VariantName = "[No Variations]"
Add component (AddParameter): Name = "ComponentLink5URL"; Value = "https://datasheet.octopart.com:443/C2012X5R1C106K085AC-TDK-datasheet-23766614.pdf?src-supplier=Newark"; VariantName = "[No Variations]"
Add component (AddParameter): Name = "ComponentLink6Description"; Value = "https://datasheet.octopart.com:443/C2012X5R1C106K085AC-TDK-datasheet-20681607.pdf?src-supplier=Newark"; VariantName = "[No Variations]"
Add component (AddParameter): Name = "ComponentLink6URL"; Value = "https://datasheet.octopart.com:443/C2012X5R1C106K085AC-TDK-datasheet-20681607.pdf?src-supplier=Newark"; VariantName = "[No Variations]"
Add component (AddParameter): Name = "ComponentLink7Description"; Value = "https://datasheet.octopart.com:443/C2012X5R1C106K085AC-TDK-datasheet-13444418.pdf?src-supplier=Newark"; VariantName = "[No Variations]"
Add component (AddParameter): Name = "ComponentLink7URL"; Value = "https://datasheet.octopart.com:443/C2012X5R1C106K085AC-TDK-datasheet-13444418.pdf?src-supplier=Newark"; VariantName = "[No Variations]"
Add component (AddParameter): Name = "ComponentLink8Description"; Value = "https://datasheet.octopart.com:443/C2012X5R1C106K085AC-TDK-datasheet-12509848.pdf?src-supplier=Future+Electronics"; VariantName = "[No Variations]"
Add component (AddParameter): Name = "ComponentLink8URL"; Value = "https://datasheet.octopart.com:443/C2012X5R1C106K085AC-TDK-datasheet-12509848.pdf?src-supplier=Future+Electronics"; VariantName = "[No Variations]"
Add component (AddParameter): Name = "ComponentLink9Description"; Value = "https://datasheet.octopart.com:443/C2012X5R1C106K085AC-TDK-datasheet-10978788.pdf?src-supplier=Future+Electronics"; VariantName = "[No Variations]"
Add component (AddParameter): Name = "ComponentLink9URL"; Value = "https://datasheet.octopart.com:443/C2012X5R1C106K085AC-TDK-datasheet-10978788.pdf?src-supplier=Future+Electronics"; VariantName = "[No Variations]"
Add component (AddParameter): Name = "ComponentLink10Description"; Value = "https://datasheet.octopart.com:443/C2012X5R1C106K085AC-TDK-datasheet-8852320.pdf?src-supplier=Future+Electronics"; VariantName = "[No Variations]"
Add component (AddParameter): Name = "ComponentLink10URL"; Value = "https://datasheet.octopart.com:443/C2012X5R1C106K085AC-TDK-datasheet-8852320.pdf?src-supplier=Future+Electronics"; VariantName = "[No Variations]"
Add component (AddParameter): Name = "ComponentLink11Description"; Value = "https://datasheet.octopart.com:443/C2012X5R1C106K085AC-TDK-datasheet-8359770.pdf?src-supplier=Future+Electronics"; VariantName = "[No Variations]"
Add component (AddParameter): Name = "ComponentLink11URL"; Value = "https://datasheet.octopart.com:443/C2012X5R1C106K085AC-TDK-datasheet-8359770.pdf?src-supplier=Future+Electronics"; VariantName = "[No Variations]"
Add component (AddParameter): Name = "ComponentLink12Description"; Value = "https://datasheet.octopart.com:443/C2012X5R1C106K085AC-TDK-datasheet-8324322.pdf?src-supplier=Future+Electronics"; VariantName = "[No Variations]"
Add component (AddParameter): Name = "ComponentLink12URL"; Value = "https://datasheet.octopart.com:443/C2012X5R1C106K085AC-TDK-datasheet-8324322.pdf?src-supplier=Future+Electronics"; VariantName = "[No Variations]"
Add component (AddParameter): Name = "ComponentLink13Description"; Value = "https://datasheet.octopart.com:443/C2012X5R1C106K085AC-TDK-datasheet-128946.pdf?src-supplier=Future+Electronics"; VariantName = "[No Variations]"
Add component (AddParameter): Name = "ComponentLink13URL"; Value = "https://datasheet.octopart.com:443/C2012X5R1C106K085AC-TDK-datasheet-128946.pdf?src-supplier=Future+Electronics"; VariantName = "[No Variations]"
Add component (AddParameter): Name = "Composition"; Value = "Ceramic"; VariantName = "[No Variations]"
Add component (AddParameter): Name = "Depth"; Value = "1.25mm"; VariantName = "[No Variations]"
Add component (AddParameter): Name = "Dielectric"; Value = "X5R"; VariantName = "[No Variations]"
Add component (AddParameter): Name = "Dielectric Material"; Value = "Ceramic"; VariantName = "[No Variations]"
Add component (AddParameter): Name = "Export Control Classification Number (ECCN) Code"; Value = "EAR99"; VariantName = "[No Variations]"
Add component (AddParameter): Name = "Harmonized Tariff Schedule (HTS) Code"; Value = "8532.24.00.20"; VariantName = "[No Variations]"
Add component (AddParameter): Name = "Height"; Value = "850µm"; VariantName = "[No Variations]"
Add component (AddParameter): Name = "Introduction Date"; Value = "2012-08-21"; VariantName = "[No Variations]"
Add component (AddParameter): Name = "Lead Free"; Value = "Lead Free"; VariantName = "[No Variations]"
Add component (AddParameter): Name = "Length"; Value = "2mm"; VariantName = "[No Variations]"
Add component (AddParameter): Name = "Lifecycle Status"; Value = "NRND"; VariantName = "[No Variations]"
Add component (AddParameter): Name = "Manufacturer"; Value = "TDK"; VariantName = "[No Variations]"
Add component (AddParameter): Name = "Manufacturer Lifecycle Status"; Value = "PRODUCTION (NOT RECOMMENDED FOR NEW DESIGN)"; VariantName = "[No Variations]"
Add component (AddParameter): Name = "Manufacturer Part Number"; Value = "C2012X5R1C106K085AC"; VariantName = "[No Variations]"
Add component (AddParameter): Name = "Material"; Value = "Ceramic"; VariantName = "[No Variations]"
Add component (AddParameter): Name = "Max Length"; Value = "2.2mm"; VariantName = "[No Variations]"
Add component (AddParameter): Name = "Max Operating Temperature"; Value = "85°C"; VariantName = "[No Variations]"
Add component (AddParameter): Name = "Max Width"; Value = "1.45mm"; VariantName = "[No Variations]"
Add component (AddParameter): Name = "Min Length"; Value = "1.8mm"; VariantName = "[No Variations]"
Add component (AddParameter): Name = "Min Operating Temperature"; Value = "-55°C"; VariantName = "[No Variations]"
Add component (AddParameter): Name = "Min Width"; Value = "1.05mm"; VariantName = "[No Variations]"
Add component (AddParameter): Name = "Mounting Technology"; Value = "Surface Mount"; VariantName = "[No Variations]"
Add component (AddParameter): Name = "Number of Terminals"; Value = "2"; VariantName = "[No Variations]"
Add component (AddParameter): Name = "Pins"; Value = "2"; VariantName = "[No Variations]"
Add component (AddParameter): Name = "Pricing"; Value = "1=0.21, 10=0.121, 50=0.0866, 100=0.076, 500=0.05824, 1000=0.05277 (USD)"; VariantName = "[No Variations]"
Add component (AddParameter): Name = "REACH SVHC"; Value = "Yes"; VariantName = "[No Variations]"
Add component (AddParameter): Name = "RoHS"; Value = "Compliant"; VariantName = "[No Variations]"
Add component (AddParameter): Name = "Schedule B"; Value = "8532240020, 8532240020|8532240020|8532240020|8532240020|8532240020"; VariantName = "[No Variations]"
Add component (AddParameter): Name = "Stock"; Value = "446443"; VariantName = "[No Variations]"
Add component (AddParameter): Name = "Supplier"; Value = "DigiKey"; VariantName = "[No Variations]"
Add component (AddParameter): Name = "Supplier Part Number"; Value = "445-7644-1-ND"; VariantName = "[No Variations]"
Add component (AddParameter): Name = "Termination"; Value = "SMD/SMT"; VariantName = "[No Variations]"
Add component (AddParameter): Name = "Tolerance"; Value = "10%"; VariantName = "[No Variations]"
Add component (AddParameter): Name = "Value"; Value = "10µF"; VariantName = "[No Variations]"
Add component (AddParameter): Name = "Voltage Rating"; Value = "16V"; VariantName = "[No Variations]"
Add component (AddParameter): Name = "Voltage Rating (DC)"; Value = "16V"; VariantName = "[No Variations]"
Add component (AddParameter): Name = "Weight"; Value = "5.499807mg"; VariantName = "[No Variations]"
Add component (AddParameter): Name = "Width"; Value = "1.25mm"; VariantName = "[No Variations]"
Added Component: Designator=C4(C0805)
Add component (AddParameter): Name = "Case Code (Imperial)"; Value = "0805"; VariantName = "[No Variations]"
Add component (AddParameter): Name = "Case Code (Metric)"; Value = "2012"; VariantName = "[No Variations]"
Add component (AddParameter): Name = "Case/Package"; Value = "0805"; VariantName = "[No Variations]"
Add component (AddParameter): Name = "Category"; Value = "Ceramic Capacitors"; VariantName = "[No Variations]"
Add component (AddParameter): Name = "China RoHS"; Value = "Compliant"; VariantName = "[No Variations]"
Add component (AddParameter): Name = "ComponentLink1Description"; Value = "https://datasheet.octopart.com:443/C2012X7R1H104K085AA-TDK-datasheet-175423548.pdf?src-supplier=IHS"; VariantName = "[No Variations]"
Add component (AddParameter): Name = "ComponentLink1URL"; Value = "https://datasheet.octopart.com:443/C2012X7R1H104K085AA-TDK-datasheet-175423548.pdf?src-supplier=IHS"; VariantName = "[No Variations]"
Add component (AddParameter): Name = "ComponentLink2Description"; Value = "https://datasheet.octopart.com:443/C2012X7R1H104K085AA-TDK-datasheet-151546523.pdf?src-supplier=ODG+(Origin+Data+Global)"; VariantName = "[No Variations]"
Add component (AddParameter): Name = "ComponentLink2URL"; Value = "https://datasheet.octopart.com:443/C2012X7R1H104K085AA-TDK-datasheet-151546523.pdf?src-supplier=ODG+(Origin+Data+Global)"; VariantName = "[No Variations]"
Add component (AddParameter): Name = "ComponentLink3Description"; Value = "https://datasheet.octopart.com:443/C2012X7R1H104K085AA-TDK-datasheet-41194876.pdf?src-supplier=element14+APAC"; VariantName = "[No Variations]"
Add component (AddParameter): Name = "ComponentLink3URL"; Value = "https://datasheet.octopart.com:443/C2012X7R1H104K085AA-TDK-datasheet-41194876.pdf?src-supplier=element14+APAC"; VariantName = "[No Variations]"
Add component (AddParameter): Name = "ComponentLink4Description"; Value = "https://datasheet.octopart.com:443/C2012X7R1H104K085AA-TDK-datasheet-10978788.pdf?src-supplier=element14+APAC"; VariantName = "[No Variations]"
Add component (AddParameter): Name = "ComponentLink4URL"; Value = "https://datasheet.octopart.com:443/C2012X7R1H104K085AA-TDK-datasheet-10978788.pdf?src-supplier=element14+APAC"; VariantName = "[No Variations]"
Add component (AddParameter): Name = "ComponentLink5Description"; Value = "https://datasheet.octopart.com:443/C2012X7R1H104K085AA-TDK-datasheet-13376850.pdf?src-supplier=element14+APAC"; VariantName = "[No Variations]"
Add component (AddParameter): Name = "ComponentLink5URL"; Value = "https://datasheet.octopart.com:443/C2012X7R1H104K085AA-TDK-datasheet-13376850.pdf?src-supplier=element14+APAC"; VariantName = "[No Variations]"
Add component (AddParameter): Name = "ComponentLink6Description"; Value = "https://datasheet.octopart.com:443/C2012X7R1H104K085AA-TDK-datasheet-41169347.pdf?src-supplier=element14+APAC"; VariantName = "[No Variations]"
Add component (AddParameter): Name = "ComponentLink6URL"; Value = "https://datasheet.octopart.com:443/C2012X7R1H104K085AA-TDK-datasheet-41169347.pdf?src-supplier=element14+APAC"; VariantName = "[No Variations]"
Add component (AddParameter): Name = "ComponentLink7Description"; Value = "https://datasheet.octopart.com:443/C2012X7R1H104K085AA-TDK-datasheet-82475248.pdf?src-supplier=Newark"; VariantName = "[No Variations]"
Add component (AddParameter): Name = "ComponentLink7URL"; Value = "https://datasheet.octopart.com:443/C2012X7R1H104K085AA-TDK-datasheet-82475248.pdf?src-supplier=Newark"; VariantName = "[No Variations]"
Add component (AddParameter): Name = "ComponentLink8Description"; Value = "https://datasheet.octopart.com:443/C2012X7R1H104K085AA-TDK-datasheet-13444418.pdf?src-supplier=Newark"; VariantName = "[No Variations]"
Add component (AddParameter): Name = "ComponentLink8URL"; Value = "https://datasheet.octopart.com:443/C2012X7R1H104K085AA-TDK-datasheet-13444418.pdf?src-supplier=Newark"; VariantName = "[No Variations]"
Add component (AddParameter): Name = "ComponentLink9Description"; Value = "https://datasheet.octopart.com:443/C2012X7R1H104K085AA-TDK-datasheet-23766614.pdf?src-supplier=Newark"; VariantName = "[No Variations]"
Add component (AddParameter): Name = "ComponentLink9URL"; Value = "https://datasheet.octopart.com:443/C2012X7R1H104K085AA-TDK-datasheet-23766614.pdf?src-supplier=Newark"; VariantName = "[No Variations]"
Add component (AddParameter): Name = "ComponentLink10Description"; Value = "https://datasheet.octopart.com:443/C2012X7R1H104K085AA-TDK-datasheet-12509848.pdf?src-supplier=Future+Electronics"; VariantName = "[No Variations]"
Add component (AddParameter): Name = "ComponentLink10URL"; Value = "https://datasheet.octopart.com:443/C2012X7R1H104K085AA-TDK-datasheet-12509848.pdf?src-supplier=Future+Electronics"; VariantName = "[No Variations]"
Add component (AddParameter): Name = "ComponentLink11Description"; Value = "https://datasheet.octopart.com:443/C2012X7R1H104K085AA-TDK-datasheet-8852320.pdf?src-supplier=Future+Electronics"; VariantName = "[No Variations]"
Add component (AddParameter): Name = "ComponentLink11URL"; Value = "https://datasheet.octopart.com:443/C2012X7R1H104K085AA-TDK-datasheet-8852320.pdf?src-supplier=Future+Electronics"; VariantName = "[No Variations]"
Add component (AddParameter): Name = "ComponentLink12Description"; Value = "https://datasheet.octopart.com:443/C2012X7R1H104K085AA-TDK-datasheet-8359770.pdf?src-supplier=Future+Electronics"; VariantName = "[No Variations]"
Add component (AddParameter): Name = "ComponentLink12URL"; Value = "https://datasheet.octopart.com:443/C2012X7R1H104K085AA-TDK-datasheet-8359770.pdf?src-supplier=Future+Electronics"; VariantName = "[No Variations]"
Add component (AddParameter): Name = "ComponentLink13Description"; Value = "https://datasheet.octopart.com:443/C2012X7R1H104K085AA-TDK-datasheet-8324322.pdf?src-supplier=Future+Electronics"; VariantName = "[No Variations]"
Add component (AddParameter): Name = "ComponentLink13URL"; Value = "https://datasheet.octopart.com:443/C2012X7R1H104K085AA-TDK-datasheet-8324322.pdf?src-supplier=Future+Electronics"; VariantName = "[No Variations]"
Add component (AddParameter): Name = "ComponentLink14Description"; Value = "https://datasheet.octopart.com:443/C2012X7R1H104K085AA-TDK-datasheet-128946.pdf?src-supplier=Future+Electronics"; VariantName = "[No Variations]"
Add component (AddParameter): Name = "ComponentLink14URL"; Value = "https://datasheet.octopart.com:443/C2012X7R1H104K085AA-TDK-datasheet-128946.pdf?src-supplier=Future+Electronics"; VariantName = "[No Variations]"
Add component (AddParameter): Name = "ComponentLink15Description"; Value = "https://datasheet.octopart.com:443/C2012X7R1H104K085AA-TDK-datasheet-11730548.pdf?src-supplier=Electro+Sonic"; VariantName = "[No Variations]"
Add component (AddParameter): Name = "ComponentLink15URL"; Value = "https://datasheet.octopart.com:443/C2012X7R1H104K085AA-TDK-datasheet-11730548.pdf?src-supplier=Electro+Sonic"; VariantName = "[No Variations]"
Add component (AddParameter): Name = "Composition"; Value = "Ceramic"; VariantName = "[No Variations]"
Add component (AddParameter): Name = "Depth"; Value = "1.25mm"; VariantName = "[No Variations]"
Add component (AddParameter): Name = "Dielectric"; Value = "X7R"; VariantName = "[No Variations]"
Add component (AddParameter): Name = "Dielectric Material"; Value = "Ceramic"; VariantName = "[No Variations]"
Add component (AddParameter): Name = "Export Control Classification Number (ECCN) Code"; Value = "EAR99"; VariantName = "[No Variations]"
Add component (AddParameter): Name = "Harmonized Tariff Schedule (HTS) Code"; Value = "8532.24.00.20"; VariantName = "[No Variations]"
Add component (AddParameter): Name = "Height"; Value = "850µm"; VariantName = "[No Variations]"
Add component (AddParameter): Name = "Introduction Date"; Value = "2012-08-21"; VariantName = "[No Variations]"
Add component (AddParameter): Name = "Lead Free"; Value = "Lead Free"; VariantName = "[No Variations]"
Add component (AddParameter): Name = "Length"; Value = "2mm"; VariantName = "[No Variations]"
Add component (AddParameter): Name = "Lifecycle Status"; Value = "NRND"; VariantName = "[No Variations]"
Add component (AddParameter): Name = "Manufacturer"; Value = "TDK"; VariantName = "[No Variations]"
Add component (AddParameter): Name = "Manufacturer Lifecycle Status"; Value = "PRODUCTION (NOT RECOMMENDED FOR NEW DESIGN)"; VariantName = "[No Variations]"
Add component (AddParameter): Name = "Manufacturer Part Number"; Value = "C2012X7R1H104K085AA"; VariantName = "[No Variations]"
Add component (AddParameter): Name = "Material"; Value = "Ceramic"; VariantName = "[No Variations]"
Add component (AddParameter): Name = "Max Length"; Value = "2.2mm"; VariantName = "[No Variations]"
Add component (AddParameter): Name = "Max Operating Temperature"; Value = "125°C"; VariantName = "[No Variations]"
Add component (AddParameter): Name = "Max Width"; Value = "1.45mm"; VariantName = "[No Variations]"
Add component (AddParameter): Name = "Min Length"; Value = "1.8mm"; VariantName = "[No Variations]"
Add component (AddParameter): Name = "Min Operating Temperature"; Value = "-55°C"; VariantName = "[No Variations]"
Add component (AddParameter): Name = "Min Width"; Value = "1.05mm"; VariantName = "[No Variations]"
Add component (AddParameter): Name = "Mounting Technology"; Value = "Surface Mount"; VariantName = "[No Variations]"
Add component (AddParameter): Name = "Number of Terminals"; Value = "2"; VariantName = "[No Variations]"
Add component (AddParameter): Name = "Pins"; Value = "2"; VariantName = "[No Variations]"
Add component (AddParameter): Name = "Pricing"; Value = "1=0.12, 10=0.069, 50=0.0482, 100=0.0418, 500=0.03104, 1000=0.02773 (USD)"; VariantName = "[No Variations]"
Add component (AddParameter): Name = "Radiation Hardening"; Value = "No"; VariantName = "[No Variations]"
Add component (AddParameter): Name = "REACH SVHC"; Value = "Yes"; VariantName = "[No Variations]"
Add component (AddParameter): Name = "RoHS"; Value = "Compliant"; VariantName = "[No Variations]"
Add component (AddParameter): Name = "Schedule B"; Value = "8532240020, 8532240020|8532240020|8532240020|8532240020|8532240020"; VariantName = "[No Variations]"
Add component (AddParameter): Name = "Stock"; Value = "478758"; VariantName = "[No Variations]"
Add component (AddParameter): Name = "Supplier"; Value = "DigiKey"; VariantName = "[No Variations]"
Add component (AddParameter): Name = "Supplier Part Number"; Value = "445-7534-1-ND"; VariantName = "[No Variations]"
Add component (AddParameter): Name = "Termination"; Value = "SMD/SMT"; VariantName = "[No Variations]"
Add component (AddParameter): Name = "Tolerance"; Value = "10%"; VariantName = "[No Variations]"
Add component (AddParameter): Name = "Value"; Value = "100nF"; VariantName = "[No Variations]"
Add component (AddParameter): Name = "Voltage"; Value = "50V"; VariantName = "[No Variations]"
Add component (AddParameter): Name = "Voltage Rating"; Value = "50V"; VariantName = "[No Variations]"
Add component (AddParameter): Name = "Voltage Rating (DC)"; Value = "50V"; VariantName = "[No Variations]"
Add component (AddParameter): Name = "Weight"; Value = "5.499807mg"; VariantName = "[No Variations]"
Add component (AddParameter): Name = "Width"; Value = "1.25mm"; VariantName = "[No Variations]"
Added Component: Designator=C5(C0805)
Add component (AddParameter): Name = "Case Code (Imperial)"; Value = "0805"; VariantName = "[No Variations]"
Add component (AddParameter): Name = "Case Code (Metric)"; Value = "2012"; VariantName = "[No Variations]"
Add component (AddParameter): Name = "Case/Package"; Value = "0805"; VariantName = "[No Variations]"
Add component (AddParameter): Name = "Category"; Value = "Ceramic Capacitors"; VariantName = "[No Variations]"
Add component (AddParameter): Name = "China RoHS"; Value = "Compliant"; VariantName = "[No Variations]"
Add component (AddParameter): Name = "ComponentLink1Description"; Value = "https://datasheet.octopart.com:443/C2012X7R1H104K085AA-TDK-datasheet-175423548.pdf?src-supplier=IHS"; VariantName = "[No Variations]"
Add component (AddParameter): Name = "ComponentLink1URL"; Value = "https://datasheet.octopart.com:443/C2012X7R1H104K085AA-TDK-datasheet-175423548.pdf?src-supplier=IHS"; VariantName = "[No Variations]"
Add component (AddParameter): Name = "ComponentLink2Description"; Value = "https://datasheet.octopart.com:443/C2012X7R1H104K085AA-TDK-datasheet-151546523.pdf?src-supplier=ODG+(Origin+Data+Global)"; VariantName = "[No Variations]"
Add component (AddParameter): Name = "ComponentLink2URL"; Value = "https://datasheet.octopart.com:443/C2012X7R1H104K085AA-TDK-datasheet-151546523.pdf?src-supplier=ODG+(Origin+Data+Global)"; VariantName = "[No Variations]"
Add component (AddParameter): Name = "ComponentLink3Description"; Value = "https://datasheet.octopart.com:443/C2012X7R1H104K085AA-TDK-datasheet-41194876.pdf?src-supplier=element14+APAC"; VariantName = "[No Variations]"
Add component (AddParameter): Name = "ComponentLink3URL"; Value = "https://datasheet.octopart.com:443/C2012X7R1H104K085AA-TDK-datasheet-41194876.pdf?src-supplier=element14+APAC"; VariantName = "[No Variations]"
Add component (AddParameter): Name = "ComponentLink4Description"; Value = "https://datasheet.octopart.com:443/C2012X7R1H104K085AA-TDK-datasheet-10978788.pdf?src-supplier=element14+APAC"; VariantName = "[No Variations]"
Add component (AddParameter): Name = "ComponentLink4URL"; Value = "https://datasheet.octopart.com:443/C2012X7R1H104K085AA-TDK-datasheet-10978788.pdf?src-supplier=element14+APAC"; VariantName = "[No Variations]"
Add component (AddParameter): Name = "ComponentLink5Description"; Value = "https://datasheet.octopart.com:443/C2012X7R1H104K085AA-TDK-datasheet-13376850.pdf?src-supplier=element14+APAC"; VariantName = "[No Variations]"
Add component (AddParameter): Name = "ComponentLink5URL"; Value = "https://datasheet.octopart.com:443/C2012X7R1H104K085AA-TDK-datasheet-13376850.pdf?src-supplier=element14+APAC"; VariantName = "[No Variations]"
Add component (AddParameter): Name = "ComponentLink6Description"; Value = "https://datasheet.octopart.com:443/C2012X7R1H104K085AA-TDK-datasheet-41169347.pdf?src-supplier=element14+APAC"; VariantName = "[No Variations]"
Add component (AddParameter): Name = "ComponentLink6URL"; Value = "https://datasheet.octopart.com:443/C2012X7R1H104K085AA-TDK-datasheet-41169347.pdf?src-supplier=element14+APAC"; VariantName = "[No Variations]"
Add component (AddParameter): Name = "ComponentLink7Description"; Value = "https://datasheet.octopart.com:443/C2012X7R1H104K085AA-TDK-datasheet-82475248.pdf?src-supplier=Newark"; VariantName = "[No Variations]"
Add component (AddParameter): Name = "ComponentLink7URL"; Value = "https://datasheet.octopart.com:443/C2012X7R1H104K085AA-TDK-datasheet-82475248.pdf?src-supplier=Newark"; VariantName = "[No Variations]"
Add component (AddParameter): Name = "ComponentLink8Description"; Value = "https://datasheet.octopart.com:443/C2012X7R1H104K085AA-TDK-datasheet-13444418.pdf?src-supplier=Newark"; VariantName = "[No Variations]"
Add component (AddParameter): Name = "ComponentLink8URL"; Value = "https://datasheet.octopart.com:443/C2012X7R1H104K085AA-TDK-datasheet-13444418.pdf?src-supplier=Newark"; VariantName = "[No Variations]"
Add component (AddParameter): Name = "ComponentLink9Description"; Value = "https://datasheet.octopart.com:443/C2012X7R1H104K085AA-TDK-datasheet-23766614.pdf?src-supplier=Newark"; VariantName = "[No Variations]"
Add component (AddParameter): Name = "ComponentLink9URL"; Value = "https://datasheet.octopart.com:443/C2012X7R1H104K085AA-TDK-datasheet-23766614.pdf?src-supplier=Newark"; VariantName = "[No Variations]"
Add component (AddParameter): Name = "ComponentLink10Description"; Value = "https://datasheet.octopart.com:443/C2012X7R1H104K085AA-TDK-datasheet-12509848.pdf?src-supplier=Future+Electronics"; VariantName = "[No Variations]"
Add component (AddParameter): Name = "ComponentLink10URL"; Value = "https://datasheet.octopart.com:443/C2012X7R1H104K085AA-TDK-datasheet-12509848.pdf?src-supplier=Future+Electronics"; VariantName = "[No Variations]"
Add component (AddParameter): Name = "ComponentLink11Description"; Value = "https://datasheet.octopart.com:443/C2012X7R1H104K085AA-TDK-datasheet-8852320.pdf?src-supplier=Future+Electronics"; VariantName = "[No Variations]"
Add component (AddParameter): Name = "ComponentLink11URL"; Value = "https://datasheet.octopart.com:443/C2012X7R1H104K085AA-TDK-datasheet-8852320.pdf?src-supplier=Future+Electronics"; VariantName = "[No Variations]"
Add component (AddParameter): Name = "ComponentLink12Description"; Value = "https://datasheet.octopart.com:443/C2012X7R1H104K085AA-TDK-datasheet-8359770.pdf?src-supplier=Future+Electronics"; VariantName = "[No Variations]"
Add component (AddParameter): Name = "ComponentLink12URL"; Value = "https://datasheet.octopart.com:443/C2012X7R1H104K085AA-TDK-datasheet-8359770.pdf?src-supplier=Future+Electronics"; VariantName = "[No Variations]"
Add component (AddParameter): Name = "ComponentLink13Description"; Value = "https://datasheet.octopart.com:443/C2012X7R1H104K085AA-TDK-datasheet-8324322.pdf?src-supplier=Future+Electronics"; VariantName = "[No Variations]"
Add component (AddParameter): Name = "ComponentLink13URL"; Value = "https://datasheet.octopart.com:443/C2012X7R1H104K085AA-TDK-datasheet-8324322.pdf?src-supplier=Future+Electronics"; VariantName = "[No Variations]"
Add component (AddParameter): Name = "ComponentLink14Description"; Value = "https://datasheet.octopart.com:443/C2012X7R1H104K085AA-TDK-datasheet-128946.pdf?src-supplier=Future+Electronics"; VariantName = "[No Variations]"
Add component (AddParameter): Name = "ComponentLink14URL"; Value = "https://datasheet.octopart.com:443/C2012X7R1H104K085AA-TDK-datasheet-128946.pdf?src-supplier=Future+Electronics"; VariantName = "[No Variations]"
Add component (AddParameter): Name = "ComponentLink15Description"; Value = "https://datasheet.octopart.com:443/C2012X7R1H104K085AA-TDK-datasheet-11730548.pdf?src-supplier=Electro+Sonic"; VariantName = "[No Variations]"
Add component (AddParameter): Name = "ComponentLink15URL"; Value = "https://datasheet.octopart.com:443/C2012X7R1H104K085AA-TDK-datasheet-11730548.pdf?src-supplier=Electro+Sonic"; VariantName = "[No Variations]"
Add component (AddParameter): Name = "Composition"; Value = "Ceramic"; VariantName = "[No Variations]"
Add component (AddParameter): Name = "Depth"; Value = "1.25mm"; VariantName = "[No Variations]"
Add component (AddParameter): Name = "Dielectric"; Value = "X7R"; VariantName = "[No Variations]"
Add component (AddParameter): Name = "Dielectric Material"; Value = "Ceramic"; VariantName = "[No Variations]"
Add component (AddParameter): Name = "Export Control Classification Number (ECCN) Code"; Value = "EAR99"; VariantName = "[No Variations]"
Add component (AddParameter): Name = "Harmonized Tariff Schedule (HTS) Code"; Value = "8532.24.00.20"; VariantName = "[No Variations]"
Add component (AddParameter): Name = "Height"; Value = "850µm"; VariantName = "[No Variations]"
Add component (AddParameter): Name = "Introduction Date"; Value = "2012-08-21"; VariantName = "[No Variations]"
Add component (AddParameter): Name = "Lead Free"; Value = "Lead Free"; VariantName = "[No Variations]"
Add component (AddParameter): Name = "Length"; Value = "2mm"; VariantName = "[No Variations]"
Add component (AddParameter): Name = "Lifecycle Status"; Value = "NRND"; VariantName = "[No Variations]"
Add component (AddParameter): Name = "Manufacturer"; Value = "TDK"; VariantName = "[No Variations]"
Add component (AddParameter): Name = "Manufacturer Lifecycle Status"; Value = "PRODUCTION (NOT RECOMMENDED FOR NEW DESIGN)"; VariantName = "[No Variations]"
Add component (AddParameter): Name = "Manufacturer Part Number"; Value = "C2012X7R1H104K085AA"; VariantName = "[No Variations]"
Add component (AddParameter): Name = "Material"; Value = "Ceramic"; VariantName = "[No Variations]"
Add component (AddParameter): Name = "Max Length"; Value = "2.2mm"; VariantName = "[No Variations]"
Add component (AddParameter): Name = "Max Operating Temperature"; Value = "125°C"; VariantName = "[No Variations]"
Add component (AddParameter): Name = "Max Width"; Value = "1.45mm"; VariantName = "[No Variations]"
Add component (AddParameter): Name = "Min Length"; Value = "1.8mm"; VariantName = "[No Variations]"
Add component (AddParameter): Name = "Min Operating Temperature"; Value = "-55°C"; VariantName = "[No Variations]"
Add component (AddParameter): Name = "Min Width"; Value = "1.05mm"; VariantName = "[No Variations]"
Add component (AddParameter): Name = "Mounting Technology"; Value = "Surface Mount"; VariantName = "[No Variations]"
Add component (AddParameter): Name = "Number of Terminals"; Value = "2"; VariantName = "[No Variations]"
Add component (AddParameter): Name = "Pins"; Value = "2"; VariantName = "[No Variations]"
Add component (AddParameter): Name = "Pricing"; Value = "1=0.12, 10=0.069, 50=0.0482, 100=0.0418, 500=0.03104, 1000=0.02773 (USD)"; VariantName = "[No Variations]"
Add component (AddParameter): Name = "Radiation Hardening"; Value = "No"; VariantName = "[No Variations]"
Add component (AddParameter): Name = "REACH SVHC"; Value = "Yes"; VariantName = "[No Variations]"
Add component (AddParameter): Name = "RoHS"; Value = "Compliant"; VariantName = "[No Variations]"
Add component (AddParameter): Name = "Schedule B"; Value = "8532240020, 8532240020|8532240020|8532240020|8532240020|8532240020"; VariantName = "[No Variations]"
Add component (AddParameter): Name = "Stock"; Value = "478758"; VariantName = "[No Variations]"
Add component (AddParameter): Name = "Supplier"; Value = "DigiKey"; VariantName = "[No Variations]"
Add component (AddParameter): Name = "Supplier Part Number"; Value = "445-7534-1-ND"; VariantName = "[No Variations]"
Add component (AddParameter): Name = "Termination"; Value = "SMD/SMT"; VariantName = "[No Variations]"
Add component (AddParameter): Name = "Tolerance"; Value = "10%"; VariantName = "[No Variations]"
Add component (AddParameter): Name = "Value"; Value = "100nF"; VariantName = "[No Variations]"
Add component (AddParameter): Name = "Voltage"; Value = "50V"; VariantName = "[No Variations]"
Add component (AddParameter): Name = "Voltage Rating"; Value = "50V"; VariantName = "[No Variations]"
Add component (AddParameter): Name = "Voltage Rating (DC)"; Value = "50V"; VariantName = "[No Variations]"
Add component (AddParameter): Name = "Weight"; Value = "5.499807mg"; VariantName = "[No Variations]"
Add component (AddParameter): Name = "Width"; Value = "1.25mm"; VariantName = "[No Variations]"
Added Component: Designator=C6(C0805)
Add component (AddParameter): Name = "Case Code (Imperial)"; Value = "0805"; VariantName = "[No Variations]"
Add component (AddParameter): Name = "Case Code (Metric)"; Value = "2012"; VariantName = "[No Variations]"
Add component (AddParameter): Name = "Case/Package"; Value = "0805"; VariantName = "[No Variations]"
Add component (AddParameter): Name = "Category"; Value = "Ceramic Capacitors"; VariantName = "[No Variations]"
Add component (AddParameter): Name = "China RoHS"; Value = "Compliant"; VariantName = "[No Variations]"
Add component (AddParameter): Name = "ComponentLink1Description"; Value = "https://datasheet.octopart.com:443/C2012X7R1H104K085AA-TDK-datasheet-175423548.pdf?src-supplier=IHS"; VariantName = "[No Variations]"
Add component (AddParameter): Name = "ComponentLink1URL"; Value = "https://datasheet.octopart.com:443/C2012X7R1H104K085AA-TDK-datasheet-175423548.pdf?src-supplier=IHS"; VariantName = "[No Variations]"
Add component (AddParameter): Name = "ComponentLink2Description"; Value = "https://datasheet.octopart.com:443/C2012X7R1H104K085AA-TDK-datasheet-151546523.pdf?src-supplier=ODG+(Origin+Data+Global)"; VariantName = "[No Variations]"
Add component (AddParameter): Name = "ComponentLink2URL"; Value = "https://datasheet.octopart.com:443/C2012X7R1H104K085AA-TDK-datasheet-151546523.pdf?src-supplier=ODG+(Origin+Data+Global)"; VariantName = "[No Variations]"
Add component (AddParameter): Name = "ComponentLink3Description"; Value = "https://datasheet.octopart.com:443/C2012X7R1H104K085AA-TDK-datasheet-41194876.pdf?src-supplier=element14+APAC"; VariantName = "[No Variations]"
Add component (AddParameter): Name = "ComponentLink3URL"; Value = "https://datasheet.octopart.com:443/C2012X7R1H104K085AA-TDK-datasheet-41194876.pdf?src-supplier=element14+APAC"; VariantName = "[No Variations]"
Add component (AddParameter): Name = "ComponentLink4Description"; Value = "https://datasheet.octopart.com:443/C2012X7R1H104K085AA-TDK-datasheet-10978788.pdf?src-supplier=element14+APAC"; VariantName = "[No Variations]"
Add component (AddParameter): Name = "ComponentLink4URL"; Value = "https://datasheet.octopart.com:443/C2012X7R1H104K085AA-TDK-datasheet-10978788.pdf?src-supplier=element14+APAC"; VariantName = "[No Variations]"
Add component (AddParameter): Name = "ComponentLink5Description"; Value = "https://datasheet.octopart.com:443/C2012X7R1H104K085AA-TDK-datasheet-13376850.pdf?src-supplier=element14+APAC"; VariantName = "[No Variations]"
Add component (AddParameter): Name = "ComponentLink5URL"; Value = "https://datasheet.octopart.com:443/C2012X7R1H104K085AA-TDK-datasheet-13376850.pdf?src-supplier=element14+APAC"; VariantName = "[No Variations]"
Add component (AddParameter): Name = "ComponentLink6Description"; Value = "https://datasheet.octopart.com:443/C2012X7R1H104K085AA-TDK-datasheet-41169347.pdf?src-supplier=element14+APAC"; VariantName = "[No Variations]"
Add component (AddParameter): Name = "ComponentLink6URL"; Value = "https://datasheet.octopart.com:443/C2012X7R1H104K085AA-TDK-datasheet-41169347.pdf?src-supplier=element14+APAC"; VariantName = "[No Variations]"
Add component (AddParameter): Name = "ComponentLink7Description"; Value = "https://datasheet.octopart.com:443/C2012X7R1H104K085AA-TDK-datasheet-82475248.pdf?src-supplier=Newark"; VariantName = "[No Variations]"
Add component (AddParameter): Name = "ComponentLink7URL"; Value = "https://datasheet.octopart.com:443/C2012X7R1H104K085AA-TDK-datasheet-82475248.pdf?src-supplier=Newark"; VariantName = "[No Variations]"
Add component (AddParameter): Name = "ComponentLink8Description"; Value = "https://datasheet.octopart.com:443/C2012X7R1H104K085AA-TDK-datasheet-13444418.pdf?src-supplier=Newark"; VariantName = "[No Variations]"
Add component (AddParameter): Name = "ComponentLink8URL"; Value = "https://datasheet.octopart.com:443/C2012X7R1H104K085AA-TDK-datasheet-13444418.pdf?src-supplier=Newark"; VariantName = "[No Variations]"
Add component (AddParameter): Name = "ComponentLink9Description"; Value = "https://datasheet.octopart.com:443/C2012X7R1H104K085AA-TDK-datasheet-23766614.pdf?src-supplier=Newark"; VariantName = "[No Variations]"
Add component (AddParameter): Name = "ComponentLink9URL"; Value = "https://datasheet.octopart.com:443/C2012X7R1H104K085AA-TDK-datasheet-23766614.pdf?src-supplier=Newark"; VariantName = "[No Variations]"
Add component (AddParameter): Name = "ComponentLink10Description"; Value = "https://datasheet.octopart.com:443/C2012X7R1H104K085AA-TDK-datasheet-12509848.pdf?src-supplier=Future+Electronics"; VariantName = "[No Variations]"
Add component (AddParameter): Name = "ComponentLink10URL"; Value = "https://datasheet.octopart.com:443/C2012X7R1H104K085AA-TDK-datasheet-12509848.pdf?src-supplier=Future+Electronics"; VariantName = "[No Variations]"
Add component (AddParameter): Name = "ComponentLink11Description"; Value = "https://datasheet.octopart.com:443/C2012X7R1H104K085AA-TDK-datasheet-8852320.pdf?src-supplier=Future+Electronics"; VariantName = "[No Variations]"
Add component (AddParameter): Name = "ComponentLink11URL"; Value = "https://datasheet.octopart.com:443/C2012X7R1H104K085AA-TDK-datasheet-8852320.pdf?src-supplier=Future+Electronics"; VariantName = "[No Variations]"
Add component (AddParameter): Name = "ComponentLink12Description"; Value = "https://datasheet.octopart.com:443/C2012X7R1H104K085AA-TDK-datasheet-8359770.pdf?src-supplier=Future+Electronics"; VariantName = "[No Variations]"
Add component (AddParameter): Name = "ComponentLink12URL"; Value = "https://datasheet.octopart.com:443/C2012X7R1H104K085AA-TDK-datasheet-8359770.pdf?src-supplier=Future+Electronics"; VariantName = "[No Variations]"
Add component (AddParameter): Name = "ComponentLink13Description"; Value = "https://datasheet.octopart.com:443/C2012X7R1H104K085AA-TDK-datasheet-8324322.pdf?src-supplier=Future+Electronics"; VariantName = "[No Variations]"
Add component (AddParameter): Name = "ComponentLink13URL"; Value = "https://datasheet.octopart.com:443/C2012X7R1H104K085AA-TDK-datasheet-8324322.pdf?src-supplier=Future+Electronics"; VariantName = "[No Variations]"
Add component (AddParameter): Name = "ComponentLink14Description"; Value = "https://datasheet.octopart.com:443/C2012X7R1H104K085AA-TDK-datasheet-128946.pdf?src-supplier=Future+Electronics"; VariantName = "[No Variations]"
Add component (AddParameter): Name = "ComponentLink14URL"; Value = "https://datasheet.octopart.com:443/C2012X7R1H104K085AA-TDK-datasheet-128946.pdf?src-supplier=Future+Electronics"; VariantName = "[No Variations]"
Add component (AddParameter): Name = "ComponentLink15Description"; Value = "https://datasheet.octopart.com:443/C2012X7R1H104K085AA-TDK-datasheet-11730548.pdf?src-supplier=Electro+Sonic"; VariantName = "[No Variations]"
Add component (AddParameter): Name = "ComponentLink15URL"; Value = "https://datasheet.octopart.com:443/C2012X7R1H104K085AA-TDK-datasheet-11730548.pdf?src-supplier=Electro+Sonic"; VariantName = "[No Variations]"
Add component (AddParameter): Name = "Composition"; Value = "Ceramic"; VariantName = "[No Variations]"
Add component (AddParameter): Name = "Depth"; Value = "1.25mm"; VariantName = "[No Variations]"
Add component (AddParameter): Name = "Dielectric"; Value = "X7R"; VariantName = "[No Variations]"
Add component (AddParameter): Name = "Dielectric Material"; Value = "Ceramic"; VariantName = "[No Variations]"
Add component (AddParameter): Name = "Export Control Classification Number (ECCN) Code"; Value = "EAR99"; VariantName = "[No Variations]"
Add component (AddParameter): Name = "Harmonized Tariff Schedule (HTS) Code"; Value = "8532.24.00.20"; VariantName = "[No Variations]"
Add component (AddParameter): Name = "Height"; Value = "850µm"; VariantName = "[No Variations]"
Add component (AddParameter): Name = "Introduction Date"; Value = "2012-08-21"; VariantName = "[No Variations]"
Add component (AddParameter): Name = "Lead Free"; Value = "Lead Free"; VariantName = "[No Variations]"
Add component (AddParameter): Name = "Length"; Value = "2mm"; VariantName = "[No Variations]"
Add component (AddParameter): Name = "Lifecycle Status"; Value = "NRND"; VariantName = "[No Variations]"
Add component (AddParameter): Name = "Manufacturer"; Value = "TDK"; VariantName = "[No Variations]"
Add component (AddParameter): Name = "Manufacturer Lifecycle Status"; Value = "PRODUCTION (NOT RECOMMENDED FOR NEW DESIGN)"; VariantName = "[No Variations]"
Add component (AddParameter): Name = "Manufacturer Part Number"; Value = "C2012X7R1H104K085AA"; VariantName = "[No Variations]"
Add component (AddParameter): Name = "Material"; Value = "Ceramic"; VariantName = "[No Variations]"
Add component (AddParameter): Name = "Max Length"; Value = "2.2mm"; VariantName = "[No Variations]"
Add component (AddParameter): Name = "Max Operating Temperature"; Value = "125°C"; VariantName = "[No Variations]"
Add component (AddParameter): Name = "Max Width"; Value = "1.45mm"; VariantName = "[No Variations]"
Add component (AddParameter): Name = "Min Length"; Value = "1.8mm"; VariantName = "[No Variations]"
Add component (AddParameter): Name = "Min Operating Temperature"; Value = "-55°C"; VariantName = "[No Variations]"
Add component (AddParameter): Name = "Min Width"; Value = "1.05mm"; VariantName = "[No Variations]"
Add component (AddParameter): Name = "Mounting Technology"; Value = "Surface Mount"; VariantName = "[No Variations]"
Add component (AddParameter): Name = "Number of Terminals"; Value = "2"; VariantName = "[No Variations]"
Add component (AddParameter): Name = "Pins"; Value = "2"; VariantName = "[No Variations]"
Add component (AddParameter): Name = "Pricing"; Value = "1=0.12, 10=0.069, 50=0.0482, 100=0.0418, 500=0.03104, 1000=0.02773 (USD)"; VariantName = "[No Variations]"
Add component (AddParameter): Name = "Radiation Hardening"; Value = "No"; VariantName = "[No Variations]"
Add component (AddParameter): Name = "REACH SVHC"; Value = "Yes"; VariantName = "[No Variations]"
Add component (AddParameter): Name = "RoHS"; Value = "Compliant"; VariantName = "[No Variations]"
Add component (AddParameter): Name = "Schedule B"; Value = "8532240020, 8532240020|8532240020|8532240020|8532240020|8532240020"; VariantName = "[No Variations]"
Add component (AddParameter): Name = "Stock"; Value = "478758"; VariantName = "[No Variations]"
Add component (AddParameter): Name = "Supplier"; Value = "DigiKey"; VariantName = "[No Variations]"
Add component (AddParameter): Name = "Supplier Part Number"; Value = "445-7534-1-ND"; VariantName = "[No Variations]"
Add component (AddParameter): Name = "Termination"; Value = "SMD/SMT"; VariantName = "[No Variations]"
Add component (AddParameter): Name = "Tolerance"; Value = "10%"; VariantName = "[No Variations]"
Add component (AddParameter): Name = "Value"; Value = "100nF"; VariantName = "[No Variations]"
Add component (AddParameter): Name = "Voltage"; Value = "50V"; VariantName = "[No Variations]"
Add component (AddParameter): Name = "Voltage Rating"; Value = "50V"; VariantName = "[No Variations]"
Add component (AddParameter): Name = "Voltage Rating (DC)"; Value = "50V"; VariantName = "[No Variations]"
Add component (AddParameter): Name = "Weight"; Value = "5.499807mg"; VariantName = "[No Variations]"
Add component (AddParameter): Name = "Width"; Value = "1.25mm"; VariantName = "[No Variations]"
Added Component: Designator=C7(C0805)
Add component (AddParameter): Name = "Case Code (Imperial)"; Value = "0805"; VariantName = "[No Variations]"
Add component (AddParameter): Name = "Case Code (Metric)"; Value = "2012"; VariantName = "[No Variations]"
Add component (AddParameter): Name = "Case/Package"; Value = "0805"; VariantName = "[No Variations]"
Add component (AddParameter): Name = "Category"; Value = "Ceramic Capacitors"; VariantName = "[No Variations]"
Add component (AddParameter): Name = "China RoHS"; Value = "Compliant"; VariantName = "[No Variations]"
Add component (AddParameter): Name = "ComponentLink1Description"; Value = "https://datasheet.octopart.com:443/C2012X5R1C106K085AC-TDK-datasheet-175423548.pdf?src-supplier=IHS"; VariantName = "[No Variations]"
Add component (AddParameter): Name = "ComponentLink1URL"; Value = "https://datasheet.octopart.com:443/C2012X5R1C106K085AC-TDK-datasheet-175423548.pdf?src-supplier=IHS"; VariantName = "[No Variations]"
Add component (AddParameter): Name = "ComponentLink2Description"; Value = "https://datasheet.octopart.com:443/C2012X5R1C106K085AC-TDK-datasheet-151546523.pdf?src-supplier=ODG+(Origin+Data+Global)"; VariantName = "[No Variations]"
Add component (AddParameter): Name = "ComponentLink2URL"; Value = "https://datasheet.octopart.com:443/C2012X5R1C106K085AC-TDK-datasheet-151546523.pdf?src-supplier=ODG+(Origin+Data+Global)"; VariantName = "[No Variations]"
Add component (AddParameter): Name = "ComponentLink3Description"; Value = "https://datasheet.octopart.com/C2012X5R1C106K085AC-TDK-datasheet-41194876.pdf"; VariantName = "[No Variations]"
Add component (AddParameter): Name = "ComponentLink3URL"; Value = "https://datasheet.octopart.com/C2012X5R1C106K085AC-TDK-datasheet-41194876.pdf"; VariantName = "[No Variations]"
Add component (AddParameter): Name = "ComponentLink4Description"; Value = "https://datasheet.octopart.com:443/C2012X5R1C106K085AC-TDK-datasheet-82475248.pdf?src-supplier=Newark"; VariantName = "[No Variations]"
Add component (AddParameter): Name = "ComponentLink4URL"; Value = "https://datasheet.octopart.com:443/C2012X5R1C106K085AC-TDK-datasheet-82475248.pdf?src-supplier=Newark"; VariantName = "[No Variations]"
Add component (AddParameter): Name = "ComponentLink5Description"; Value = "https://datasheet.octopart.com:443/C2012X5R1C106K085AC-TDK-datasheet-23766614.pdf?src-supplier=Newark"; VariantName = "[No Variations]"
Add component (AddParameter): Name = "ComponentLink5URL"; Value = "https://datasheet.octopart.com:443/C2012X5R1C106K085AC-TDK-datasheet-23766614.pdf?src-supplier=Newark"; VariantName = "[No Variations]"
Add component (AddParameter): Name = "ComponentLink6Description"; Value = "https://datasheet.octopart.com:443/C2012X5R1C106K085AC-TDK-datasheet-20681607.pdf?src-supplier=Newark"; VariantName = "[No Variations]"
Add component (AddParameter): Name = "ComponentLink6URL"; Value = "https://datasheet.octopart.com:443/C2012X5R1C106K085AC-TDK-datasheet-20681607.pdf?src-supplier=Newark"; VariantName = "[No Variations]"
Add component (AddParameter): Name = "ComponentLink7Description"; Value = "https://datasheet.octopart.com:443/C2012X5R1C106K085AC-TDK-datasheet-13444418.pdf?src-supplier=Newark"; VariantName = "[No Variations]"
Add component (AddParameter): Name = "ComponentLink7URL"; Value = "https://datasheet.octopart.com:443/C2012X5R1C106K085AC-TDK-datasheet-13444418.pdf?src-supplier=Newark"; VariantName = "[No Variations]"
Add component (AddParameter): Name = "ComponentLink8Description"; Value = "https://datasheet.octopart.com:443/C2012X5R1C106K085AC-TDK-datasheet-12509848.pdf?src-supplier=Future+Electronics"; VariantName = "[No Variations]"
Add component (AddParameter): Name = "ComponentLink8URL"; Value = "https://datasheet.octopart.com:443/C2012X5R1C106K085AC-TDK-datasheet-12509848.pdf?src-supplier=Future+Electronics"; VariantName = "[No Variations]"
Add component (AddParameter): Name = "ComponentLink9Description"; Value = "https://datasheet.octopart.com:443/C2012X5R1C106K085AC-TDK-datasheet-10978788.pdf?src-supplier=Future+Electronics"; VariantName = "[No Variations]"
Add component (AddParameter): Name = "ComponentLink9URL"; Value = "https://datasheet.octopart.com:443/C2012X5R1C106K085AC-TDK-datasheet-10978788.pdf?src-supplier=Future+Electronics"; VariantName = "[No Variations]"
Add component (AddParameter): Name = "ComponentLink10Description"; Value = "https://datasheet.octopart.com:443/C2012X5R1C106K085AC-TDK-datasheet-8852320.pdf?src-supplier=Future+Electronics"; VariantName = "[No Variations]"
Add component (AddParameter): Name = "ComponentLink10URL"; Value = "https://datasheet.octopart.com:443/C2012X5R1C106K085AC-TDK-datasheet-8852320.pdf?src-supplier=Future+Electronics"; VariantName = "[No Variations]"
Add component (AddParameter): Name = "ComponentLink11Description"; Value = "https://datasheet.octopart.com:443/C2012X5R1C106K085AC-TDK-datasheet-8359770.pdf?src-supplier=Future+Electronics"; VariantName = "[No Variations]"
Add component (AddParameter): Name = "ComponentLink11URL"; Value = "https://datasheet.octopart.com:443/C2012X5R1C106K085AC-TDK-datasheet-8359770.pdf?src-supplier=Future+Electronics"; VariantName = "[No Variations]"
Add component (AddParameter): Name = "ComponentLink12Description"; Value = "https://datasheet.octopart.com:443/C2012X5R1C106K085AC-TDK-datasheet-8324322.pdf?src-supplier=Future+Electronics"; VariantName = "[No Variations]"
Add component (AddParameter): Name = "ComponentLink12URL"; Value = "https://datasheet.octopart.com:443/C2012X5R1C106K085AC-TDK-datasheet-8324322.pdf?src-supplier=Future+Electronics"; VariantName = "[No Variations]"
Add component (AddParameter): Name = "ComponentLink13Description"; Value = "https://datasheet.octopart.com:443/C2012X5R1C106K085AC-TDK-datasheet-128946.pdf?src-supplier=Future+Electronics"; VariantName = "[No Variations]"
Add component (AddParameter): Name = "ComponentLink13URL"; Value = "https://datasheet.octopart.com:443/C2012X5R1C106K085AC-TDK-datasheet-128946.pdf?src-supplier=Future+Electronics"; VariantName = "[No Variations]"
Add component (AddParameter): Name = "Composition"; Value = "Ceramic"; VariantName = "[No Variations]"
Add component (AddParameter): Name = "Depth"; Value = "1.25mm"; VariantName = "[No Variations]"
Add component (AddParameter): Name = "Dielectric"; Value = "X5R"; VariantName = "[No Variations]"
Add component (AddParameter): Name = "Dielectric Material"; Value = "Ceramic"; VariantName = "[No Variations]"
Add component (AddParameter): Name = "Export Control Classification Number (ECCN) Code"; Value = "EAR99"; VariantName = "[No Variations]"
Add component (AddParameter): Name = "Harmonized Tariff Schedule (HTS) Code"; Value = "8532.24.00.20"; VariantName = "[No Variations]"
Add component (AddParameter): Name = "Height"; Value = "850µm"; VariantName = "[No Variations]"
Add component (AddParameter): Name = "Introduction Date"; Value = "2012-08-21"; VariantName = "[No Variations]"
Add component (AddParameter): Name = "Lead Free"; Value = "Lead Free"; VariantName = "[No Variations]"
Add component (AddParameter): Name = "Length"; Value = "2mm"; VariantName = "[No Variations]"
Add component (AddParameter): Name = "Lifecycle Status"; Value = "NRND"; VariantName = "[No Variations]"
Add component (AddParameter): Name = "Manufacturer"; Value = "TDK"; VariantName = "[No Variations]"
Add component (AddParameter): Name = "Manufacturer Lifecycle Status"; Value = "PRODUCTION (NOT RECOMMENDED FOR NEW DESIGN)"; VariantName = "[No Variations]"
Add component (AddParameter): Name = "Manufacturer Part Number"; Value = "C2012X5R1C106K085AC"; VariantName = "[No Variations]"
Add component (AddParameter): Name = "Material"; Value = "Ceramic"; VariantName = "[No Variations]"
Add component (AddParameter): Name = "Max Length"; Value = "2.2mm"; VariantName = "[No Variations]"
Add component (AddParameter): Name = "Max Operating Temperature"; Value = "85°C"; VariantName = "[No Variations]"
Add component (AddParameter): Name = "Max Width"; Value = "1.45mm"; VariantName = "[No Variations]"
Add component (AddParameter): Name = "Min Length"; Value = "1.8mm"; VariantName = "[No Variations]"
Add component (AddParameter): Name = "Min Operating Temperature"; Value = "-55°C"; VariantName = "[No Variations]"
Add component (AddParameter): Name = "Min Width"; Value = "1.05mm"; VariantName = "[No Variations]"
Add component (AddParameter): Name = "Mounting Technology"; Value = "Surface Mount"; VariantName = "[No Variations]"
Add component (AddParameter): Name = "Number of Terminals"; Value = "2"; VariantName = "[No Variations]"
Add component (AddParameter): Name = "Pins"; Value = "2"; VariantName = "[No Variations]"
Add component (AddParameter): Name = "Pricing"; Value = "1=0.21, 10=0.121, 50=0.0866, 100=0.076, 500=0.05824, 1000=0.05277 (USD)"; VariantName = "[No Variations]"
Add component (AddParameter): Name = "REACH SVHC"; Value = "Yes"; VariantName = "[No Variations]"
Add component (AddParameter): Name = "RoHS"; Value = "Compliant"; VariantName = "[No Variations]"
Add component (AddParameter): Name = "Schedule B"; Value = "8532240020, 8532240020|8532240020|8532240020|8532240020|8532240020"; VariantName = "[No Variations]"
Add component (AddParameter): Name = "Stock"; Value = "446443"; VariantName = "[No Variations]"
Add component (AddParameter): Name = "Supplier"; Value = "DigiKey"; VariantName = "[No Variations]"
Add component (AddParameter): Name = "Supplier Part Number"; Value = "445-7644-1-ND"; VariantName = "[No Variations]"
Add component (AddParameter): Name = "Termination"; Value = "SMD/SMT"; VariantName = "[No Variations]"
Add component (AddParameter): Name = "Tolerance"; Value = "10%"; VariantName = "[No Variations]"
Add component (AddParameter): Name = "Value"; Value = "10µF"; VariantName = "[No Variations]"
Add component (AddParameter): Name = "Voltage Rating"; Value = "16V"; VariantName = "[No Variations]"
Add component (AddParameter): Name = "Voltage Rating (DC)"; Value = "16V"; VariantName = "[No Variations]"
Add component (AddParameter): Name = "Weight"; Value = "5.499807mg"; VariantName = "[No Variations]"
Add component (AddParameter): Name = "Width"; Value = "1.25mm"; VariantName = "[No Variations]"
Added Component: Designator=C8(C0805)
Add component (AddParameter): Name = "Case Code (Imperial)"; Value = "0805"; VariantName = "[No Variations]"
Add component (AddParameter): Name = "Case Code (Metric)"; Value = "2012"; VariantName = "[No Variations]"
Add component (AddParameter): Name = "Case/Package"; Value = "0805"; VariantName = "[No Variations]"
Add component (AddParameter): Name = "Category"; Value = "Ceramic Capacitors"; VariantName = "[No Variations]"
Add component (AddParameter): Name = "China RoHS"; Value = "Compliant"; VariantName = "[No Variations]"
Add component (AddParameter): Name = "ComponentLink1Description"; Value = "https://datasheet.octopart.com:443/C2012X7R1H104K085AA-TDK-datasheet-175423548.pdf?src-supplier=IHS"; VariantName = "[No Variations]"
Add component (AddParameter): Name = "ComponentLink1URL"; Value = "https://datasheet.octopart.com:443/C2012X7R1H104K085AA-TDK-datasheet-175423548.pdf?src-supplier=IHS"; VariantName = "[No Variations]"
Add component (AddParameter): Name = "ComponentLink2Description"; Value = "https://datasheet.octopart.com:443/C2012X7R1H104K085AA-TDK-datasheet-151546523.pdf?src-supplier=ODG+(Origin+Data+Global)"; VariantName = "[No Variations]"
Add component (AddParameter): Name = "ComponentLink2URL"; Value = "https://datasheet.octopart.com:443/C2012X7R1H104K085AA-TDK-datasheet-151546523.pdf?src-supplier=ODG+(Origin+Data+Global)"; VariantName = "[No Variations]"
Add component (AddParameter): Name = "ComponentLink3Description"; Value = "https://datasheet.octopart.com:443/C2012X7R1H104K085AA-TDK-datasheet-41194876.pdf?src-supplier=element14+APAC"; VariantName = "[No Variations]"
Add component (AddParameter): Name = "ComponentLink3URL"; Value = "https://datasheet.octopart.com:443/C2012X7R1H104K085AA-TDK-datasheet-41194876.pdf?src-supplier=element14+APAC"; VariantName = "[No Variations]"
Add component (AddParameter): Name = "ComponentLink4Description"; Value = "https://datasheet.octopart.com:443/C2012X7R1H104K085AA-TDK-datasheet-10978788.pdf?src-supplier=element14+APAC"; VariantName = "[No Variations]"
Add component (AddParameter): Name = "ComponentLink4URL"; Value = "https://datasheet.octopart.com:443/C2012X7R1H104K085AA-TDK-datasheet-10978788.pdf?src-supplier=element14+APAC"; VariantName = "[No Variations]"
Add component (AddParameter): Name = "ComponentLink5Description"; Value = "https://datasheet.octopart.com:443/C2012X7R1H104K085AA-TDK-datasheet-13376850.pdf?src-supplier=element14+APAC"; VariantName = "[No Variations]"
Add component (AddParameter): Name = "ComponentLink5URL"; Value = "https://datasheet.octopart.com:443/C2012X7R1H104K085AA-TDK-datasheet-13376850.pdf?src-supplier=element14+APAC"; VariantName = "[No Variations]"
Add component (AddParameter): Name = "ComponentLink6Description"; Value = "https://datasheet.octopart.com:443/C2012X7R1H104K085AA-TDK-datasheet-41169347.pdf?src-supplier=element14+APAC"; VariantName = "[No Variations]"
Add component (AddParameter): Name = "ComponentLink6URL"; Value = "https://datasheet.octopart.com:443/C2012X7R1H104K085AA-TDK-datasheet-41169347.pdf?src-supplier=element14+APAC"; VariantName = "[No Variations]"
Add component (AddParameter): Name = "ComponentLink7Description"; Value = "https://datasheet.octopart.com:443/C2012X7R1H104K085AA-TDK-datasheet-82475248.pdf?src-supplier=Newark"; VariantName = "[No Variations]"
Add component (AddParameter): Name = "ComponentLink7URL"; Value = "https://datasheet.octopart.com:443/C2012X7R1H104K085AA-TDK-datasheet-82475248.pdf?src-supplier=Newark"; VariantName = "[No Variations]"
Add component (AddParameter): Name = "ComponentLink8Description"; Value = "https://datasheet.octopart.com:443/C2012X7R1H104K085AA-TDK-datasheet-13444418.pdf?src-supplier=Newark"; VariantName = "[No Variations]"
Add component (AddParameter): Name = "ComponentLink8URL"; Value = "https://datasheet.octopart.com:443/C2012X7R1H104K085AA-TDK-datasheet-13444418.pdf?src-supplier=Newark"; VariantName = "[No Variations]"
Add component (AddParameter): Name = "ComponentLink9Description"; Value = "https://datasheet.octopart.com:443/C2012X7R1H104K085AA-TDK-datasheet-23766614.pdf?src-supplier=Newark"; VariantName = "[No Variations]"
Add component (AddParameter): Name = "ComponentLink9URL"; Value = "https://datasheet.octopart.com:443/C2012X7R1H104K085AA-TDK-datasheet-23766614.pdf?src-supplier=Newark"; VariantName = "[No Variations]"
Add component (AddParameter): Name = "ComponentLink10Description"; Value = "https://datasheet.octopart.com:443/C2012X7R1H104K085AA-TDK-datasheet-12509848.pdf?src-supplier=Future+Electronics"; VariantName = "[No Variations]"
Add component (AddParameter): Name = "ComponentLink10URL"; Value = "https://datasheet.octopart.com:443/C2012X7R1H104K085AA-TDK-datasheet-12509848.pdf?src-supplier=Future+Electronics"; VariantName = "[No Variations]"
Add component (AddParameter): Name = "ComponentLink11Description"; Value = "https://datasheet.octopart.com:443/C2012X7R1H104K085AA-TDK-datasheet-8852320.pdf?src-supplier=Future+Electronics"; VariantName = "[No Variations]"
Add component (AddParameter): Name = "ComponentLink11URL"; Value = "https://datasheet.octopart.com:443/C2012X7R1H104K085AA-TDK-datasheet-8852320.pdf?src-supplier=Future+Electronics"; VariantName = "[No Variations]"
Add component (AddParameter): Name = "ComponentLink12Description"; Value = "https://datasheet.octopart.com:443/C2012X7R1H104K085AA-TDK-datasheet-8359770.pdf?src-supplier=Future+Electronics"; VariantName = "[No Variations]"
Add component (AddParameter): Name = "ComponentLink12URL"; Value = "https://datasheet.octopart.com:443/C2012X7R1H104K085AA-TDK-datasheet-8359770.pdf?src-supplier=Future+Electronics"; VariantName = "[No Variations]"
Add component (AddParameter): Name = "ComponentLink13Description"; Value = "https://datasheet.octopart.com:443/C2012X7R1H104K085AA-TDK-datasheet-8324322.pdf?src-supplier=Future+Electronics"; VariantName = "[No Variations]"
Add component (AddParameter): Name = "ComponentLink13URL"; Value = "https://datasheet.octopart.com:443/C2012X7R1H104K085AA-TDK-datasheet-8324322.pdf?src-supplier=Future+Electronics"; VariantName = "[No Variations]"
Add component (AddParameter): Name = "ComponentLink14Description"; Value = "https://datasheet.octopart.com:443/C2012X7R1H104K085AA-TDK-datasheet-128946.pdf?src-supplier=Future+Electronics"; VariantName = "[No Variations]"
Add component (AddParameter): Name = "ComponentLink14URL"; Value = "https://datasheet.octopart.com:443/C2012X7R1H104K085AA-TDK-datasheet-128946.pdf?src-supplier=Future+Electronics"; VariantName = "[No Variations]"
Add component (AddParameter): Name = "ComponentLink15Description"; Value = "https://datasheet.octopart.com:443/C2012X7R1H104K085AA-TDK-datasheet-11730548.pdf?src-supplier=Electro+Sonic"; VariantName = "[No Variations]"
Add component (AddParameter): Name = "ComponentLink15URL"; Value = "https://datasheet.octopart.com:443/C2012X7R1H104K085AA-TDK-datasheet-11730548.pdf?src-supplier=Electro+Sonic"; VariantName = "[No Variations]"
Add component (AddParameter): Name = "Composition"; Value = "Ceramic"; VariantName = "[No Variations]"
Add component (AddParameter): Name = "Depth"; Value = "1.25mm"; VariantName = "[No Variations]"
Add component (AddParameter): Name = "Dielectric"; Value = "X7R"; VariantName = "[No Variations]"
Add component (AddParameter): Name = "Dielectric Material"; Value = "Ceramic"; VariantName = "[No Variations]"
Add component (AddParameter): Name = "Export Control Classification Number (ECCN) Code"; Value = "EAR99"; VariantName = "[No Variations]"
Add component (AddParameter): Name = "Harmonized Tariff Schedule (HTS) Code"; Value = "8532.24.00.20"; VariantName = "[No Variations]"
Add component (AddParameter): Name = "Height"; Value = "850µm"; VariantName = "[No Variations]"
Add component (AddParameter): Name = "Introduction Date"; Value = "2012-08-21"; VariantName = "[No Variations]"
Add component (AddParameter): Name = "Lead Free"; Value = "Lead Free"; VariantName = "[No Variations]"
Add component (AddParameter): Name = "Length"; Value = "2mm"; VariantName = "[No Variations]"
Add component (AddParameter): Name = "Lifecycle Status"; Value = "NRND"; VariantName = "[No Variations]"
Add component (AddParameter): Name = "Manufacturer"; Value = "TDK"; VariantName = "[No Variations]"
Add component (AddParameter): Name = "Manufacturer Lifecycle Status"; Value = "PRODUCTION (NOT RECOMMENDED FOR NEW DESIGN)"; VariantName = "[No Variations]"
Add component (AddParameter): Name = "Manufacturer Part Number"; Value = "C2012X7R1H104K085AA"; VariantName = "[No Variations]"
Add component (AddParameter): Name = "Material"; Value = "Ceramic"; VariantName = "[No Variations]"
Add component (AddParameter): Name = "Max Length"; Value = "2.2mm"; VariantName = "[No Variations]"
Add component (AddParameter): Name = "Max Operating Temperature"; Value = "125°C"; VariantName = "[No Variations]"
Add component (AddParameter): Name = "Max Width"; Value = "1.45mm"; VariantName = "[No Variations]"
Add component (AddParameter): Name = "Min Length"; Value = "1.8mm"; VariantName = "[No Variations]"
Add component (AddParameter): Name = "Min Operating Temperature"; Value = "-55°C"; VariantName = "[No Variations]"
Add component (AddParameter): Name = "Min Width"; Value = "1.05mm"; VariantName = "[No Variations]"
Add component (AddParameter): Name = "Mounting Technology"; Value = "Surface Mount"; VariantName = "[No Variations]"
Add component (AddParameter): Name = "Number of Terminals"; Value = "2"; VariantName = "[No Variations]"
Add component (AddParameter): Name = "Pins"; Value = "2"; VariantName = "[No Variations]"
Add component (AddParameter): Name = "Pricing"; Value = "1=0.12, 10=0.069, 50=0.0482, 100=0.0418, 500=0.03104, 1000=0.02773 (USD)"; VariantName = "[No Variations]"
Add component (AddParameter): Name = "Radiation Hardening"; Value = "No"; VariantName = "[No Variations]"
Add component (AddParameter): Name = "REACH SVHC"; Value = "Yes"; VariantName = "[No Variations]"
Add component (AddParameter): Name = "RoHS"; Value = "Compliant"; VariantName = "[No Variations]"
Add component (AddParameter): Name = "Schedule B"; Value = "8532240020, 8532240020|8532240020|8532240020|8532240020|8532240020"; VariantName = "[No Variations]"
Add component (AddParameter): Name = "Stock"; Value = "478758"; VariantName = "[No Variations]"
Add component (AddParameter): Name = "Supplier"; Value = "DigiKey"; VariantName = "[No Variations]"
Add component (AddParameter): Name = "Supplier Part Number"; Value = "445-7534-1-ND"; VariantName = "[No Variations]"
Add component (AddParameter): Name = "Termination"; Value = "SMD/SMT"; VariantName = "[No Variations]"
Add component (AddParameter): Name = "Tolerance"; Value = "10%"; VariantName = "[No Variations]"
Add component (AddParameter): Name = "Value"; Value = "100nF"; VariantName = "[No Variations]"
Add component (AddParameter): Name = "Voltage"; Value = "50V"; VariantName = "[No Variations]"
Add component (AddParameter): Name = "Voltage Rating"; Value = "50V"; VariantName = "[No Variations]"
Add component (AddParameter): Name = "Voltage Rating (DC)"; Value = "50V"; VariantName = "[No Variations]"
Add component (AddParameter): Name = "Weight"; Value = "5.499807mg"; VariantName = "[No Variations]"
Add component (AddParameter): Name = "Width"; Value = "1.25mm"; VariantName = "[No Variations]"
Added Component: Designator=C9(C0805)
Add component (AddParameter): Name = "Case Code (Imperial)"; Value = "0805"; VariantName = "[No Variations]"
Add component (AddParameter): Name = "Case/Package"; Value = "0805"; VariantName = "[No Variations]"
Add component (AddParameter): Name = "Category"; Value = "Ceramic Capacitors"; VariantName = "[No Variations]"
Add component (AddParameter): Name = "China RoHS"; Value = "Compliant"; VariantName = "[No Variations]"
Add component (AddParameter): Name = "ComponentLink1Description"; Value = "https://datasheet.octopart.com:443/C0805C180J5GACTU-KEMET-datasheet-178132257.pdf?src-supplier=IHS"; VariantName = "[No Variations]"
Add component (AddParameter): Name = "ComponentLink1URL"; Value = "https://datasheet.octopart.com:443/C0805C180J5GACTU-KEMET-datasheet-178132257.pdf?src-supplier=IHS"; VariantName = "[No Variations]"
Add component (AddParameter): Name = "ComponentLink2Description"; Value = "https://datasheet.octopart.com:443/C0805C180J5GACTU-KEMET-datasheet-68331921.pdf?src-supplier=element14+APAC"; VariantName = "[No Variations]"
Add component (AddParameter): Name = "ComponentLink2URL"; Value = "https://datasheet.octopart.com:443/C0805C180J5GACTU-KEMET-datasheet-68331921.pdf?src-supplier=element14+APAC"; VariantName = "[No Variations]"
Add component (AddParameter): Name = "ComponentLink3Description"; Value = "https://datasheet.octopart.com:443/C0805C180J5GACTU-Kemet-datasheet-10282724.pdf?src-supplier=element14+APAC"; VariantName = "[No Variations]"
Add component (AddParameter): Name = "ComponentLink3URL"; Value = "https://datasheet.octopart.com:443/C0805C180J5GACTU-Kemet-datasheet-10282724.pdf?src-supplier=element14+APAC"; VariantName = "[No Variations]"
Add component (AddParameter): Name = "ComponentLink4Description"; Value = "https://datasheet.octopart.com:443/C0805C180J5GACTU-KEMET-datasheet-176142321.pdf?src-supplier=element14+APAC"; VariantName = "[No Variations]"
Add component (AddParameter): Name = "ComponentLink4URL"; Value = "https://datasheet.octopart.com:443/C0805C180J5GACTU-KEMET-datasheet-176142321.pdf?src-supplier=element14+APAC"; VariantName = "[No Variations]"
Add component (AddParameter): Name = "ComponentLink5Description"; Value = "https://datasheet.octopart.com:443/C0805C180J5GACTU-KEMET-datasheet-176142314.pdf?src-supplier=element14+APAC"; VariantName = "[No Variations]"
Add component (AddParameter): Name = "ComponentLink5URL"; Value = "https://datasheet.octopart.com:443/C0805C180J5GACTU-KEMET-datasheet-176142314.pdf?src-supplier=element14+APAC"; VariantName = "[No Variations]"
Add component (AddParameter): Name = "ComponentLink6Description"; Value = "https://datasheet.octopart.com:443/C0805C180J5GACTU-KEMET-datasheet-149524055.pdf?src-supplier=Farnell"; VariantName = "[No Variations]"
Add component (AddParameter): Name = "ComponentLink6URL"; Value = "https://datasheet.octopart.com:443/C0805C180J5GACTU-KEMET-datasheet-149524055.pdf?src-supplier=Farnell"; VariantName = "[No Variations]"
Add component (AddParameter): Name = "ComponentLink7Description"; Value = "https://datasheet.octopart.com:443/C0805C180J5GACTU-Kemet-datasheet-21202491.pdf?src-supplier=Farnell"; VariantName = "[No Variations]"
Add component (AddParameter): Name = "ComponentLink7URL"; Value = "https://datasheet.octopart.com:443/C0805C180J5GACTU-Kemet-datasheet-21202491.pdf?src-supplier=Farnell"; VariantName = "[No Variations]"
Add component (AddParameter): Name = "ComponentLink8Description"; Value = "https://datasheet.octopart.com:443/C0805C180J5GACTU-KEMET-datasheet-101576200.pdf?src-supplier=Farnell"; VariantName = "[No Variations]"
Add component (AddParameter): Name = "ComponentLink8URL"; Value = "https://datasheet.octopart.com:443/C0805C180J5GACTU-KEMET-datasheet-101576200.pdf?src-supplier=Farnell"; VariantName = "[No Variations]"
Add component (AddParameter): Name = "ComponentLink9Description"; Value = "https://datasheet.octopart.com:443/C0805C180J5GACTU-Kemet-datasheet-7833651.pdf?src-supplier=Farnell"; VariantName = "[No Variations]"
Add component (AddParameter): Name = "ComponentLink9URL"; Value = "https://datasheet.octopart.com:443/C0805C180J5GACTU-Kemet-datasheet-7833651.pdf?src-supplier=Farnell"; VariantName = "[No Variations]"
Add component (AddParameter): Name = "ComponentLink10Description"; Value = "https://datasheet.octopart.com:443/C0805C180J5GACTU-Kemet-datasheet-7601896.pdf?src-supplier=Farnell"; VariantName = "[No Variations]"
Add component (AddParameter): Name = "ComponentLink10URL"; Value = "https://datasheet.octopart.com:443/C0805C180J5GACTU-Kemet-datasheet-7601896.pdf?src-supplier=Farnell"; VariantName = "[No Variations]"
Add component (AddParameter): Name = "ComponentLink11Description"; Value = "https://datasheet.octopart.com:443/C0805C180J5GACTU-Kemet-datasheet-5316294.pdf?src-supplier=Farnell"; VariantName = "[No Variations]"
Add component (AddParameter): Name = "ComponentLink11URL"; Value = "https://datasheet.octopart.com:443/C0805C180J5GACTU-Kemet-datasheet-5316294.pdf?src-supplier=Farnell"; VariantName = "[No Variations]"
Add component (AddParameter): Name = "ComponentLink12Description"; Value = "https://datasheet.octopart.com:443/C0805C180J5GACTU-Kemet-datasheet-5314837.pdf?src-supplier=Farnell"; VariantName = "[No Variations]"
Add component (AddParameter): Name = "ComponentLink12URL"; Value = "https://datasheet.octopart.com:443/C0805C180J5GACTU-Kemet-datasheet-5314837.pdf?src-supplier=Farnell"; VariantName = "[No Variations]"
Add component (AddParameter): Name = "ComponentLink13Description"; Value = "https://datasheet.octopart.com:443/C0805C180J5GACTU-Kemet-datasheet-8092359.pdf?src-supplier=Farnell"; VariantName = "[No Variations]"
Add component (AddParameter): Name = "ComponentLink13URL"; Value = "https://datasheet.octopart.com:443/C0805C180J5GACTU-Kemet-datasheet-8092359.pdf?src-supplier=Farnell"; VariantName = "[No Variations]"
Add component (AddParameter): Name = "ComponentLink14Description"; Value = "https://datasheet.octopart.com:443/C0805C180J5GACTU-Kemet-datasheet-5313890.pdf?src-supplier=Farnell"; VariantName = "[No Variations]"
Add component (AddParameter): Name = "ComponentLink14URL"; Value = "https://datasheet.octopart.com:443/C0805C180J5GACTU-Kemet-datasheet-5313890.pdf?src-supplier=Farnell"; VariantName = "[No Variations]"
Add component (AddParameter): Name = "ComponentLink15Description"; Value = "https://datasheet.octopart.com:443/C0805C180J5GACTU-Kemet-datasheet-5390537.pdf?src-supplier=Farnell"; VariantName = "[No Variations]"
Add component (AddParameter): Name = "ComponentLink15URL"; Value = "https://datasheet.octopart.com:443/C0805C180J5GACTU-Kemet-datasheet-5390537.pdf?src-supplier=Farnell"; VariantName = "[No Variations]"
Add component (AddParameter): Name = "ComponentLink16Description"; Value = "https://datasheet.octopart.com:443/C0805C180J5GACTU-Kemet-datasheet-5314969.pdf?src-supplier=Farnell"; VariantName = "[No Variations]"
Add component (AddParameter): Name = "ComponentLink16URL"; Value = "https://datasheet.octopart.com:443/C0805C180J5GACTU-Kemet-datasheet-5314969.pdf?src-supplier=Farnell"; VariantName = "[No Variations]"
Add component (AddParameter): Name = "ComponentLink17Description"; Value = "https://datasheet.octopart.com:443/C0805C180J5GACTU-Kemet-datasheet-5314627.pdf?src-supplier=Farnell"; VariantName = "[No Variations]"
Add component (AddParameter): Name = "ComponentLink17URL"; Value = "https://datasheet.octopart.com:443/C0805C180J5GACTU-Kemet-datasheet-5314627.pdf?src-supplier=Farnell"; VariantName = "[No Variations]"
Add component (AddParameter): Name = "ComponentLink18Description"; Value = "https://datasheet.octopart.com:443/C0805C180J5GACTU-Kemet-datasheet-5389132.pdf?src-supplier=Farnell"; VariantName = "[No Variations]"
Add component (AddParameter): Name = "ComponentLink18URL"; Value = "https://datasheet.octopart.com:443/C0805C180J5GACTU-Kemet-datasheet-5389132.pdf?src-supplier=Farnell"; VariantName = "[No Variations]"
Add component (AddParameter): Name = "ComponentLink19Description"; Value = "https://datasheet.octopart.com:443/C0805C180J5GACTU-Kemet-datasheet-5313836.pdf?src-supplier=Farnell"; VariantName = "[No Variations]"
Add component (AddParameter): Name = "ComponentLink19URL"; Value = "https://datasheet.octopart.com:443/C0805C180J5GACTU-Kemet-datasheet-5313836.pdf?src-supplier=Farnell"; VariantName = "[No Variations]"
Add component (AddParameter): Name = "ComponentLink20Description"; Value = "https://datasheet.octopart.com:443/C0805C180J5GACTU-Kemet-datasheet-8111010.pdf?src-supplier=Farnell"; VariantName = "[No Variations]"
Add component (AddParameter): Name = "ComponentLink20URL"; Value = "https://datasheet.octopart.com:443/C0805C180J5GACTU-Kemet-datasheet-8111010.pdf?src-supplier=Farnell"; VariantName = "[No Variations]"
Add component (AddParameter): Name = "ComponentLink21Description"; Value = "https://datasheet.octopart.com:443/C0805C180J5GACTU-Kemet-datasheet-7541751.pdf?src-supplier=Farnell"; VariantName = "[No Variations]"
Add component (AddParameter): Name = "ComponentLink21URL"; Value = "https://datasheet.octopart.com:443/C0805C180J5GACTU-Kemet-datasheet-7541751.pdf?src-supplier=Farnell"; VariantName = "[No Variations]"
Add component (AddParameter): Name = "ComponentLink22Description"; Value = "https://datasheet.octopart.com:443/C0805C180J5GACTU-Kemet-datasheet-7627733.pdf?src-supplier=Farnell"; VariantName = "[No Variations]"
Add component (AddParameter): Name = "ComponentLink22URL"; Value = "https://datasheet.octopart.com:443/C0805C180J5GACTU-Kemet-datasheet-7627733.pdf?src-supplier=Farnell"; VariantName = "[No Variations]"
Add component (AddParameter): Name = "ComponentLink23Description"; Value = "https://datasheet.octopart.com:443/C0805C180J5GACTU-Kemet-datasheet-500041.pdf?src-supplier=Farnell"; VariantName = "[No Variations]"
Add component (AddParameter): Name = "ComponentLink23URL"; Value = "https://datasheet.octopart.com:443/C0805C180J5GACTU-Kemet-datasheet-500041.pdf?src-supplier=Farnell"; VariantName = "[No Variations]"
Add component (AddParameter): Name = "ComponentLink24Description"; Value = "https://datasheet.octopart.com:443/C0805C180J5GACTU-Kemet-datasheet-5315946.pdf?src-supplier=Farnell"; VariantName = "[No Variations]"
Add component (AddParameter): Name = "ComponentLink24URL"; Value = "https://datasheet.octopart.com:443/C0805C180J5GACTU-Kemet-datasheet-5315946.pdf?src-supplier=Farnell"; VariantName = "[No Variations]"
Add component (AddParameter): Name = "ComponentLink25Description"; Value = "https://datasheet.octopart.com:443/C0805C180J5GACTU-Kemet-datasheet-5314449.pdf?src-supplier=Newark"; VariantName = "[No Variations]"
Add component (AddParameter): Name = "ComponentLink25URL"; Value = "https://datasheet.octopart.com:443/C0805C180J5GACTU-Kemet-datasheet-5314449.pdf?src-supplier=Newark"; VariantName = "[No Variations]"
Add component (AddParameter): Name = "ComponentLink26Description"; Value = "https://datasheet.octopart.com:443/C0805C180J5GACTU-KEMET-datasheet-170667456.pdf?src-supplier=Newark"; VariantName = "[No Variations]"
Add component (AddParameter): Name = "ComponentLink26URL"; Value = "https://datasheet.octopart.com:443/C0805C180J5GACTU-KEMET-datasheet-170667456.pdf?src-supplier=Newark"; VariantName = "[No Variations]"
Add component (AddParameter): Name = "ComponentLink27Description"; Value = "https://datasheet.octopart.com:443/C0805C180J5GACTU-KEMET-datasheet-37178240.pdf?src-supplier=Electro+Sonic"; VariantName = "[No Variations]"
Add component (AddParameter): Name = "ComponentLink27URL"; Value = "https://datasheet.octopart.com:443/C0805C180J5GACTU-KEMET-datasheet-37178240.pdf?src-supplier=Electro+Sonic"; VariantName = "[No Variations]"
Add component (AddParameter): Name = "ComponentLink28Description"; Value = "https://datasheet.octopart.com:443/C0805C180J5GACTU-Kemet-datasheet-67847120.pdf?src-supplier=TME"; VariantName = "[No Variations]"
Add component (AddParameter): Name = "ComponentLink28URL"; Value = "https://datasheet.octopart.com:443/C0805C180J5GACTU-Kemet-datasheet-67847120.pdf?src-supplier=TME"; VariantName = "[No Variations]"
Add component (AddParameter): Name = "ComponentLink29Description"; Value = "https://datasheet.octopart.com/C0805C180J5GACTU-KEMET-datasheet-84169754.pdf"; VariantName = "[No Variations]"
Add component (AddParameter): Name = "ComponentLink29URL"; Value = "https://datasheet.octopart.com/C0805C180J5GACTU-KEMET-datasheet-84169754.pdf"; VariantName = "[No Variations]"
Add component (AddParameter): Name = "ComponentLink30Description"; Value = "https://datasheet.octopart.com:443/C0805C180J5GAC7800-KEMET-datasheet-164857143.pdf?src-supplier=Burklin+Elektronik"; VariantName = "[No Variations]"
Add component (AddParameter): Name = "ComponentLink30URL"; Value = "https://datasheet.octopart.com:443/C0805C180J5GAC7800-KEMET-datasheet-164857143.pdf?src-supplier=Burklin+Elektronik"; VariantName = "[No Variations]"
Add component (AddParameter): Name = "ComponentLink31Description"; Value = "https://datasheet.octopart.com:443/C0805C180J5GAC-TU-Kemet-datasheet-7585144.pdf?src-supplier=Jameco"; VariantName = "[No Variations]"
Add component (AddParameter): Name = "ComponentLink31URL"; Value = "https://datasheet.octopart.com:443/C0805C180J5GAC-TU-Kemet-datasheet-7585144.pdf?src-supplier=Jameco"; VariantName = "[No Variations]"
Add component (AddParameter): Name = "ComponentLink32Description"; Value = "https://datasheet.octopart.com:443/C0805C180J5GACTU-Kemet-datasheet-464.pdf?src-supplier=RS+(Formerly+Allied+Electronics)"; VariantName = "[No Variations]"
Add component (AddParameter): Name = "ComponentLink32URL"; Value = "https://datasheet.octopart.com:443/C0805C180J5GACTU-Kemet-datasheet-464.pdf?src-supplier=RS+(Formerly+Allied+Electronics)"; VariantName = "[No Variations]"
Add component (AddParameter): Name = "ComponentLink33Description"; Value = "http://sigma.octopart.com:80/conflict_mineral_statement/Yageo-company-3.pdf?src-supplier=Compliance+Statements"; VariantName = "[No Variations]"
Add component (AddParameter): Name = "ComponentLink33URL"; Value = "http://sigma.octopart.com:80/conflict_mineral_statement/Yageo-company-3.pdf?src-supplier=Compliance+Statements"; VariantName = "[No Variations]"
Add component (AddParameter): Name = "ComponentLink34Description"; Value = "http://sigma.octopart.com:80/rohs_statement/Yageo-company-2.pdf?src-supplier=Compliance+Statements"; VariantName = "[No Variations]"
Add component (AddParameter): Name = "ComponentLink34URL"; Value = "http://sigma.octopart.com:80/rohs_statement/Yageo-company-2.pdf?src-supplier=Compliance+Statements"; VariantName = "[No Variations]"
Add component (AddParameter): Name = "Contact Material"; Value = "Tin"; VariantName = "[No Variations]"
Add component (AddParameter): Name = "Country of Origin"; Value = "Mexico"; VariantName = "[No Variations]"
Add component (AddParameter): Name = "Depth"; Value = "1.25mm"; VariantName = "[No Variations]"
Add component (AddParameter): Name = "Dielectric"; Value = "C0G"; VariantName = "[No Variations]"
Add component (AddParameter): Name = "Dielectric Material"; Value = "Ceramic"; VariantName = "[No Variations]"
Add component (AddParameter): Name = "Dissipation Factor"; Value = "0.1%"; VariantName = "[No Variations]"
Add component (AddParameter): Name = "Export Control Classification Number (ECCN) Code"; Value = "EAR99"; VariantName = "[No Variations]"
Add component (AddParameter): Name = "Harmonized Tariff Schedule (HTS) Code"; Value = "8532.24.00.20"; VariantName = "[No Variations]"
Add component (AddParameter): Name = "Height"; Value = "780µm"; VariantName = "[No Variations]"
Add component (AddParameter): Name = "Introduction Date"; Value = "1997-02-01"; VariantName = "[No Variations]"
Add component (AddParameter): Name = "Lead Free"; Value = "Lead Free"; VariantName = "[No Variations]"
Add component (AddParameter): Name = "Lead Pitch"; Value = "750µm"; VariantName = "[No Variations]"
Add component (AddParameter): Name = "Length"; Value = "2mm"; VariantName = "[No Variations]"
Add component (AddParameter): Name = "Lifecycle Status"; Value = "Production"; VariantName = "[No Variations]"
Add component (AddParameter): Name = "Manufacturer"; Value = "Yageo Group"; VariantName = "[No Variations]"
Add component (AddParameter): Name = "Manufacturer Part Number"; Value = "C0805C180J5GACTU"; VariantName = "[No Variations]"
Add component (AddParameter): Name = "Material"; Value = "Ceramic"; VariantName = "[No Variations]"
Add component (AddParameter): Name = "Max Operating Temperature"; Value = "125°C"; VariantName = "[No Variations]"
Add component (AddParameter): Name = "Min Operating Temperature"; Value = "-55°C"; VariantName = "[No Variations]"
Add component (AddParameter): Name = "Mounting Technology"; Value = "Surface Mount"; VariantName = "[No Variations]"
Add component (AddParameter): Name = "Number of Terminals"; Value = "2"; VariantName = "[No Variations]"
Add component (AddParameter): Name = "Packaging"; Value = "Cut Tape"; VariantName = "[No Variations]"
Add component (AddParameter): Name = "Pins"; Value = "2"; VariantName = "[No Variations]"
Add component (AddParameter): Name = "Pricing"; Value = "1=0.11, 10=0.06, 50=0.0414, 100=0.0358, 500=0.0264, 1000=0.0235 (USD)"; VariantName = "[No Variations]"
Add component (AddParameter): Name = "Radiation Hardening"; Value = "No"; VariantName = "[No Variations]"
Add component (AddParameter): Name = "REACH SVHC"; Value = "Yes"; VariantName = "[No Variations]"
Add component (AddParameter): Name = "RoHS"; Value = "Compliant"; VariantName = "[No Variations]"
Add component (AddParameter): Name = "Schedule B"; Value = "8532240020, 8532240020|8532240020, 8532240020|8532240020|8532240020, 8532240020|8532240020|8532240020|8532240020"; VariantName = "[No Variations]"
Add component (AddParameter): Name = "Stock"; Value = "106114"; VariantName = "[No Variations]"
Add component (AddParameter): Name = "Supplier"; Value = "DigiKey"; VariantName = "[No Variations]"
Add component (AddParameter): Name = "Supplier Part Number"; Value = "399-C0805C180J5GACTUCT-ND"; VariantName = "[No Variations]"
Add component (AddParameter): Name = "Temperature Coefficient"; Value = "30ppm/°C"; VariantName = "[No Variations]"
Add component (AddParameter): Name = "Termination"; Value = "SMD/SMT"; VariantName = "[No Variations]"
Add component (AddParameter): Name = "Thickness"; Value = "889µm"; VariantName = "[No Variations]"
Add component (AddParameter): Name = "Tolerance"; Value = "5%"; VariantName = "[No Variations]"
Add component (AddParameter): Name = "Value"; Value = "18pF"; VariantName = "[No Variations]"
Add component (AddParameter): Name = "Voltage"; Value = "50V"; VariantName = "[No Variations]"
Add component (AddParameter): Name = "Voltage Rating"; Value = "50V"; VariantName = "[No Variations]"
Add component (AddParameter): Name = "Voltage Rating (AC)"; Value = "50V"; VariantName = "[No Variations]"
Add component (AddParameter): Name = "Voltage Rating (DC)"; Value = "50V"; VariantName = "[No Variations]"
Add component (AddParameter): Name = "Width"; Value = "1.25mm"; VariantName = "[No Variations]"
Added Component: Designator=C10(C0805)
Add component (AddParameter): Name = "Case Code (Imperial)"; Value = "0805"; VariantName = "[No Variations]"
Add component (AddParameter): Name = "Case/Package"; Value = "0805"; VariantName = "[No Variations]"
Add component (AddParameter): Name = "Category"; Value = "Ceramic Capacitors"; VariantName = "[No Variations]"
Add component (AddParameter): Name = "China RoHS"; Value = "Compliant"; VariantName = "[No Variations]"
Add component (AddParameter): Name = "ComponentLink1Description"; Value = "https://datasheet.octopart.com:443/C0805C180J5GACTU-KEMET-datasheet-178132257.pdf?src-supplier=IHS"; VariantName = "[No Variations]"
Add component (AddParameter): Name = "ComponentLink1URL"; Value = "https://datasheet.octopart.com:443/C0805C180J5GACTU-KEMET-datasheet-178132257.pdf?src-supplier=IHS"; VariantName = "[No Variations]"
Add component (AddParameter): Name = "ComponentLink2Description"; Value = "https://datasheet.octopart.com:443/C0805C180J5GACTU-KEMET-datasheet-68331921.pdf?src-supplier=element14+APAC"; VariantName = "[No Variations]"
Add component (AddParameter): Name = "ComponentLink2URL"; Value = "https://datasheet.octopart.com:443/C0805C180J5GACTU-KEMET-datasheet-68331921.pdf?src-supplier=element14+APAC"; VariantName = "[No Variations]"
Add component (AddParameter): Name = "ComponentLink3Description"; Value = "https://datasheet.octopart.com:443/C0805C180J5GACTU-Kemet-datasheet-10282724.pdf?src-supplier=element14+APAC"; VariantName = "[No Variations]"
Add component (AddParameter): Name = "ComponentLink3URL"; Value = "https://datasheet.octopart.com:443/C0805C180J5GACTU-Kemet-datasheet-10282724.pdf?src-supplier=element14+APAC"; VariantName = "[No Variations]"
Add component (AddParameter): Name = "ComponentLink4Description"; Value = "https://datasheet.octopart.com:443/C0805C180J5GACTU-KEMET-datasheet-176142321.pdf?src-supplier=element14+APAC"; VariantName = "[No Variations]"
Add component (AddParameter): Name = "ComponentLink4URL"; Value = "https://datasheet.octopart.com:443/C0805C180J5GACTU-KEMET-datasheet-176142321.pdf?src-supplier=element14+APAC"; VariantName = "[No Variations]"
Add component (AddParameter): Name = "ComponentLink5Description"; Value = "https://datasheet.octopart.com:443/C0805C180J5GACTU-KEMET-datasheet-176142314.pdf?src-supplier=element14+APAC"; VariantName = "[No Variations]"
Add component (AddParameter): Name = "ComponentLink5URL"; Value = "https://datasheet.octopart.com:443/C0805C180J5GACTU-KEMET-datasheet-176142314.pdf?src-supplier=element14+APAC"; VariantName = "[No Variations]"
Add component (AddParameter): Name = "ComponentLink6Description"; Value = "https://datasheet.octopart.com:443/C0805C180J5GACTU-KEMET-datasheet-149524055.pdf?src-supplier=Farnell"; VariantName = "[No Variations]"
Add component (AddParameter): Name = "ComponentLink6URL"; Value = "https://datasheet.octopart.com:443/C0805C180J5GACTU-KEMET-datasheet-149524055.pdf?src-supplier=Farnell"; VariantName = "[No Variations]"
Add component (AddParameter): Name = "ComponentLink7Description"; Value = "https://datasheet.octopart.com:443/C0805C180J5GACTU-Kemet-datasheet-21202491.pdf?src-supplier=Farnell"; VariantName = "[No Variations]"
Add component (AddParameter): Name = "ComponentLink7URL"; Value = "https://datasheet.octopart.com:443/C0805C180J5GACTU-Kemet-datasheet-21202491.pdf?src-supplier=Farnell"; VariantName = "[No Variations]"
Add component (AddParameter): Name = "ComponentLink8Description"; Value = "https://datasheet.octopart.com:443/C0805C180J5GACTU-KEMET-datasheet-101576200.pdf?src-supplier=Farnell"; VariantName = "[No Variations]"
Add component (AddParameter): Name = "ComponentLink8URL"; Value = "https://datasheet.octopart.com:443/C0805C180J5GACTU-KEMET-datasheet-101576200.pdf?src-supplier=Farnell"; VariantName = "[No Variations]"
Add component (AddParameter): Name = "ComponentLink9Description"; Value = "https://datasheet.octopart.com:443/C0805C180J5GACTU-Kemet-datasheet-7833651.pdf?src-supplier=Farnell"; VariantName = "[No Variations]"
Add component (AddParameter): Name = "ComponentLink9URL"; Value = "https://datasheet.octopart.com:443/C0805C180J5GACTU-Kemet-datasheet-7833651.pdf?src-supplier=Farnell"; VariantName = "[No Variations]"
Add component (AddParameter): Name = "ComponentLink10Description"; Value = "https://datasheet.octopart.com:443/C0805C180J5GACTU-Kemet-datasheet-7601896.pdf?src-supplier=Farnell"; VariantName = "[No Variations]"
Add component (AddParameter): Name = "ComponentLink10URL"; Value = "https://datasheet.octopart.com:443/C0805C180J5GACTU-Kemet-datasheet-7601896.pdf?src-supplier=Farnell"; VariantName = "[No Variations]"
Add component (AddParameter): Name = "ComponentLink11Description"; Value = "https://datasheet.octopart.com:443/C0805C180J5GACTU-Kemet-datasheet-5316294.pdf?src-supplier=Farnell"; VariantName = "[No Variations]"
Add component (AddParameter): Name = "ComponentLink11URL"; Value = "https://datasheet.octopart.com:443/C0805C180J5GACTU-Kemet-datasheet-5316294.pdf?src-supplier=Farnell"; VariantName = "[No Variations]"
Add component (AddParameter): Name = "ComponentLink12Description"; Value = "https://datasheet.octopart.com:443/C0805C180J5GACTU-Kemet-datasheet-5314837.pdf?src-supplier=Farnell"; VariantName = "[No Variations]"
Add component (AddParameter): Name = "ComponentLink12URL"; Value = "https://datasheet.octopart.com:443/C0805C180J5GACTU-Kemet-datasheet-5314837.pdf?src-supplier=Farnell"; VariantName = "[No Variations]"
Add component (AddParameter): Name = "ComponentLink13Description"; Value = "https://datasheet.octopart.com:443/C0805C180J5GACTU-Kemet-datasheet-8092359.pdf?src-supplier=Farnell"; VariantName = "[No Variations]"
Add component (AddParameter): Name = "ComponentLink13URL"; Value = "https://datasheet.octopart.com:443/C0805C180J5GACTU-Kemet-datasheet-8092359.pdf?src-supplier=Farnell"; VariantName = "[No Variations]"
Add component (AddParameter): Name = "ComponentLink14Description"; Value = "https://datasheet.octopart.com:443/C0805C180J5GACTU-Kemet-datasheet-5313890.pdf?src-supplier=Farnell"; VariantName = "[No Variations]"
Add component (AddParameter): Name = "ComponentLink14URL"; Value = "https://datasheet.octopart.com:443/C0805C180J5GACTU-Kemet-datasheet-5313890.pdf?src-supplier=Farnell"; VariantName = "[No Variations]"
Add component (AddParameter): Name = "ComponentLink15Description"; Value = "https://datasheet.octopart.com:443/C0805C180J5GACTU-Kemet-datasheet-5390537.pdf?src-supplier=Farnell"; VariantName = "[No Variations]"
Add component (AddParameter): Name = "ComponentLink15URL"; Value = "https://datasheet.octopart.com:443/C0805C180J5GACTU-Kemet-datasheet-5390537.pdf?src-supplier=Farnell"; VariantName = "[No Variations]"
Add component (AddParameter): Name = "ComponentLink16Description"; Value = "https://datasheet.octopart.com:443/C0805C180J5GACTU-Kemet-datasheet-5314969.pdf?src-supplier=Farnell"; VariantName = "[No Variations]"
Add component (AddParameter): Name = "ComponentLink16URL"; Value = "https://datasheet.octopart.com:443/C0805C180J5GACTU-Kemet-datasheet-5314969.pdf?src-supplier=Farnell"; VariantName = "[No Variations]"
Add component (AddParameter): Name = "ComponentLink17Description"; Value = "https://datasheet.octopart.com:443/C0805C180J5GACTU-Kemet-datasheet-5314627.pdf?src-supplier=Farnell"; VariantName = "[No Variations]"
Add component (AddParameter): Name = "ComponentLink17URL"; Value = "https://datasheet.octopart.com:443/C0805C180J5GACTU-Kemet-datasheet-5314627.pdf?src-supplier=Farnell"; VariantName = "[No Variations]"
Add component (AddParameter): Name = "ComponentLink18Description"; Value = "https://datasheet.octopart.com:443/C0805C180J5GACTU-Kemet-datasheet-5389132.pdf?src-supplier=Farnell"; VariantName = "[No Variations]"
Add component (AddParameter): Name = "ComponentLink18URL"; Value = "https://datasheet.octopart.com:443/C0805C180J5GACTU-Kemet-datasheet-5389132.pdf?src-supplier=Farnell"; VariantName = "[No Variations]"
Add component (AddParameter): Name = "ComponentLink19Description"; Value = "https://datasheet.octopart.com:443/C0805C180J5GACTU-Kemet-datasheet-5313836.pdf?src-supplier=Farnell"; VariantName = "[No Variations]"
Add component (AddParameter): Name = "ComponentLink19URL"; Value = "https://datasheet.octopart.com:443/C0805C180J5GACTU-Kemet-datasheet-5313836.pdf?src-supplier=Farnell"; VariantName = "[No Variations]"
Add component (AddParameter): Name = "ComponentLink20Description"; Value = "https://datasheet.octopart.com:443/C0805C180J5GACTU-Kemet-datasheet-8111010.pdf?src-supplier=Farnell"; VariantName = "[No Variations]"
Add component (AddParameter): Name = "ComponentLink20URL"; Value = "https://datasheet.octopart.com:443/C0805C180J5GACTU-Kemet-datasheet-8111010.pdf?src-supplier=Farnell"; VariantName = "[No Variations]"
Add component (AddParameter): Name = "ComponentLink21Description"; Value = "https://datasheet.octopart.com:443/C0805C180J5GACTU-Kemet-datasheet-7541751.pdf?src-supplier=Farnell"; VariantName = "[No Variations]"
Add component (AddParameter): Name = "ComponentLink21URL"; Value = "https://datasheet.octopart.com:443/C0805C180J5GACTU-Kemet-datasheet-7541751.pdf?src-supplier=Farnell"; VariantName = "[No Variations]"
Add component (AddParameter): Name = "ComponentLink22Description"; Value = "https://datasheet.octopart.com:443/C0805C180J5GACTU-Kemet-datasheet-7627733.pdf?src-supplier=Farnell"; VariantName = "[No Variations]"
Add component (AddParameter): Name = "ComponentLink22URL"; Value = "https://datasheet.octopart.com:443/C0805C180J5GACTU-Kemet-datasheet-7627733.pdf?src-supplier=Farnell"; VariantName = "[No Variations]"
Add component (AddParameter): Name = "ComponentLink23Description"; Value = "https://datasheet.octopart.com:443/C0805C180J5GACTU-Kemet-datasheet-500041.pdf?src-supplier=Farnell"; VariantName = "[No Variations]"
Add component (AddParameter): Name = "ComponentLink23URL"; Value = "https://datasheet.octopart.com:443/C0805C180J5GACTU-Kemet-datasheet-500041.pdf?src-supplier=Farnell"; VariantName = "[No Variations]"
Add component (AddParameter): Name = "ComponentLink24Description"; Value = "https://datasheet.octopart.com:443/C0805C180J5GACTU-Kemet-datasheet-5315946.pdf?src-supplier=Farnell"; VariantName = "[No Variations]"
Add component (AddParameter): Name = "ComponentLink24URL"; Value = "https://datasheet.octopart.com:443/C0805C180J5GACTU-Kemet-datasheet-5315946.pdf?src-supplier=Farnell"; VariantName = "[No Variations]"
Add component (AddParameter): Name = "ComponentLink25Description"; Value = "https://datasheet.octopart.com:443/C0805C180J5GACTU-Kemet-datasheet-5314449.pdf?src-supplier=Newark"; VariantName = "[No Variations]"
Add component (AddParameter): Name = "ComponentLink25URL"; Value = "https://datasheet.octopart.com:443/C0805C180J5GACTU-Kemet-datasheet-5314449.pdf?src-supplier=Newark"; VariantName = "[No Variations]"
Add component (AddParameter): Name = "ComponentLink26Description"; Value = "https://datasheet.octopart.com:443/C0805C180J5GACTU-KEMET-datasheet-170667456.pdf?src-supplier=Newark"; VariantName = "[No Variations]"
Add component (AddParameter): Name = "ComponentLink26URL"; Value = "https://datasheet.octopart.com:443/C0805C180J5GACTU-KEMET-datasheet-170667456.pdf?src-supplier=Newark"; VariantName = "[No Variations]"
Add component (AddParameter): Name = "ComponentLink27Description"; Value = "https://datasheet.octopart.com:443/C0805C180J5GACTU-KEMET-datasheet-37178240.pdf?src-supplier=Electro+Sonic"; VariantName = "[No Variations]"
Add component (AddParameter): Name = "ComponentLink27URL"; Value = "https://datasheet.octopart.com:443/C0805C180J5GACTU-KEMET-datasheet-37178240.pdf?src-supplier=Electro+Sonic"; VariantName = "[No Variations]"
Add component (AddParameter): Name = "ComponentLink28Description"; Value = "https://datasheet.octopart.com:443/C0805C180J5GACTU-Kemet-datasheet-67847120.pdf?src-supplier=TME"; VariantName = "[No Variations]"
Add component (AddParameter): Name = "ComponentLink28URL"; Value = "https://datasheet.octopart.com:443/C0805C180J5GACTU-Kemet-datasheet-67847120.pdf?src-supplier=TME"; VariantName = "[No Variations]"
Add component (AddParameter): Name = "ComponentLink29Description"; Value = "https://datasheet.octopart.com/C0805C180J5GACTU-KEMET-datasheet-84169754.pdf"; VariantName = "[No Variations]"
Add component (AddParameter): Name = "ComponentLink29URL"; Value = "https://datasheet.octopart.com/C0805C180J5GACTU-KEMET-datasheet-84169754.pdf"; VariantName = "[No Variations]"
Add component (AddParameter): Name = "ComponentLink30Description"; Value = "https://datasheet.octopart.com:443/C0805C180J5GAC7800-KEMET-datasheet-164857143.pdf?src-supplier=Burklin+Elektronik"; VariantName = "[No Variations]"
Add component (AddParameter): Name = "ComponentLink30URL"; Value = "https://datasheet.octopart.com:443/C0805C180J5GAC7800-KEMET-datasheet-164857143.pdf?src-supplier=Burklin+Elektronik"; VariantName = "[No Variations]"
Add component (AddParameter): Name = "ComponentLink31Description"; Value = "https://datasheet.octopart.com:443/C0805C180J5GAC-TU-Kemet-datasheet-7585144.pdf?src-supplier=Jameco"; VariantName = "[No Variations]"
Add component (AddParameter): Name = "ComponentLink31URL"; Value = "https://datasheet.octopart.com:443/C0805C180J5GAC-TU-Kemet-datasheet-7585144.pdf?src-supplier=Jameco"; VariantName = "[No Variations]"
Add component (AddParameter): Name = "ComponentLink32Description"; Value = "https://datasheet.octopart.com:443/C0805C180J5GACTU-Kemet-datasheet-464.pdf?src-supplier=RS+(Formerly+Allied+Electronics)"; VariantName = "[No Variations]"
Add component (AddParameter): Name = "ComponentLink32URL"; Value = "https://datasheet.octopart.com:443/C0805C180J5GACTU-Kemet-datasheet-464.pdf?src-supplier=RS+(Formerly+Allied+Electronics)"; VariantName = "[No Variations]"
Add component (AddParameter): Name = "ComponentLink33Description"; Value = "http://sigma.octopart.com:80/conflict_mineral_statement/Yageo-company-3.pdf?src-supplier=Compliance+Statements"; VariantName = "[No Variations]"
Add component (AddParameter): Name = "ComponentLink33URL"; Value = "http://sigma.octopart.com:80/conflict_mineral_statement/Yageo-company-3.pdf?src-supplier=Compliance+Statements"; VariantName = "[No Variations]"
Add component (AddParameter): Name = "ComponentLink34Description"; Value = "http://sigma.octopart.com:80/rohs_statement/Yageo-company-2.pdf?src-supplier=Compliance+Statements"; VariantName = "[No Variations]"
Add component (AddParameter): Name = "ComponentLink34URL"; Value = "http://sigma.octopart.com:80/rohs_statement/Yageo-company-2.pdf?src-supplier=Compliance+Statements"; VariantName = "[No Variations]"
Add component (AddParameter): Name = "Contact Material"; Value = "Tin"; VariantName = "[No Variations]"
Add component (AddParameter): Name = "Country of Origin"; Value = "Mexico"; VariantName = "[No Variations]"
Add component (AddParameter): Name = "Depth"; Value = "1.25mm"; VariantName = "[No Variations]"
Add component (AddParameter): Name = "Dielectric"; Value = "C0G"; VariantName = "[No Variations]"
Add component (AddParameter): Name = "Dielectric Material"; Value = "Ceramic"; VariantName = "[No Variations]"
Add component (AddParameter): Name = "Dissipation Factor"; Value = "0.1%"; VariantName = "[No Variations]"
Add component (AddParameter): Name = "Export Control Classification Number (ECCN) Code"; Value = "EAR99"; VariantName = "[No Variations]"
Add component (AddParameter): Name = "Harmonized Tariff Schedule (HTS) Code"; Value = "8532.24.00.20"; VariantName = "[No Variations]"
Add component (AddParameter): Name = "Height"; Value = "780µm"; VariantName = "[No Variations]"
Add component (AddParameter): Name = "Introduction Date"; Value = "1997-02-01"; VariantName = "[No Variations]"
Add component (AddParameter): Name = "Lead Free"; Value = "Lead Free"; VariantName = "[No Variations]"
Add component (AddParameter): Name = "Lead Pitch"; Value = "750µm"; VariantName = "[No Variations]"
Add component (AddParameter): Name = "Length"; Value = "2mm"; VariantName = "[No Variations]"
Add component (AddParameter): Name = "Lifecycle Status"; Value = "Production"; VariantName = "[No Variations]"
Add component (AddParameter): Name = "Manufacturer"; Value = "Yageo Group"; VariantName = "[No Variations]"
Add component (AddParameter): Name = "Manufacturer Part Number"; Value = "C0805C180J5GACTU"; VariantName = "[No Variations]"
Add component (AddParameter): Name = "Material"; Value = "Ceramic"; VariantName = "[No Variations]"
Add component (AddParameter): Name = "Max Operating Temperature"; Value = "125°C"; VariantName = "[No Variations]"
Add component (AddParameter): Name = "Min Operating Temperature"; Value = "-55°C"; VariantName = "[No Variations]"
Add component (AddParameter): Name = "Mounting Technology"; Value = "Surface Mount"; VariantName = "[No Variations]"
Add component (AddParameter): Name = "Number of Terminals"; Value = "2"; VariantName = "[No Variations]"
Add component (AddParameter): Name = "Packaging"; Value = "Cut Tape"; VariantName = "[No Variations]"
Add component (AddParameter): Name = "Pins"; Value = "2"; VariantName = "[No Variations]"
Add component (AddParameter): Name = "Pricing"; Value = "1=0.11, 10=0.06, 50=0.0414, 100=0.0358, 500=0.0264, 1000=0.0235 (USD)"; VariantName = "[No Variations]"
Add component (AddParameter): Name = "Radiation Hardening"; Value = "No"; VariantName = "[No Variations]"
Add component (AddParameter): Name = "REACH SVHC"; Value = "Yes"; VariantName = "[No Variations]"
Add component (AddParameter): Name = "RoHS"; Value = "Compliant"; VariantName = "[No Variations]"
Add component (AddParameter): Name = "Schedule B"; Value = "8532240020, 8532240020|8532240020, 8532240020|8532240020|8532240020, 8532240020|8532240020|8532240020|8532240020"; VariantName = "[No Variations]"
Add component (AddParameter): Name = "Stock"; Value = "106114"; VariantName = "[No Variations]"
Add component (AddParameter): Name = "Supplier"; Value = "DigiKey"; VariantName = "[No Variations]"
Add component (AddParameter): Name = "Supplier Part Number"; Value = "399-C0805C180J5GACTUCT-ND"; VariantName = "[No Variations]"
Add component (AddParameter): Name = "Temperature Coefficient"; Value = "30ppm/°C"; VariantName = "[No Variations]"
Add component (AddParameter): Name = "Termination"; Value = "SMD/SMT"; VariantName = "[No Variations]"
Add component (AddParameter): Name = "Thickness"; Value = "889µm"; VariantName = "[No Variations]"
Add component (AddParameter): Name = "Tolerance"; Value = "5%"; VariantName = "[No Variations]"
Add component (AddParameter): Name = "Value"; Value = "18pF"; VariantName = "[No Variations]"
Add component (AddParameter): Name = "Voltage"; Value = "50V"; VariantName = "[No Variations]"
Add component (AddParameter): Name = "Voltage Rating"; Value = "50V"; VariantName = "[No Variations]"
Add component (AddParameter): Name = "Voltage Rating (AC)"; Value = "50V"; VariantName = "[No Variations]"
Add component (AddParameter): Name = "Voltage Rating (DC)"; Value = "50V"; VariantName = "[No Variations]"
Add component (AddParameter): Name = "Width"; Value = "1.25mm"; VariantName = "[No Variations]"
Added Component: Designator=C11(C0805)
Add component (AddParameter): Name = "Case Code (Imperial)"; Value = "0805"; VariantName = "[No Variations]"
Add component (AddParameter): Name = "Case Code (Metric)"; Value = "2012"; VariantName = "[No Variations]"
Add component (AddParameter): Name = "Case/Package"; Value = "0805"; VariantName = "[No Variations]"
Add component (AddParameter): Name = "Category"; Value = "Ceramic Capacitors"; VariantName = "[No Variations]"
Add component (AddParameter): Name = "China RoHS"; Value = "Compliant"; VariantName = "[No Variations]"
Add component (AddParameter): Name = "ComponentLink1Description"; Value = "https://datasheet.octopart.com:443/C2012X7R1H104K085AA-TDK-datasheet-175423548.pdf?src-supplier=IHS"; VariantName = "[No Variations]"
Add component (AddParameter): Name = "ComponentLink1URL"; Value = "https://datasheet.octopart.com:443/C2012X7R1H104K085AA-TDK-datasheet-175423548.pdf?src-supplier=IHS"; VariantName = "[No Variations]"
Add component (AddParameter): Name = "ComponentLink2Description"; Value = "https://datasheet.octopart.com:443/C2012X7R1H104K085AA-TDK-datasheet-151546523.pdf?src-supplier=ODG+(Origin+Data+Global)"; VariantName = "[No Variations]"
Add component (AddParameter): Name = "ComponentLink2URL"; Value = "https://datasheet.octopart.com:443/C2012X7R1H104K085AA-TDK-datasheet-151546523.pdf?src-supplier=ODG+(Origin+Data+Global)"; VariantName = "[No Variations]"
Add component (AddParameter): Name = "ComponentLink3Description"; Value = "https://datasheet.octopart.com:443/C2012X7R1H104K085AA-TDK-datasheet-41194876.pdf?src-supplier=element14+APAC"; VariantName = "[No Variations]"
Add component (AddParameter): Name = "ComponentLink3URL"; Value = "https://datasheet.octopart.com:443/C2012X7R1H104K085AA-TDK-datasheet-41194876.pdf?src-supplier=element14+APAC"; VariantName = "[No Variations]"
Add component (AddParameter): Name = "ComponentLink4Description"; Value = "https://datasheet.octopart.com:443/C2012X7R1H104K085AA-TDK-datasheet-10978788.pdf?src-supplier=element14+APAC"; VariantName = "[No Variations]"
Add component (AddParameter): Name = "ComponentLink4URL"; Value = "https://datasheet.octopart.com:443/C2012X7R1H104K085AA-TDK-datasheet-10978788.pdf?src-supplier=element14+APAC"; VariantName = "[No Variations]"
Add component (AddParameter): Name = "ComponentLink5Description"; Value = "https://datasheet.octopart.com:443/C2012X7R1H104K085AA-TDK-datasheet-13376850.pdf?src-supplier=element14+APAC"; VariantName = "[No Variations]"
Add component (AddParameter): Name = "ComponentLink5URL"; Value = "https://datasheet.octopart.com:443/C2012X7R1H104K085AA-TDK-datasheet-13376850.pdf?src-supplier=element14+APAC"; VariantName = "[No Variations]"
Add component (AddParameter): Name = "ComponentLink6Description"; Value = "https://datasheet.octopart.com:443/C2012X7R1H104K085AA-TDK-datasheet-41169347.pdf?src-supplier=element14+APAC"; VariantName = "[No Variations]"
Add component (AddParameter): Name = "ComponentLink6URL"; Value = "https://datasheet.octopart.com:443/C2012X7R1H104K085AA-TDK-datasheet-41169347.pdf?src-supplier=element14+APAC"; VariantName = "[No Variations]"
Add component (AddParameter): Name = "ComponentLink7Description"; Value = "https://datasheet.octopart.com:443/C2012X7R1H104K085AA-TDK-datasheet-82475248.pdf?src-supplier=Newark"; VariantName = "[No Variations]"
Add component (AddParameter): Name = "ComponentLink7URL"; Value = "https://datasheet.octopart.com:443/C2012X7R1H104K085AA-TDK-datasheet-82475248.pdf?src-supplier=Newark"; VariantName = "[No Variations]"
Add component (AddParameter): Name = "ComponentLink8Description"; Value = "https://datasheet.octopart.com:443/C2012X7R1H104K085AA-TDK-datasheet-13444418.pdf?src-supplier=Newark"; VariantName = "[No Variations]"
Add component (AddParameter): Name = "ComponentLink8URL"; Value = "https://datasheet.octopart.com:443/C2012X7R1H104K085AA-TDK-datasheet-13444418.pdf?src-supplier=Newark"; VariantName = "[No Variations]"
Add component (AddParameter): Name = "ComponentLink9Description"; Value = "https://datasheet.octopart.com:443/C2012X7R1H104K085AA-TDK-datasheet-23766614.pdf?src-supplier=Newark"; VariantName = "[No Variations]"
Add component (AddParameter): Name = "ComponentLink9URL"; Value = "https://datasheet.octopart.com:443/C2012X7R1H104K085AA-TDK-datasheet-23766614.pdf?src-supplier=Newark"; VariantName = "[No Variations]"
Add component (AddParameter): Name = "ComponentLink10Description"; Value = "https://datasheet.octopart.com:443/C2012X7R1H104K085AA-TDK-datasheet-12509848.pdf?src-supplier=Future+Electronics"; VariantName = "[No Variations]"
Add component (AddParameter): Name = "ComponentLink10URL"; Value = "https://datasheet.octopart.com:443/C2012X7R1H104K085AA-TDK-datasheet-12509848.pdf?src-supplier=Future+Electronics"; VariantName = "[No Variations]"
Add component (AddParameter): Name = "ComponentLink11Description"; Value = "https://datasheet.octopart.com:443/C2012X7R1H104K085AA-TDK-datasheet-8852320.pdf?src-supplier=Future+Electronics"; VariantName = "[No Variations]"
Add component (AddParameter): Name = "ComponentLink11URL"; Value = "https://datasheet.octopart.com:443/C2012X7R1H104K085AA-TDK-datasheet-8852320.pdf?src-supplier=Future+Electronics"; VariantName = "[No Variations]"
Add component (AddParameter): Name = "ComponentLink12Description"; Value = "https://datasheet.octopart.com:443/C2012X7R1H104K085AA-TDK-datasheet-8359770.pdf?src-supplier=Future+Electronics"; VariantName = "[No Variations]"
Add component (AddParameter): Name = "ComponentLink12URL"; Value = "https://datasheet.octopart.com:443/C2012X7R1H104K085AA-TDK-datasheet-8359770.pdf?src-supplier=Future+Electronics"; VariantName = "[No Variations]"
Add component (AddParameter): Name = "ComponentLink13Description"; Value = "https://datasheet.octopart.com:443/C2012X7R1H104K085AA-TDK-datasheet-8324322.pdf?src-supplier=Future+Electronics"; VariantName = "[No Variations]"
Add component (AddParameter): Name = "ComponentLink13URL"; Value = "https://datasheet.octopart.com:443/C2012X7R1H104K085AA-TDK-datasheet-8324322.pdf?src-supplier=Future+Electronics"; VariantName = "[No Variations]"
Add component (AddParameter): Name = "ComponentLink14Description"; Value = "https://datasheet.octopart.com:443/C2012X7R1H104K085AA-TDK-datasheet-128946.pdf?src-supplier=Future+Electronics"; VariantName = "[No Variations]"
Add component (AddParameter): Name = "ComponentLink14URL"; Value = "https://datasheet.octopart.com:443/C2012X7R1H104K085AA-TDK-datasheet-128946.pdf?src-supplier=Future+Electronics"; VariantName = "[No Variations]"
Add component (AddParameter): Name = "ComponentLink15Description"; Value = "https://datasheet.octopart.com:443/C2012X7R1H104K085AA-TDK-datasheet-11730548.pdf?src-supplier=Electro+Sonic"; VariantName = "[No Variations]"
Add component (AddParameter): Name = "ComponentLink15URL"; Value = "https://datasheet.octopart.com:443/C2012X7R1H104K085AA-TDK-datasheet-11730548.pdf?src-supplier=Electro+Sonic"; VariantName = "[No Variations]"
Add component (AddParameter): Name = "Composition"; Value = "Ceramic"; VariantName = "[No Variations]"
Add component (AddParameter): Name = "Depth"; Value = "1.25mm"; VariantName = "[No Variations]"
Add component (AddParameter): Name = "Dielectric"; Value = "X7R"; VariantName = "[No Variations]"
Add component (AddParameter): Name = "Dielectric Material"; Value = "Ceramic"; VariantName = "[No Variations]"
Add component (AddParameter): Name = "Export Control Classification Number (ECCN) Code"; Value = "EAR99"; VariantName = "[No Variations]"
Add component (AddParameter): Name = "Harmonized Tariff Schedule (HTS) Code"; Value = "8532.24.00.20"; VariantName = "[No Variations]"
Add component (AddParameter): Name = "Height"; Value = "850µm"; VariantName = "[No Variations]"
Add component (AddParameter): Name = "Introduction Date"; Value = "2012-08-21"; VariantName = "[No Variations]"
Add component (AddParameter): Name = "Lead Free"; Value = "Lead Free"; VariantName = "[No Variations]"
Add component (AddParameter): Name = "Length"; Value = "2mm"; VariantName = "[No Variations]"
Add component (AddParameter): Name = "Lifecycle Status"; Value = "NRND"; VariantName = "[No Variations]"
Add component (AddParameter): Name = "Manufacturer"; Value = "TDK"; VariantName = "[No Variations]"
Add component (AddParameter): Name = "Manufacturer Lifecycle Status"; Value = "PRODUCTION (NOT RECOMMENDED FOR NEW DESIGN)"; VariantName = "[No Variations]"
Add component (AddParameter): Name = "Manufacturer Part Number"; Value = "C2012X7R1H104K085AA"; VariantName = "[No Variations]"
Add component (AddParameter): Name = "Material"; Value = "Ceramic"; VariantName = "[No Variations]"
Add component (AddParameter): Name = "Max Length"; Value = "2.2mm"; VariantName = "[No Variations]"
Add component (AddParameter): Name = "Max Operating Temperature"; Value = "125°C"; VariantName = "[No Variations]"
Add component (AddParameter): Name = "Max Width"; Value = "1.45mm"; VariantName = "[No Variations]"
Add component (AddParameter): Name = "Min Length"; Value = "1.8mm"; VariantName = "[No Variations]"
Add component (AddParameter): Name = "Min Operating Temperature"; Value = "-55°C"; VariantName = "[No Variations]"
Add component (AddParameter): Name = "Min Width"; Value = "1.05mm"; VariantName = "[No Variations]"
Add component (AddParameter): Name = "Mounting Technology"; Value = "Surface Mount"; VariantName = "[No Variations]"
Add component (AddParameter): Name = "Number of Terminals"; Value = "2"; VariantName = "[No Variations]"
Add component (AddParameter): Name = "Pins"; Value = "2"; VariantName = "[No Variations]"
Add component (AddParameter): Name = "Pricing"; Value = "1=0.12, 10=0.069, 50=0.0482, 100=0.0418, 500=0.03104, 1000=0.02773 (USD)"; VariantName = "[No Variations]"
Add component (AddParameter): Name = "Radiation Hardening"; Value = "No"; VariantName = "[No Variations]"
Add component (AddParameter): Name = "REACH SVHC"; Value = "Yes"; VariantName = "[No Variations]"
Add component (AddParameter): Name = "RoHS"; Value = "Compliant"; VariantName = "[No Variations]"
Add component (AddParameter): Name = "Schedule B"; Value = "8532240020, 8532240020|8532240020|8532240020|8532240020|8532240020"; VariantName = "[No Variations]"
Add component (AddParameter): Name = "Stock"; Value = "478758"; VariantName = "[No Variations]"
Add component (AddParameter): Name = "Supplier"; Value = "DigiKey"; VariantName = "[No Variations]"
Add component (AddParameter): Name = "Supplier Part Number"; Value = "445-7534-1-ND"; VariantName = "[No Variations]"
Add component (AddParameter): Name = "Termination"; Value = "SMD/SMT"; VariantName = "[No Variations]"
Add component (AddParameter): Name = "Tolerance"; Value = "10%"; VariantName = "[No Variations]"
Add component (AddParameter): Name = "Value"; Value = "100nF"; VariantName = "[No Variations]"
Add component (AddParameter): Name = "Voltage"; Value = "50V"; VariantName = "[No Variations]"
Add component (AddParameter): Name = "Voltage Rating"; Value = "50V"; VariantName = "[No Variations]"
Add component (AddParameter): Name = "Voltage Rating (DC)"; Value = "50V"; VariantName = "[No Variations]"
Add component (AddParameter): Name = "Weight"; Value = "5.499807mg"; VariantName = "[No Variations]"
Add component (AddParameter): Name = "Width"; Value = "1.25mm"; VariantName = "[No Variations]"
Added Component: Designator=C12(C0805)
Add component (AddParameter): Name = "Case Code (Imperial)"; Value = "0805"; VariantName = "[No Variations]"
Add component (AddParameter): Name = "Case Code (Metric)"; Value = "2012"; VariantName = "[No Variations]"
Add component (AddParameter): Name = "Case/Package"; Value = "0805"; VariantName = "[No Variations]"
Add component (AddParameter): Name = "Category"; Value = "Ceramic Capacitors"; VariantName = "[No Variations]"
Add component (AddParameter): Name = "China RoHS"; Value = "Compliant"; VariantName = "[No Variations]"
Add component (AddParameter): Name = "ComponentLink1Description"; Value = "https://datasheet.octopart.com:443/C2012X5R1C106K085AC-TDK-datasheet-175423548.pdf?src-supplier=IHS"; VariantName = "[No Variations]"
Add component (AddParameter): Name = "ComponentLink1URL"; Value = "https://datasheet.octopart.com:443/C2012X5R1C106K085AC-TDK-datasheet-175423548.pdf?src-supplier=IHS"; VariantName = "[No Variations]"
Add component (AddParameter): Name = "ComponentLink2Description"; Value = "https://datasheet.octopart.com:443/C2012X5R1C106K085AC-TDK-datasheet-151546523.pdf?src-supplier=ODG+(Origin+Data+Global)"; VariantName = "[No Variations]"
Add component (AddParameter): Name = "ComponentLink2URL"; Value = "https://datasheet.octopart.com:443/C2012X5R1C106K085AC-TDK-datasheet-151546523.pdf?src-supplier=ODG+(Origin+Data+Global)"; VariantName = "[No Variations]"
Add component (AddParameter): Name = "ComponentLink3Description"; Value = "https://datasheet.octopart.com/C2012X5R1C106K085AC-TDK-datasheet-41194876.pdf"; VariantName = "[No Variations]"
Add component (AddParameter): Name = "ComponentLink3URL"; Value = "https://datasheet.octopart.com/C2012X5R1C106K085AC-TDK-datasheet-41194876.pdf"; VariantName = "[No Variations]"
Add component (AddParameter): Name = "ComponentLink4Description"; Value = "https://datasheet.octopart.com:443/C2012X5R1C106K085AC-TDK-datasheet-82475248.pdf?src-supplier=Newark"; VariantName = "[No Variations]"
Add component (AddParameter): Name = "ComponentLink4URL"; Value = "https://datasheet.octopart.com:443/C2012X5R1C106K085AC-TDK-datasheet-82475248.pdf?src-supplier=Newark"; VariantName = "[No Variations]"
Add component (AddParameter): Name = "ComponentLink5Description"; Value = "https://datasheet.octopart.com:443/C2012X5R1C106K085AC-TDK-datasheet-23766614.pdf?src-supplier=Newark"; VariantName = "[No Variations]"
Add component (AddParameter): Name = "ComponentLink5URL"; Value = "https://datasheet.octopart.com:443/C2012X5R1C106K085AC-TDK-datasheet-23766614.pdf?src-supplier=Newark"; VariantName = "[No Variations]"
Add component (AddParameter): Name = "ComponentLink6Description"; Value = "https://datasheet.octopart.com:443/C2012X5R1C106K085AC-TDK-datasheet-20681607.pdf?src-supplier=Newark"; VariantName = "[No Variations]"
Add component (AddParameter): Name = "ComponentLink6URL"; Value = "https://datasheet.octopart.com:443/C2012X5R1C106K085AC-TDK-datasheet-20681607.pdf?src-supplier=Newark"; VariantName = "[No Variations]"
Add component (AddParameter): Name = "ComponentLink7Description"; Value = "https://datasheet.octopart.com:443/C2012X5R1C106K085AC-TDK-datasheet-13444418.pdf?src-supplier=Newark"; VariantName = "[No Variations]"
Add component (AddParameter): Name = "ComponentLink7URL"; Value = "https://datasheet.octopart.com:443/C2012X5R1C106K085AC-TDK-datasheet-13444418.pdf?src-supplier=Newark"; VariantName = "[No Variations]"
Add component (AddParameter): Name = "ComponentLink8Description"; Value = "https://datasheet.octopart.com:443/C2012X5R1C106K085AC-TDK-datasheet-12509848.pdf?src-supplier=Future+Electronics"; VariantName = "[No Variations]"
Add component (AddParameter): Name = "ComponentLink8URL"; Value = "https://datasheet.octopart.com:443/C2012X5R1C106K085AC-TDK-datasheet-12509848.pdf?src-supplier=Future+Electronics"; VariantName = "[No Variations]"
Add component (AddParameter): Name = "ComponentLink9Description"; Value = "https://datasheet.octopart.com:443/C2012X5R1C106K085AC-TDK-datasheet-10978788.pdf?src-supplier=Future+Electronics"; VariantName = "[No Variations]"
Add component (AddParameter): Name = "ComponentLink9URL"; Value = "https://datasheet.octopart.com:443/C2012X5R1C106K085AC-TDK-datasheet-10978788.pdf?src-supplier=Future+Electronics"; VariantName = "[No Variations]"
Add component (AddParameter): Name = "ComponentLink10Description"; Value = "https://datasheet.octopart.com:443/C2012X5R1C106K085AC-TDK-datasheet-8852320.pdf?src-supplier=Future+Electronics"; VariantName = "[No Variations]"
Add component (AddParameter): Name = "ComponentLink10URL"; Value = "https://datasheet.octopart.com:443/C2012X5R1C106K085AC-TDK-datasheet-8852320.pdf?src-supplier=Future+Electronics"; VariantName = "[No Variations]"
Add component (AddParameter): Name = "ComponentLink11Description"; Value = "https://datasheet.octopart.com:443/C2012X5R1C106K085AC-TDK-datasheet-8359770.pdf?src-supplier=Future+Electronics"; VariantName = "[No Variations]"
Add component (AddParameter): Name = "ComponentLink11URL"; Value = "https://datasheet.octopart.com:443/C2012X5R1C106K085AC-TDK-datasheet-8359770.pdf?src-supplier=Future+Electronics"; VariantName = "[No Variations]"
Add component (AddParameter): Name = "ComponentLink12Description"; Value = "https://datasheet.octopart.com:443/C2012X5R1C106K085AC-TDK-datasheet-8324322.pdf?src-supplier=Future+Electronics"; VariantName = "[No Variations]"
Add component (AddParameter): Name = "ComponentLink12URL"; Value = "https://datasheet.octopart.com:443/C2012X5R1C106K085AC-TDK-datasheet-8324322.pdf?src-supplier=Future+Electronics"; VariantName = "[No Variations]"
Add component (AddParameter): Name = "ComponentLink13Description"; Value = "https://datasheet.octopart.com:443/C2012X5R1C106K085AC-TDK-datasheet-128946.pdf?src-supplier=Future+Electronics"; VariantName = "[No Variations]"
Add component (AddParameter): Name = "ComponentLink13URL"; Value = "https://datasheet.octopart.com:443/C2012X5R1C106K085AC-TDK-datasheet-128946.pdf?src-supplier=Future+Electronics"; VariantName = "[No Variations]"
Add component (AddParameter): Name = "Composition"; Value = "Ceramic"; VariantName = "[No Variations]"
Add component (AddParameter): Name = "Depth"; Value = "1.25mm"; VariantName = "[No Variations]"
Add component (AddParameter): Name = "Dielectric"; Value = "X5R"; VariantName = "[No Variations]"
Add component (AddParameter): Name = "Dielectric Material"; Value = "Ceramic"; VariantName = "[No Variations]"
Add component (AddParameter): Name = "Export Control Classification Number (ECCN) Code"; Value = "EAR99"; VariantName = "[No Variations]"
Add component (AddParameter): Name = "Harmonized Tariff Schedule (HTS) Code"; Value = "8532.24.00.20"; VariantName = "[No Variations]"
Add component (AddParameter): Name = "Height"; Value = "850µm"; VariantName = "[No Variations]"
Add component (AddParameter): Name = "Introduction Date"; Value = "2012-08-21"; VariantName = "[No Variations]"
Add component (AddParameter): Name = "Lead Free"; Value = "Lead Free"; VariantName = "[No Variations]"
Add component (AddParameter): Name = "Length"; Value = "2mm"; VariantName = "[No Variations]"
Add component (AddParameter): Name = "Lifecycle Status"; Value = "NRND"; VariantName = "[No Variations]"
Add component (AddParameter): Name = "Manufacturer"; Value = "TDK"; VariantName = "[No Variations]"
Add component (AddParameter): Name = "Manufacturer Lifecycle Status"; Value = "PRODUCTION (NOT RECOMMENDED FOR NEW DESIGN)"; VariantName = "[No Variations]"
Add component (AddParameter): Name = "Manufacturer Part Number"; Value = "C2012X5R1C106K085AC"; VariantName = "[No Variations]"
Add component (AddParameter): Name = "Material"; Value = "Ceramic"; VariantName = "[No Variations]"
Add component (AddParameter): Name = "Max Length"; Value = "2.2mm"; VariantName = "[No Variations]"
Add component (AddParameter): Name = "Max Operating Temperature"; Value = "85°C"; VariantName = "[No Variations]"
Add component (AddParameter): Name = "Max Width"; Value = "1.45mm"; VariantName = "[No Variations]"
Add component (AddParameter): Name = "Min Length"; Value = "1.8mm"; VariantName = "[No Variations]"
Add component (AddParameter): Name = "Min Operating Temperature"; Value = "-55°C"; VariantName = "[No Variations]"
Add component (AddParameter): Name = "Min Width"; Value = "1.05mm"; VariantName = "[No Variations]"
Add component (AddParameter): Name = "Mounting Technology"; Value = "Surface Mount"; VariantName = "[No Variations]"
Add component (AddParameter): Name = "Number of Terminals"; Value = "2"; VariantName = "[No Variations]"
Add component (AddParameter): Name = "Pins"; Value = "2"; VariantName = "[No Variations]"
Add component (AddParameter): Name = "Pricing"; Value = "1=0.21, 10=0.121, 50=0.0866, 100=0.076, 500=0.05824, 1000=0.05277 (USD)"; VariantName = "[No Variations]"
Add component (AddParameter): Name = "REACH SVHC"; Value = "Yes"; VariantName = "[No Variations]"
Add component (AddParameter): Name = "RoHS"; Value = "Compliant"; VariantName = "[No Variations]"
Add component (AddParameter): Name = "Schedule B"; Value = "8532240020, 8532240020|8532240020|8532240020|8532240020|8532240020"; VariantName = "[No Variations]"
Add component (AddParameter): Name = "Stock"; Value = "446443"; VariantName = "[No Variations]"
Add component (AddParameter): Name = "Supplier"; Value = "DigiKey"; VariantName = "[No Variations]"
Add component (AddParameter): Name = "Supplier Part Number"; Value = "445-7644-1-ND"; VariantName = "[No Variations]"
Add component (AddParameter): Name = "Termination"; Value = "SMD/SMT"; VariantName = "[No Variations]"
Add component (AddParameter): Name = "Tolerance"; Value = "10%"; VariantName = "[No Variations]"
Add component (AddParameter): Name = "Value"; Value = "10µF"; VariantName = "[No Variations]"
Add component (AddParameter): Name = "Voltage Rating"; Value = "16V"; VariantName = "[No Variations]"
Add component (AddParameter): Name = "Voltage Rating (DC)"; Value = "16V"; VariantName = "[No Variations]"
Add component (AddParameter): Name = "Weight"; Value = "5.499807mg"; VariantName = "[No Variations]"
Add component (AddParameter): Name = "Width"; Value = "1.25mm"; VariantName = "[No Variations]"
Added Component: Designator=C13(C0805)
Add component (AddParameter): Name = "Case Code (Imperial)"; Value = "0805"; VariantName = "[No Variations]"
Add component (AddParameter): Name = "Case Code (Metric)"; Value = "2012"; VariantName = "[No Variations]"
Add component (AddParameter): Name = "Case/Package"; Value = "0805"; VariantName = "[No Variations]"
Add component (AddParameter): Name = "Category"; Value = "Ceramic Capacitors"; VariantName = "[No Variations]"
Add component (AddParameter): Name = "China RoHS"; Value = "Compliant"; VariantName = "[No Variations]"
Add component (AddParameter): Name = "ComponentLink1Description"; Value = "https://datasheet.octopart.com:443/C2012X5R1C106K085AC-TDK-datasheet-175423548.pdf?src-supplier=IHS"; VariantName = "[No Variations]"
Add component (AddParameter): Name = "ComponentLink1URL"; Value = "https://datasheet.octopart.com:443/C2012X5R1C106K085AC-TDK-datasheet-175423548.pdf?src-supplier=IHS"; VariantName = "[No Variations]"
Add component (AddParameter): Name = "ComponentLink2Description"; Value = "https://datasheet.octopart.com:443/C2012X5R1C106K085AC-TDK-datasheet-151546523.pdf?src-supplier=ODG+(Origin+Data+Global)"; VariantName = "[No Variations]"
Add component (AddParameter): Name = "ComponentLink2URL"; Value = "https://datasheet.octopart.com:443/C2012X5R1C106K085AC-TDK-datasheet-151546523.pdf?src-supplier=ODG+(Origin+Data+Global)"; VariantName = "[No Variations]"
Add component (AddParameter): Name = "ComponentLink3Description"; Value = "https://datasheet.octopart.com/C2012X5R1C106K085AC-TDK-datasheet-41194876.pdf"; VariantName = "[No Variations]"
Add component (AddParameter): Name = "ComponentLink3URL"; Value = "https://datasheet.octopart.com/C2012X5R1C106K085AC-TDK-datasheet-41194876.pdf"; VariantName = "[No Variations]"
Add component (AddParameter): Name = "ComponentLink4Description"; Value = "https://datasheet.octopart.com:443/C2012X5R1C106K085AC-TDK-datasheet-82475248.pdf?src-supplier=Newark"; VariantName = "[No Variations]"
Add component (AddParameter): Name = "ComponentLink4URL"; Value = "https://datasheet.octopart.com:443/C2012X5R1C106K085AC-TDK-datasheet-82475248.pdf?src-supplier=Newark"; VariantName = "[No Variations]"
Add component (AddParameter): Name = "ComponentLink5Description"; Value = "https://datasheet.octopart.com:443/C2012X5R1C106K085AC-TDK-datasheet-23766614.pdf?src-supplier=Newark"; VariantName = "[No Variations]"
Add component (AddParameter): Name = "ComponentLink5URL"; Value = "https://datasheet.octopart.com:443/C2012X5R1C106K085AC-TDK-datasheet-23766614.pdf?src-supplier=Newark"; VariantName = "[No Variations]"
Add component (AddParameter): Name = "ComponentLink6Description"; Value = "https://datasheet.octopart.com:443/C2012X5R1C106K085AC-TDK-datasheet-20681607.pdf?src-supplier=Newark"; VariantName = "[No Variations]"
Add component (AddParameter): Name = "ComponentLink6URL"; Value = "https://datasheet.octopart.com:443/C2012X5R1C106K085AC-TDK-datasheet-20681607.pdf?src-supplier=Newark"; VariantName = "[No Variations]"
Add component (AddParameter): Name = "ComponentLink7Description"; Value = "https://datasheet.octopart.com:443/C2012X5R1C106K085AC-TDK-datasheet-13444418.pdf?src-supplier=Newark"; VariantName = "[No Variations]"
Add component (AddParameter): Name = "ComponentLink7URL"; Value = "https://datasheet.octopart.com:443/C2012X5R1C106K085AC-TDK-datasheet-13444418.pdf?src-supplier=Newark"; VariantName = "[No Variations]"
Add component (AddParameter): Name = "ComponentLink8Description"; Value = "https://datasheet.octopart.com:443/C2012X5R1C106K085AC-TDK-datasheet-12509848.pdf?src-supplier=Future+Electronics"; VariantName = "[No Variations]"
Add component (AddParameter): Name = "ComponentLink8URL"; Value = "https://datasheet.octopart.com:443/C2012X5R1C106K085AC-TDK-datasheet-12509848.pdf?src-supplier=Future+Electronics"; VariantName = "[No Variations]"
Add component (AddParameter): Name = "ComponentLink9Description"; Value = "https://datasheet.octopart.com:443/C2012X5R1C106K085AC-TDK-datasheet-10978788.pdf?src-supplier=Future+Electronics"; VariantName = "[No Variations]"
Add component (AddParameter): Name = "ComponentLink9URL"; Value = "https://datasheet.octopart.com:443/C2012X5R1C106K085AC-TDK-datasheet-10978788.pdf?src-supplier=Future+Electronics"; VariantName = "[No Variations]"
Add component (AddParameter): Name = "ComponentLink10Description"; Value = "https://datasheet.octopart.com:443/C2012X5R1C106K085AC-TDK-datasheet-8852320.pdf?src-supplier=Future+Electronics"; VariantName = "[No Variations]"
Add component (AddParameter): Name = "ComponentLink10URL"; Value = "https://datasheet.octopart.com:443/C2012X5R1C106K085AC-TDK-datasheet-8852320.pdf?src-supplier=Future+Electronics"; VariantName = "[No Variations]"
Add component (AddParameter): Name = "ComponentLink11Description"; Value = "https://datasheet.octopart.com:443/C2012X5R1C106K085AC-TDK-datasheet-8359770.pdf?src-supplier=Future+Electronics"; VariantName = "[No Variations]"
Add component (AddParameter): Name = "ComponentLink11URL"; Value = "https://datasheet.octopart.com:443/C2012X5R1C106K085AC-TDK-datasheet-8359770.pdf?src-supplier=Future+Electronics"; VariantName = "[No Variations]"
Add component (AddParameter): Name = "ComponentLink12Description"; Value = "https://datasheet.octopart.com:443/C2012X5R1C106K085AC-TDK-datasheet-8324322.pdf?src-supplier=Future+Electronics"; VariantName = "[No Variations]"
Add component (AddParameter): Name = "ComponentLink12URL"; Value = "https://datasheet.octopart.com:443/C2012X5R1C106K085AC-TDK-datasheet-8324322.pdf?src-supplier=Future+Electronics"; VariantName = "[No Variations]"
Add component (AddParameter): Name = "ComponentLink13Description"; Value = "https://datasheet.octopart.com:443/C2012X5R1C106K085AC-TDK-datasheet-128946.pdf?src-supplier=Future+Electronics"; VariantName = "[No Variations]"
Add component (AddParameter): Name = "ComponentLink13URL"; Value = "https://datasheet.octopart.com:443/C2012X5R1C106K085AC-TDK-datasheet-128946.pdf?src-supplier=Future+Electronics"; VariantName = "[No Variations]"
Add component (AddParameter): Name = "Composition"; Value = "Ceramic"; VariantName = "[No Variations]"
Add component (AddParameter): Name = "Depth"; Value = "1.25mm"; VariantName = "[No Variations]"
Add component (AddParameter): Name = "Dielectric"; Value = "X5R"; VariantName = "[No Variations]"
Add component (AddParameter): Name = "Dielectric Material"; Value = "Ceramic"; VariantName = "[No Variations]"
Add component (AddParameter): Name = "Export Control Classification Number (ECCN) Code"; Value = "EAR99"; VariantName = "[No Variations]"
Add component (AddParameter): Name = "Harmonized Tariff Schedule (HTS) Code"; Value = "8532.24.00.20"; VariantName = "[No Variations]"
Add component (AddParameter): Name = "Height"; Value = "850µm"; VariantName = "[No Variations]"
Add component (AddParameter): Name = "Introduction Date"; Value = "2012-08-21"; VariantName = "[No Variations]"
Add component (AddParameter): Name = "Lead Free"; Value = "Lead Free"; VariantName = "[No Variations]"
Add component (AddParameter): Name = "Length"; Value = "2mm"; VariantName = "[No Variations]"
Add component (AddParameter): Name = "Lifecycle Status"; Value = "NRND"; VariantName = "[No Variations]"
Add component (AddParameter): Name = "Manufacturer"; Value = "TDK"; VariantName = "[No Variations]"
Add component (AddParameter): Name = "Manufacturer Lifecycle Status"; Value = "PRODUCTION (NOT RECOMMENDED FOR NEW DESIGN)"; VariantName = "[No Variations]"
Add component (AddParameter): Name = "Manufacturer Part Number"; Value = "C2012X5R1C106K085AC"; VariantName = "[No Variations]"
Add component (AddParameter): Name = "Material"; Value = "Ceramic"; VariantName = "[No Variations]"
Add component (AddParameter): Name = "Max Length"; Value = "2.2mm"; VariantName = "[No Variations]"
Add component (AddParameter): Name = "Max Operating Temperature"; Value = "85°C"; VariantName = "[No Variations]"
Add component (AddParameter): Name = "Max Width"; Value = "1.45mm"; VariantName = "[No Variations]"
Add component (AddParameter): Name = "Min Length"; Value = "1.8mm"; VariantName = "[No Variations]"
Add component (AddParameter): Name = "Min Operating Temperature"; Value = "-55°C"; VariantName = "[No Variations]"
Add component (AddParameter): Name = "Min Width"; Value = "1.05mm"; VariantName = "[No Variations]"
Add component (AddParameter): Name = "Mounting Technology"; Value = "Surface Mount"; VariantName = "[No Variations]"
Add component (AddParameter): Name = "Number of Terminals"; Value = "2"; VariantName = "[No Variations]"
Add component (AddParameter): Name = "Pins"; Value = "2"; VariantName = "[No Variations]"
Add component (AddParameter): Name = "Pricing"; Value = "1=0.21, 10=0.121, 50=0.0866, 100=0.076, 500=0.05824, 1000=0.05277 (USD)"; VariantName = "[No Variations]"
Add component (AddParameter): Name = "REACH SVHC"; Value = "Yes"; VariantName = "[No Variations]"
Add component (AddParameter): Name = "RoHS"; Value = "Compliant"; VariantName = "[No Variations]"
Add component (AddParameter): Name = "Schedule B"; Value = "8532240020, 8532240020|8532240020|8532240020|8532240020|8532240020"; VariantName = "[No Variations]"
Add component (AddParameter): Name = "Stock"; Value = "446443"; VariantName = "[No Variations]"
Add component (AddParameter): Name = "Supplier"; Value = "DigiKey"; VariantName = "[No Variations]"
Add component (AddParameter): Name = "Supplier Part Number"; Value = "445-7644-1-ND"; VariantName = "[No Variations]"
Add component (AddParameter): Name = "Termination"; Value = "SMD/SMT"; VariantName = "[No Variations]"
Add component (AddParameter): Name = "Tolerance"; Value = "10%"; VariantName = "[No Variations]"
Add component (AddParameter): Name = "Value"; Value = "10µF"; VariantName = "[No Variations]"
Add component (AddParameter): Name = "Voltage Rating"; Value = "16V"; VariantName = "[No Variations]"
Add component (AddParameter): Name = "Voltage Rating (DC)"; Value = "16V"; VariantName = "[No Variations]"
Add component (AddParameter): Name = "Weight"; Value = "5.499807mg"; VariantName = "[No Variations]"
Add component (AddParameter): Name = "Width"; Value = "1.25mm"; VariantName = "[No Variations]"
Added Component: Designator=C14(C0805)
Add component (AddParameter): Name = "Case Code (Imperial)"; Value = "0805"; VariantName = "[No Variations]"
Add component (AddParameter): Name = "Case Code (Metric)"; Value = "2012"; VariantName = "[No Variations]"
Add component (AddParameter): Name = "Case/Package"; Value = "0805"; VariantName = "[No Variations]"
Add component (AddParameter): Name = "Category"; Value = "Ceramic Capacitors"; VariantName = "[No Variations]"
Add component (AddParameter): Name = "China RoHS"; Value = "Compliant"; VariantName = "[No Variations]"
Add component (AddParameter): Name = "ComponentLink1Description"; Value = "https://datasheet.octopart.com:443/C2012X7R1H104K085AA-TDK-datasheet-175423548.pdf?src-supplier=IHS"; VariantName = "[No Variations]"
Add component (AddParameter): Name = "ComponentLink1URL"; Value = "https://datasheet.octopart.com:443/C2012X7R1H104K085AA-TDK-datasheet-175423548.pdf?src-supplier=IHS"; VariantName = "[No Variations]"
Add component (AddParameter): Name = "ComponentLink2Description"; Value = "https://datasheet.octopart.com:443/C2012X7R1H104K085AA-TDK-datasheet-151546523.pdf?src-supplier=ODG+(Origin+Data+Global)"; VariantName = "[No Variations]"
Add component (AddParameter): Name = "ComponentLink2URL"; Value = "https://datasheet.octopart.com:443/C2012X7R1H104K085AA-TDK-datasheet-151546523.pdf?src-supplier=ODG+(Origin+Data+Global)"; VariantName = "[No Variations]"
Add component (AddParameter): Name = "ComponentLink3Description"; Value = "https://datasheet.octopart.com:443/C2012X7R1H104K085AA-TDK-datasheet-41194876.pdf?src-supplier=element14+APAC"; VariantName = "[No Variations]"
Add component (AddParameter): Name = "ComponentLink3URL"; Value = "https://datasheet.octopart.com:443/C2012X7R1H104K085AA-TDK-datasheet-41194876.pdf?src-supplier=element14+APAC"; VariantName = "[No Variations]"
Add component (AddParameter): Name = "ComponentLink4Description"; Value = "https://datasheet.octopart.com:443/C2012X7R1H104K085AA-TDK-datasheet-10978788.pdf?src-supplier=element14+APAC"; VariantName = "[No Variations]"
Add component (AddParameter): Name = "ComponentLink4URL"; Value = "https://datasheet.octopart.com:443/C2012X7R1H104K085AA-TDK-datasheet-10978788.pdf?src-supplier=element14+APAC"; VariantName = "[No Variations]"
Add component (AddParameter): Name = "ComponentLink5Description"; Value = "https://datasheet.octopart.com:443/C2012X7R1H104K085AA-TDK-datasheet-13376850.pdf?src-supplier=element14+APAC"; VariantName = "[No Variations]"
Add component (AddParameter): Name = "ComponentLink5URL"; Value = "https://datasheet.octopart.com:443/C2012X7R1H104K085AA-TDK-datasheet-13376850.pdf?src-supplier=element14+APAC"; VariantName = "[No Variations]"
Add component (AddParameter): Name = "ComponentLink6Description"; Value = "https://datasheet.octopart.com:443/C2012X7R1H104K085AA-TDK-datasheet-41169347.pdf?src-supplier=element14+APAC"; VariantName = "[No Variations]"
Add component (AddParameter): Name = "ComponentLink6URL"; Value = "https://datasheet.octopart.com:443/C2012X7R1H104K085AA-TDK-datasheet-41169347.pdf?src-supplier=element14+APAC"; VariantName = "[No Variations]"
Add component (AddParameter): Name = "ComponentLink7Description"; Value = "https://datasheet.octopart.com:443/C2012X7R1H104K085AA-TDK-datasheet-82475248.pdf?src-supplier=Newark"; VariantName = "[No Variations]"
Add component (AddParameter): Name = "ComponentLink7URL"; Value = "https://datasheet.octopart.com:443/C2012X7R1H104K085AA-TDK-datasheet-82475248.pdf?src-supplier=Newark"; VariantName = "[No Variations]"
Add component (AddParameter): Name = "ComponentLink8Description"; Value = "https://datasheet.octopart.com:443/C2012X7R1H104K085AA-TDK-datasheet-13444418.pdf?src-supplier=Newark"; VariantName = "[No Variations]"
Add component (AddParameter): Name = "ComponentLink8URL"; Value = "https://datasheet.octopart.com:443/C2012X7R1H104K085AA-TDK-datasheet-13444418.pdf?src-supplier=Newark"; VariantName = "[No Variations]"
Add component (AddParameter): Name = "ComponentLink9Description"; Value = "https://datasheet.octopart.com:443/C2012X7R1H104K085AA-TDK-datasheet-23766614.pdf?src-supplier=Newark"; VariantName = "[No Variations]"
Add component (AddParameter): Name = "ComponentLink9URL"; Value = "https://datasheet.octopart.com:443/C2012X7R1H104K085AA-TDK-datasheet-23766614.pdf?src-supplier=Newark"; VariantName = "[No Variations]"
Add component (AddParameter): Name = "ComponentLink10Description"; Value = "https://datasheet.octopart.com:443/C2012X7R1H104K085AA-TDK-datasheet-12509848.pdf?src-supplier=Future+Electronics"; VariantName = "[No Variations]"
Add component (AddParameter): Name = "ComponentLink10URL"; Value = "https://datasheet.octopart.com:443/C2012X7R1H104K085AA-TDK-datasheet-12509848.pdf?src-supplier=Future+Electronics"; VariantName = "[No Variations]"
Add component (AddParameter): Name = "ComponentLink11Description"; Value = "https://datasheet.octopart.com:443/C2012X7R1H104K085AA-TDK-datasheet-8852320.pdf?src-supplier=Future+Electronics"; VariantName = "[No Variations]"
Add component (AddParameter): Name = "ComponentLink11URL"; Value = "https://datasheet.octopart.com:443/C2012X7R1H104K085AA-TDK-datasheet-8852320.pdf?src-supplier=Future+Electronics"; VariantName = "[No Variations]"
Add component (AddParameter): Name = "ComponentLink12Description"; Value = "https://datasheet.octopart.com:443/C2012X7R1H104K085AA-TDK-datasheet-8359770.pdf?src-supplier=Future+Electronics"; VariantName = "[No Variations]"
Add component (AddParameter): Name = "ComponentLink12URL"; Value = "https://datasheet.octopart.com:443/C2012X7R1H104K085AA-TDK-datasheet-8359770.pdf?src-supplier=Future+Electronics"; VariantName = "[No Variations]"
Add component (AddParameter): Name = "ComponentLink13Description"; Value = "https://datasheet.octopart.com:443/C2012X7R1H104K085AA-TDK-datasheet-8324322.pdf?src-supplier=Future+Electronics"; VariantName = "[No Variations]"
Add component (AddParameter): Name = "ComponentLink13URL"; Value = "https://datasheet.octopart.com:443/C2012X7R1H104K085AA-TDK-datasheet-8324322.pdf?src-supplier=Future+Electronics"; VariantName = "[No Variations]"
Add component (AddParameter): Name = "ComponentLink14Description"; Value = "https://datasheet.octopart.com:443/C2012X7R1H104K085AA-TDK-datasheet-128946.pdf?src-supplier=Future+Electronics"; VariantName = "[No Variations]"
Add component (AddParameter): Name = "ComponentLink14URL"; Value = "https://datasheet.octopart.com:443/C2012X7R1H104K085AA-TDK-datasheet-128946.pdf?src-supplier=Future+Electronics"; VariantName = "[No Variations]"
Add component (AddParameter): Name = "ComponentLink15Description"; Value = "https://datasheet.octopart.com:443/C2012X7R1H104K085AA-TDK-datasheet-11730548.pdf?src-supplier=Electro+Sonic"; VariantName = "[No Variations]"
Add component (AddParameter): Name = "ComponentLink15URL"; Value = "https://datasheet.octopart.com:443/C2012X7R1H104K085AA-TDK-datasheet-11730548.pdf?src-supplier=Electro+Sonic"; VariantName = "[No Variations]"
Add component (AddParameter): Name = "Composition"; Value = "Ceramic"; VariantName = "[No Variations]"
Add component (AddParameter): Name = "Depth"; Value = "1.25mm"; VariantName = "[No Variations]"
Add component (AddParameter): Name = "Dielectric"; Value = "X7R"; VariantName = "[No Variations]"
Add component (AddParameter): Name = "Dielectric Material"; Value = "Ceramic"; VariantName = "[No Variations]"
Add component (AddParameter): Name = "Export Control Classification Number (ECCN) Code"; Value = "EAR99"; VariantName = "[No Variations]"
Add component (AddParameter): Name = "Harmonized Tariff Schedule (HTS) Code"; Value = "8532.24.00.20"; VariantName = "[No Variations]"
Add component (AddParameter): Name = "Height"; Value = "850µm"; VariantName = "[No Variations]"
Add component (AddParameter): Name = "Introduction Date"; Value = "2012-08-21"; VariantName = "[No Variations]"
Add component (AddParameter): Name = "Lead Free"; Value = "Lead Free"; VariantName = "[No Variations]"
Add component (AddParameter): Name = "Length"; Value = "2mm"; VariantName = "[No Variations]"
Add component (AddParameter): Name = "Lifecycle Status"; Value = "NRND"; VariantName = "[No Variations]"
Add component (AddParameter): Name = "Manufacturer"; Value = "TDK"; VariantName = "[No Variations]"
Add component (AddParameter): Name = "Manufacturer Lifecycle Status"; Value = "PRODUCTION (NOT RECOMMENDED FOR NEW DESIGN)"; VariantName = "[No Variations]"
Add component (AddParameter): Name = "Manufacturer Part Number"; Value = "C2012X7R1H104K085AA"; VariantName = "[No Variations]"
Add component (AddParameter): Name = "Material"; Value = "Ceramic"; VariantName = "[No Variations]"
Add component (AddParameter): Name = "Max Length"; Value = "2.2mm"; VariantName = "[No Variations]"
Add component (AddParameter): Name = "Max Operating Temperature"; Value = "125°C"; VariantName = "[No Variations]"
Add component (AddParameter): Name = "Max Width"; Value = "1.45mm"; VariantName = "[No Variations]"
Add component (AddParameter): Name = "Min Length"; Value = "1.8mm"; VariantName = "[No Variations]"
Add component (AddParameter): Name = "Min Operating Temperature"; Value = "-55°C"; VariantName = "[No Variations]"
Add component (AddParameter): Name = "Min Width"; Value = "1.05mm"; VariantName = "[No Variations]"
Add component (AddParameter): Name = "Mounting Technology"; Value = "Surface Mount"; VariantName = "[No Variations]"
Add component (AddParameter): Name = "Number of Terminals"; Value = "2"; VariantName = "[No Variations]"
Add component (AddParameter): Name = "Pins"; Value = "2"; VariantName = "[No Variations]"
Add component (AddParameter): Name = "Pricing"; Value = "1=0.12, 10=0.069, 50=0.0482, 100=0.0418, 500=0.03104, 1000=0.02773 (USD)"; VariantName = "[No Variations]"
Add component (AddParameter): Name = "Radiation Hardening"; Value = "No"; VariantName = "[No Variations]"
Add component (AddParameter): Name = "REACH SVHC"; Value = "Yes"; VariantName = "[No Variations]"
Add component (AddParameter): Name = "RoHS"; Value = "Compliant"; VariantName = "[No Variations]"
Add component (AddParameter): Name = "Schedule B"; Value = "8532240020, 8532240020|8532240020|8532240020|8532240020|8532240020"; VariantName = "[No Variations]"
Add component (AddParameter): Name = "Stock"; Value = "478758"; VariantName = "[No Variations]"
Add component (AddParameter): Name = "Supplier"; Value = "DigiKey"; VariantName = "[No Variations]"
Add component (AddParameter): Name = "Supplier Part Number"; Value = "445-7534-1-ND"; VariantName = "[No Variations]"
Add component (AddParameter): Name = "Termination"; Value = "SMD/SMT"; VariantName = "[No Variations]"
Add component (AddParameter): Name = "Tolerance"; Value = "10%"; VariantName = "[No Variations]"
Add component (AddParameter): Name = "Value"; Value = "100nF"; VariantName = "[No Variations]"
Add component (AddParameter): Name = "Voltage"; Value = "50V"; VariantName = "[No Variations]"
Add component (AddParameter): Name = "Voltage Rating"; Value = "50V"; VariantName = "[No Variations]"
Add component (AddParameter): Name = "Voltage Rating (DC)"; Value = "50V"; VariantName = "[No Variations]"
Add component (AddParameter): Name = "Weight"; Value = "5.499807mg"; VariantName = "[No Variations]"
Add component (AddParameter): Name = "Width"; Value = "1.25mm"; VariantName = "[No Variations]"
Added Component: Designator=C15(C0805)
Add component (AddParameter): Name = "Case Code (Imperial)"; Value = "0805"; VariantName = "[No Variations]"
Add component (AddParameter): Name = "Case Code (Metric)"; Value = "2012"; VariantName = "[No Variations]"
Add component (AddParameter): Name = "Case/Package"; Value = "0805"; VariantName = "[No Variations]"
Add component (AddParameter): Name = "Category"; Value = "Ceramic Capacitors"; VariantName = "[No Variations]"
Add component (AddParameter): Name = "China RoHS"; Value = "Compliant"; VariantName = "[No Variations]"
Add component (AddParameter): Name = "ComponentLink1Description"; Value = "https://datasheet.octopart.com:443/C2012X7R1H104K085AA-TDK-datasheet-175423548.pdf?src-supplier=IHS"; VariantName = "[No Variations]"
Add component (AddParameter): Name = "ComponentLink1URL"; Value = "https://datasheet.octopart.com:443/C2012X7R1H104K085AA-TDK-datasheet-175423548.pdf?src-supplier=IHS"; VariantName = "[No Variations]"
Add component (AddParameter): Name = "ComponentLink2Description"; Value = "https://datasheet.octopart.com:443/C2012X7R1H104K085AA-TDK-datasheet-151546523.pdf?src-supplier=ODG+(Origin+Data+Global)"; VariantName = "[No Variations]"
Add component (AddParameter): Name = "ComponentLink2URL"; Value = "https://datasheet.octopart.com:443/C2012X7R1H104K085AA-TDK-datasheet-151546523.pdf?src-supplier=ODG+(Origin+Data+Global)"; VariantName = "[No Variations]"
Add component (AddParameter): Name = "ComponentLink3Description"; Value = "https://datasheet.octopart.com:443/C2012X7R1H104K085AA-TDK-datasheet-41194876.pdf?src-supplier=element14+APAC"; VariantName = "[No Variations]"
Add component (AddParameter): Name = "ComponentLink3URL"; Value = "https://datasheet.octopart.com:443/C2012X7R1H104K085AA-TDK-datasheet-41194876.pdf?src-supplier=element14+APAC"; VariantName = "[No Variations]"
Add component (AddParameter): Name = "ComponentLink4Description"; Value = "https://datasheet.octopart.com:443/C2012X7R1H104K085AA-TDK-datasheet-10978788.pdf?src-supplier=element14+APAC"; VariantName = "[No Variations]"
Add component (AddParameter): Name = "ComponentLink4URL"; Value = "https://datasheet.octopart.com:443/C2012X7R1H104K085AA-TDK-datasheet-10978788.pdf?src-supplier=element14+APAC"; VariantName = "[No Variations]"
Add component (AddParameter): Name = "ComponentLink5Description"; Value = "https://datasheet.octopart.com:443/C2012X7R1H104K085AA-TDK-datasheet-13376850.pdf?src-supplier=element14+APAC"; VariantName = "[No Variations]"
Add component (AddParameter): Name = "ComponentLink5URL"; Value = "https://datasheet.octopart.com:443/C2012X7R1H104K085AA-TDK-datasheet-13376850.pdf?src-supplier=element14+APAC"; VariantName = "[No Variations]"
Add component (AddParameter): Name = "ComponentLink6Description"; Value = "https://datasheet.octopart.com:443/C2012X7R1H104K085AA-TDK-datasheet-41169347.pdf?src-supplier=element14+APAC"; VariantName = "[No Variations]"
Add component (AddParameter): Name = "ComponentLink6URL"; Value = "https://datasheet.octopart.com:443/C2012X7R1H104K085AA-TDK-datasheet-41169347.pdf?src-supplier=element14+APAC"; VariantName = "[No Variations]"
Add component (AddParameter): Name = "ComponentLink7Description"; Value = "https://datasheet.octopart.com:443/C2012X7R1H104K085AA-TDK-datasheet-82475248.pdf?src-supplier=Newark"; VariantName = "[No Variations]"
Add component (AddParameter): Name = "ComponentLink7URL"; Value = "https://datasheet.octopart.com:443/C2012X7R1H104K085AA-TDK-datasheet-82475248.pdf?src-supplier=Newark"; VariantName = "[No Variations]"
Add component (AddParameter): Name = "ComponentLink8Description"; Value = "https://datasheet.octopart.com:443/C2012X7R1H104K085AA-TDK-datasheet-13444418.pdf?src-supplier=Newark"; VariantName = "[No Variations]"
Add component (AddParameter): Name = "ComponentLink8URL"; Value = "https://datasheet.octopart.com:443/C2012X7R1H104K085AA-TDK-datasheet-13444418.pdf?src-supplier=Newark"; VariantName = "[No Variations]"
Add component (AddParameter): Name = "ComponentLink9Description"; Value = "https://datasheet.octopart.com:443/C2012X7R1H104K085AA-TDK-datasheet-23766614.pdf?src-supplier=Newark"; VariantName = "[No Variations]"
Add component (AddParameter): Name = "ComponentLink9URL"; Value = "https://datasheet.octopart.com:443/C2012X7R1H104K085AA-TDK-datasheet-23766614.pdf?src-supplier=Newark"; VariantName = "[No Variations]"
Add component (AddParameter): Name = "ComponentLink10Description"; Value = "https://datasheet.octopart.com:443/C2012X7R1H104K085AA-TDK-datasheet-12509848.pdf?src-supplier=Future+Electronics"; VariantName = "[No Variations]"
Add component (AddParameter): Name = "ComponentLink10URL"; Value = "https://datasheet.octopart.com:443/C2012X7R1H104K085AA-TDK-datasheet-12509848.pdf?src-supplier=Future+Electronics"; VariantName = "[No Variations]"
Add component (AddParameter): Name = "ComponentLink11Description"; Value = "https://datasheet.octopart.com:443/C2012X7R1H104K085AA-TDK-datasheet-8852320.pdf?src-supplier=Future+Electronics"; VariantName = "[No Variations]"
Add component (AddParameter): Name = "ComponentLink11URL"; Value = "https://datasheet.octopart.com:443/C2012X7R1H104K085AA-TDK-datasheet-8852320.pdf?src-supplier=Future+Electronics"; VariantName = "[No Variations]"
Add component (AddParameter): Name = "ComponentLink12Description"; Value = "https://datasheet.octopart.com:443/C2012X7R1H104K085AA-TDK-datasheet-8359770.pdf?src-supplier=Future+Electronics"; VariantName = "[No Variations]"
Add component (AddParameter): Name = "ComponentLink12URL"; Value = "https://datasheet.octopart.com:443/C2012X7R1H104K085AA-TDK-datasheet-8359770.pdf?src-supplier=Future+Electronics"; VariantName = "[No Variations]"
Add component (AddParameter): Name = "ComponentLink13Description"; Value = "https://datasheet.octopart.com:443/C2012X7R1H104K085AA-TDK-datasheet-8324322.pdf?src-supplier=Future+Electronics"; VariantName = "[No Variations]"
Add component (AddParameter): Name = "ComponentLink13URL"; Value = "https://datasheet.octopart.com:443/C2012X7R1H104K085AA-TDK-datasheet-8324322.pdf?src-supplier=Future+Electronics"; VariantName = "[No Variations]"
Add component (AddParameter): Name = "ComponentLink14Description"; Value = "https://datasheet.octopart.com:443/C2012X7R1H104K085AA-TDK-datasheet-128946.pdf?src-supplier=Future+Electronics"; VariantName = "[No Variations]"
Add component (AddParameter): Name = "ComponentLink14URL"; Value = "https://datasheet.octopart.com:443/C2012X7R1H104K085AA-TDK-datasheet-128946.pdf?src-supplier=Future+Electronics"; VariantName = "[No Variations]"
Add component (AddParameter): Name = "ComponentLink15Description"; Value = "https://datasheet.octopart.com:443/C2012X7R1H104K085AA-TDK-datasheet-11730548.pdf?src-supplier=Electro+Sonic"; VariantName = "[No Variations]"
Add component (AddParameter): Name = "ComponentLink15URL"; Value = "https://datasheet.octopart.com:443/C2012X7R1H104K085AA-TDK-datasheet-11730548.pdf?src-supplier=Electro+Sonic"; VariantName = "[No Variations]"
Add component (AddParameter): Name = "Composition"; Value = "Ceramic"; VariantName = "[No Variations]"
Add component (AddParameter): Name = "Depth"; Value = "1.25mm"; VariantName = "[No Variations]"
Add component (AddParameter): Name = "Dielectric"; Value = "X7R"; VariantName = "[No Variations]"
Add component (AddParameter): Name = "Dielectric Material"; Value = "Ceramic"; VariantName = "[No Variations]"
Add component (AddParameter): Name = "Export Control Classification Number (ECCN) Code"; Value = "EAR99"; VariantName = "[No Variations]"
Add component (AddParameter): Name = "Harmonized Tariff Schedule (HTS) Code"; Value = "8532.24.00.20"; VariantName = "[No Variations]"
Add component (AddParameter): Name = "Height"; Value = "850µm"; VariantName = "[No Variations]"
Add component (AddParameter): Name = "Introduction Date"; Value = "2012-08-21"; VariantName = "[No Variations]"
Add component (AddParameter): Name = "Lead Free"; Value = "Lead Free"; VariantName = "[No Variations]"
Add component (AddParameter): Name = "Length"; Value = "2mm"; VariantName = "[No Variations]"
Add component (AddParameter): Name = "Lifecycle Status"; Value = "NRND"; VariantName = "[No Variations]"
Add component (AddParameter): Name = "Manufacturer"; Value = "TDK"; VariantName = "[No Variations]"
Add component (AddParameter): Name = "Manufacturer Lifecycle Status"; Value = "PRODUCTION (NOT RECOMMENDED FOR NEW DESIGN)"; VariantName = "[No Variations]"
Add component (AddParameter): Name = "Manufacturer Part Number"; Value = "C2012X7R1H104K085AA"; VariantName = "[No Variations]"
Add component (AddParameter): Name = "Material"; Value = "Ceramic"; VariantName = "[No Variations]"
Add component (AddParameter): Name = "Max Length"; Value = "2.2mm"; VariantName = "[No Variations]"
Add component (AddParameter): Name = "Max Operating Temperature"; Value = "125°C"; VariantName = "[No Variations]"
Add component (AddParameter): Name = "Max Width"; Value = "1.45mm"; VariantName = "[No Variations]"
Add component (AddParameter): Name = "Min Length"; Value = "1.8mm"; VariantName = "[No Variations]"
Add component (AddParameter): Name = "Min Operating Temperature"; Value = "-55°C"; VariantName = "[No Variations]"
Add component (AddParameter): Name = "Min Width"; Value = "1.05mm"; VariantName = "[No Variations]"
Add component (AddParameter): Name = "Mounting Technology"; Value = "Surface Mount"; VariantName = "[No Variations]"
Add component (AddParameter): Name = "Number of Terminals"; Value = "2"; VariantName = "[No Variations]"
Add component (AddParameter): Name = "Pins"; Value = "2"; VariantName = "[No Variations]"
Add component (AddParameter): Name = "Pricing"; Value = "1=0.12, 10=0.069, 50=0.0482, 100=0.0418, 500=0.03104, 1000=0.02773 (USD)"; VariantName = "[No Variations]"
Add component (AddParameter): Name = "Radiation Hardening"; Value = "No"; VariantName = "[No Variations]"
Add component (AddParameter): Name = "REACH SVHC"; Value = "Yes"; VariantName = "[No Variations]"
Add component (AddParameter): Name = "RoHS"; Value = "Compliant"; VariantName = "[No Variations]"
Add component (AddParameter): Name = "Schedule B"; Value = "8532240020, 8532240020|8532240020|8532240020|8532240020|8532240020"; VariantName = "[No Variations]"
Add component (AddParameter): Name = "Stock"; Value = "478758"; VariantName = "[No Variations]"
Add component (AddParameter): Name = "Supplier"; Value = "DigiKey"; VariantName = "[No Variations]"
Add component (AddParameter): Name = "Supplier Part Number"; Value = "445-7534-1-ND"; VariantName = "[No Variations]"
Add component (AddParameter): Name = "Termination"; Value = "SMD/SMT"; VariantName = "[No Variations]"
Add component (AddParameter): Name = "Tolerance"; Value = "10%"; VariantName = "[No Variations]"
Add component (AddParameter): Name = "Value"; Value = "100nF"; VariantName = "[No Variations]"
Add component (AddParameter): Name = "Voltage"; Value = "50V"; VariantName = "[No Variations]"
Add component (AddParameter): Name = "Voltage Rating"; Value = "50V"; VariantName = "[No Variations]"
Add component (AddParameter): Name = "Voltage Rating (DC)"; Value = "50V"; VariantName = "[No Variations]"
Add component (AddParameter): Name = "Weight"; Value = "5.499807mg"; VariantName = "[No Variations]"
Add component (AddParameter): Name = "Width"; Value = "1.25mm"; VariantName = "[No Variations]"
Added Component: Designator=C16(C0805)
Add component (AddParameter): Name = "Case Code (Imperial)"; Value = "0805"; VariantName = "[No Variations]"
Add component (AddParameter): Name = "Case Code (Metric)"; Value = "2012"; VariantName = "[No Variations]"
Add component (AddParameter): Name = "Case/Package"; Value = "0805"; VariantName = "[No Variations]"
Add component (AddParameter): Name = "Category"; Value = "Ceramic Capacitors"; VariantName = "[No Variations]"
Add component (AddParameter): Name = "China RoHS"; Value = "Compliant"; VariantName = "[No Variations]"
Add component (AddParameter): Name = "ComponentLink1Description"; Value = "https://datasheet.octopart.com:443/C2012X7R1H104K085AA-TDK-datasheet-175423548.pdf?src-supplier=IHS"; VariantName = "[No Variations]"
Add component (AddParameter): Name = "ComponentLink1URL"; Value = "https://datasheet.octopart.com:443/C2012X7R1H104K085AA-TDK-datasheet-175423548.pdf?src-supplier=IHS"; VariantName = "[No Variations]"
Add component (AddParameter): Name = "ComponentLink2Description"; Value = "https://datasheet.octopart.com:443/C2012X7R1H104K085AA-TDK-datasheet-151546523.pdf?src-supplier=ODG+(Origin+Data+Global)"; VariantName = "[No Variations]"
Add component (AddParameter): Name = "ComponentLink2URL"; Value = "https://datasheet.octopart.com:443/C2012X7R1H104K085AA-TDK-datasheet-151546523.pdf?src-supplier=ODG+(Origin+Data+Global)"; VariantName = "[No Variations]"
Add component (AddParameter): Name = "ComponentLink3Description"; Value = "https://datasheet.octopart.com:443/C2012X7R1H104K085AA-TDK-datasheet-41194876.pdf?src-supplier=element14+APAC"; VariantName = "[No Variations]"
Add component (AddParameter): Name = "ComponentLink3URL"; Value = "https://datasheet.octopart.com:443/C2012X7R1H104K085AA-TDK-datasheet-41194876.pdf?src-supplier=element14+APAC"; VariantName = "[No Variations]"
Add component (AddParameter): Name = "ComponentLink4Description"; Value = "https://datasheet.octopart.com:443/C2012X7R1H104K085AA-TDK-datasheet-10978788.pdf?src-supplier=element14+APAC"; VariantName = "[No Variations]"
Add component (AddParameter): Name = "ComponentLink4URL"; Value = "https://datasheet.octopart.com:443/C2012X7R1H104K085AA-TDK-datasheet-10978788.pdf?src-supplier=element14+APAC"; VariantName = "[No Variations]"
Add component (AddParameter): Name = "ComponentLink5Description"; Value = "https://datasheet.octopart.com:443/C2012X7R1H104K085AA-TDK-datasheet-13376850.pdf?src-supplier=element14+APAC"; VariantName = "[No Variations]"
Add component (AddParameter): Name = "ComponentLink5URL"; Value = "https://datasheet.octopart.com:443/C2012X7R1H104K085AA-TDK-datasheet-13376850.pdf?src-supplier=element14+APAC"; VariantName = "[No Variations]"
Add component (AddParameter): Name = "ComponentLink6Description"; Value = "https://datasheet.octopart.com:443/C2012X7R1H104K085AA-TDK-datasheet-41169347.pdf?src-supplier=element14+APAC"; VariantName = "[No Variations]"
Add component (AddParameter): Name = "ComponentLink6URL"; Value = "https://datasheet.octopart.com:443/C2012X7R1H104K085AA-TDK-datasheet-41169347.pdf?src-supplier=element14+APAC"; VariantName = "[No Variations]"
Add component (AddParameter): Name = "ComponentLink7Description"; Value = "https://datasheet.octopart.com:443/C2012X7R1H104K085AA-TDK-datasheet-82475248.pdf?src-supplier=Newark"; VariantName = "[No Variations]"
Add component (AddParameter): Name = "ComponentLink7URL"; Value = "https://datasheet.octopart.com:443/C2012X7R1H104K085AA-TDK-datasheet-82475248.pdf?src-supplier=Newark"; VariantName = "[No Variations]"
Add component (AddParameter): Name = "ComponentLink8Description"; Value = "https://datasheet.octopart.com:443/C2012X7R1H104K085AA-TDK-datasheet-13444418.pdf?src-supplier=Newark"; VariantName = "[No Variations]"
Add component (AddParameter): Name = "ComponentLink8URL"; Value = "https://datasheet.octopart.com:443/C2012X7R1H104K085AA-TDK-datasheet-13444418.pdf?src-supplier=Newark"; VariantName = "[No Variations]"
Add component (AddParameter): Name = "ComponentLink9Description"; Value = "https://datasheet.octopart.com:443/C2012X7R1H104K085AA-TDK-datasheet-23766614.pdf?src-supplier=Newark"; VariantName = "[No Variations]"
Add component (AddParameter): Name = "ComponentLink9URL"; Value = "https://datasheet.octopart.com:443/C2012X7R1H104K085AA-TDK-datasheet-23766614.pdf?src-supplier=Newark"; VariantName = "[No Variations]"
Add component (AddParameter): Name = "ComponentLink10Description"; Value = "https://datasheet.octopart.com:443/C2012X7R1H104K085AA-TDK-datasheet-12509848.pdf?src-supplier=Future+Electronics"; VariantName = "[No Variations]"
Add component (AddParameter): Name = "ComponentLink10URL"; Value = "https://datasheet.octopart.com:443/C2012X7R1H104K085AA-TDK-datasheet-12509848.pdf?src-supplier=Future+Electronics"; VariantName = "[No Variations]"
Add component (AddParameter): Name = "ComponentLink11Description"; Value = "https://datasheet.octopart.com:443/C2012X7R1H104K085AA-TDK-datasheet-8852320.pdf?src-supplier=Future+Electronics"; VariantName = "[No Variations]"
Add component (AddParameter): Name = "ComponentLink11URL"; Value = "https://datasheet.octopart.com:443/C2012X7R1H104K085AA-TDK-datasheet-8852320.pdf?src-supplier=Future+Electronics"; VariantName = "[No Variations]"
Add component (AddParameter): Name = "ComponentLink12Description"; Value = "https://datasheet.octopart.com:443/C2012X7R1H104K085AA-TDK-datasheet-8359770.pdf?src-supplier=Future+Electronics"; VariantName = "[No Variations]"
Add component (AddParameter): Name = "ComponentLink12URL"; Value = "https://datasheet.octopart.com:443/C2012X7R1H104K085AA-TDK-datasheet-8359770.pdf?src-supplier=Future+Electronics"; VariantName = "[No Variations]"
Add component (AddParameter): Name = "ComponentLink13Description"; Value = "https://datasheet.octopart.com:443/C2012X7R1H104K085AA-TDK-datasheet-8324322.pdf?src-supplier=Future+Electronics"; VariantName = "[No Variations]"
Add component (AddParameter): Name = "ComponentLink13URL"; Value = "https://datasheet.octopart.com:443/C2012X7R1H104K085AA-TDK-datasheet-8324322.pdf?src-supplier=Future+Electronics"; VariantName = "[No Variations]"
Add component (AddParameter): Name = "ComponentLink14Description"; Value = "https://datasheet.octopart.com:443/C2012X7R1H104K085AA-TDK-datasheet-128946.pdf?src-supplier=Future+Electronics"; VariantName = "[No Variations]"
Add component (AddParameter): Name = "ComponentLink14URL"; Value = "https://datasheet.octopart.com:443/C2012X7R1H104K085AA-TDK-datasheet-128946.pdf?src-supplier=Future+Electronics"; VariantName = "[No Variations]"
Add component (AddParameter): Name = "ComponentLink15Description"; Value = "https://datasheet.octopart.com:443/C2012X7R1H104K085AA-TDK-datasheet-11730548.pdf?src-supplier=Electro+Sonic"; VariantName = "[No Variations]"
Add component (AddParameter): Name = "ComponentLink15URL"; Value = "https://datasheet.octopart.com:443/C2012X7R1H104K085AA-TDK-datasheet-11730548.pdf?src-supplier=Electro+Sonic"; VariantName = "[No Variations]"
Add component (AddParameter): Name = "Composition"; Value = "Ceramic"; VariantName = "[No Variations]"
Add component (AddParameter): Name = "Depth"; Value = "1.25mm"; VariantName = "[No Variations]"
Add component (AddParameter): Name = "Dielectric"; Value = "X7R"; VariantName = "[No Variations]"
Add component (AddParameter): Name = "Dielectric Material"; Value = "Ceramic"; VariantName = "[No Variations]"
Add component (AddParameter): Name = "Export Control Classification Number (ECCN) Code"; Value = "EAR99"; VariantName = "[No Variations]"
Add component (AddParameter): Name = "Harmonized Tariff Schedule (HTS) Code"; Value = "8532.24.00.20"; VariantName = "[No Variations]"
Add component (AddParameter): Name = "Height"; Value = "850µm"; VariantName = "[No Variations]"
Add component (AddParameter): Name = "Introduction Date"; Value = "2012-08-21"; VariantName = "[No Variations]"
Add component (AddParameter): Name = "Lead Free"; Value = "Lead Free"; VariantName = "[No Variations]"
Add component (AddParameter): Name = "Length"; Value = "2mm"; VariantName = "[No Variations]"
Add component (AddParameter): Name = "Lifecycle Status"; Value = "NRND"; VariantName = "[No Variations]"
Add component (AddParameter): Name = "Manufacturer"; Value = "TDK"; VariantName = "[No Variations]"
Add component (AddParameter): Name = "Manufacturer Lifecycle Status"; Value = "PRODUCTION (NOT RECOMMENDED FOR NEW DESIGN)"; VariantName = "[No Variations]"
Add component (AddParameter): Name = "Manufacturer Part Number"; Value = "C2012X7R1H104K085AA"; VariantName = "[No Variations]"
Add component (AddParameter): Name = "Material"; Value = "Ceramic"; VariantName = "[No Variations]"
Add component (AddParameter): Name = "Max Length"; Value = "2.2mm"; VariantName = "[No Variations]"
Add component (AddParameter): Name = "Max Operating Temperature"; Value = "125°C"; VariantName = "[No Variations]"
Add component (AddParameter): Name = "Max Width"; Value = "1.45mm"; VariantName = "[No Variations]"
Add component (AddParameter): Name = "Min Length"; Value = "1.8mm"; VariantName = "[No Variations]"
Add component (AddParameter): Name = "Min Operating Temperature"; Value = "-55°C"; VariantName = "[No Variations]"
Add component (AddParameter): Name = "Min Width"; Value = "1.05mm"; VariantName = "[No Variations]"
Add component (AddParameter): Name = "Mounting Technology"; Value = "Surface Mount"; VariantName = "[No Variations]"
Add component (AddParameter): Name = "Number of Terminals"; Value = "2"; VariantName = "[No Variations]"
Add component (AddParameter): Name = "Pins"; Value = "2"; VariantName = "[No Variations]"
Add component (AddParameter): Name = "Pricing"; Value = "1=0.12, 10=0.069, 50=0.0482, 100=0.0418, 500=0.03104, 1000=0.02773 (USD)"; VariantName = "[No Variations]"
Add component (AddParameter): Name = "Radiation Hardening"; Value = "No"; VariantName = "[No Variations]"
Add component (AddParameter): Name = "REACH SVHC"; Value = "Yes"; VariantName = "[No Variations]"
Add component (AddParameter): Name = "RoHS"; Value = "Compliant"; VariantName = "[No Variations]"
Add component (AddParameter): Name = "Schedule B"; Value = "8532240020, 8532240020|8532240020|8532240020|8532240020|8532240020"; VariantName = "[No Variations]"
Add component (AddParameter): Name = "Stock"; Value = "478758"; VariantName = "[No Variations]"
Add component (AddParameter): Name = "Supplier"; Value = "DigiKey"; VariantName = "[No Variations]"
Add component (AddParameter): Name = "Supplier Part Number"; Value = "445-7534-1-ND"; VariantName = "[No Variations]"
Add component (AddParameter): Name = "Termination"; Value = "SMD/SMT"; VariantName = "[No Variations]"
Add component (AddParameter): Name = "Tolerance"; Value = "10%"; VariantName = "[No Variations]"
Add component (AddParameter): Name = "Value"; Value = "100nF"; VariantName = "[No Variations]"
Add component (AddParameter): Name = "Voltage"; Value = "50V"; VariantName = "[No Variations]"
Add component (AddParameter): Name = "Voltage Rating"; Value = "50V"; VariantName = "[No Variations]"
Add component (AddParameter): Name = "Voltage Rating (DC)"; Value = "50V"; VariantName = "[No Variations]"
Add component (AddParameter): Name = "Weight"; Value = "5.499807mg"; VariantName = "[No Variations]"
Add component (AddParameter): Name = "Width"; Value = "1.25mm"; VariantName = "[No Variations]"
Added Component: Designator=C17(C0805)
Add component (AddParameter): Name = "Case Code (Imperial)"; Value = "0805"; VariantName = "[No Variations]"
Add component (AddParameter): Name = "Case Code (Metric)"; Value = "2012"; VariantName = "[No Variations]"
Add component (AddParameter): Name = "Case/Package"; Value = "0805"; VariantName = "[No Variations]"
Add component (AddParameter): Name = "Category"; Value = "Ceramic Capacitors"; VariantName = "[No Variations]"
Add component (AddParameter): Name = "China RoHS"; Value = "Compliant"; VariantName = "[No Variations]"
Add component (AddParameter): Name = "ComponentLink1Description"; Value = "https://datasheet.octopart.com:443/C2012X7R1H104K085AA-TDK-datasheet-175423548.pdf?src-supplier=IHS"; VariantName = "[No Variations]"
Add component (AddParameter): Name = "ComponentLink1URL"; Value = "https://datasheet.octopart.com:443/C2012X7R1H104K085AA-TDK-datasheet-175423548.pdf?src-supplier=IHS"; VariantName = "[No Variations]"
Add component (AddParameter): Name = "ComponentLink2Description"; Value = "https://datasheet.octopart.com:443/C2012X7R1H104K085AA-TDK-datasheet-151546523.pdf?src-supplier=ODG+(Origin+Data+Global)"; VariantName = "[No Variations]"
Add component (AddParameter): Name = "ComponentLink2URL"; Value = "https://datasheet.octopart.com:443/C2012X7R1H104K085AA-TDK-datasheet-151546523.pdf?src-supplier=ODG+(Origin+Data+Global)"; VariantName = "[No Variations]"
Add component (AddParameter): Name = "ComponentLink3Description"; Value = "https://datasheet.octopart.com:443/C2012X7R1H104K085AA-TDK-datasheet-41194876.pdf?src-supplier=element14+APAC"; VariantName = "[No Variations]"
Add component (AddParameter): Name = "ComponentLink3URL"; Value = "https://datasheet.octopart.com:443/C2012X7R1H104K085AA-TDK-datasheet-41194876.pdf?src-supplier=element14+APAC"; VariantName = "[No Variations]"
Add component (AddParameter): Name = "ComponentLink4Description"; Value = "https://datasheet.octopart.com:443/C2012X7R1H104K085AA-TDK-datasheet-10978788.pdf?src-supplier=element14+APAC"; VariantName = "[No Variations]"
Add component (AddParameter): Name = "ComponentLink4URL"; Value = "https://datasheet.octopart.com:443/C2012X7R1H104K085AA-TDK-datasheet-10978788.pdf?src-supplier=element14+APAC"; VariantName = "[No Variations]"
Add component (AddParameter): Name = "ComponentLink5Description"; Value = "https://datasheet.octopart.com:443/C2012X7R1H104K085AA-TDK-datasheet-13376850.pdf?src-supplier=element14+APAC"; VariantName = "[No Variations]"
Add component (AddParameter): Name = "ComponentLink5URL"; Value = "https://datasheet.octopart.com:443/C2012X7R1H104K085AA-TDK-datasheet-13376850.pdf?src-supplier=element14+APAC"; VariantName = "[No Variations]"
Add component (AddParameter): Name = "ComponentLink6Description"; Value = "https://datasheet.octopart.com:443/C2012X7R1H104K085AA-TDK-datasheet-41169347.pdf?src-supplier=element14+APAC"; VariantName = "[No Variations]"
Add component (AddParameter): Name = "ComponentLink6URL"; Value = "https://datasheet.octopart.com:443/C2012X7R1H104K085AA-TDK-datasheet-41169347.pdf?src-supplier=element14+APAC"; VariantName = "[No Variations]"
Add component (AddParameter): Name = "ComponentLink7Description"; Value = "https://datasheet.octopart.com:443/C2012X7R1H104K085AA-TDK-datasheet-82475248.pdf?src-supplier=Newark"; VariantName = "[No Variations]"
Add component (AddParameter): Name = "ComponentLink7URL"; Value = "https://datasheet.octopart.com:443/C2012X7R1H104K085AA-TDK-datasheet-82475248.pdf?src-supplier=Newark"; VariantName = "[No Variations]"
Add component (AddParameter): Name = "ComponentLink8Description"; Value = "https://datasheet.octopart.com:443/C2012X7R1H104K085AA-TDK-datasheet-13444418.pdf?src-supplier=Newark"; VariantName = "[No Variations]"
Add component (AddParameter): Name = "ComponentLink8URL"; Value = "https://datasheet.octopart.com:443/C2012X7R1H104K085AA-TDK-datasheet-13444418.pdf?src-supplier=Newark"; VariantName = "[No Variations]"
Add component (AddParameter): Name = "ComponentLink9Description"; Value = "https://datasheet.octopart.com:443/C2012X7R1H104K085AA-TDK-datasheet-23766614.pdf?src-supplier=Newark"; VariantName = "[No Variations]"
Add component (AddParameter): Name = "ComponentLink9URL"; Value = "https://datasheet.octopart.com:443/C2012X7R1H104K085AA-TDK-datasheet-23766614.pdf?src-supplier=Newark"; VariantName = "[No Variations]"
Add component (AddParameter): Name = "ComponentLink10Description"; Value = "https://datasheet.octopart.com:443/C2012X7R1H104K085AA-TDK-datasheet-12509848.pdf?src-supplier=Future+Electronics"; VariantName = "[No Variations]"
Add component (AddParameter): Name = "ComponentLink10URL"; Value = "https://datasheet.octopart.com:443/C2012X7R1H104K085AA-TDK-datasheet-12509848.pdf?src-supplier=Future+Electronics"; VariantName = "[No Variations]"
Add component (AddParameter): Name = "ComponentLink11Description"; Value = "https://datasheet.octopart.com:443/C2012X7R1H104K085AA-TDK-datasheet-8852320.pdf?src-supplier=Future+Electronics"; VariantName = "[No Variations]"
Add component (AddParameter): Name = "ComponentLink11URL"; Value = "https://datasheet.octopart.com:443/C2012X7R1H104K085AA-TDK-datasheet-8852320.pdf?src-supplier=Future+Electronics"; VariantName = "[No Variations]"
Add component (AddParameter): Name = "ComponentLink12Description"; Value = "https://datasheet.octopart.com:443/C2012X7R1H104K085AA-TDK-datasheet-8359770.pdf?src-supplier=Future+Electronics"; VariantName = "[No Variations]"
Add component (AddParameter): Name = "ComponentLink12URL"; Value = "https://datasheet.octopart.com:443/C2012X7R1H104K085AA-TDK-datasheet-8359770.pdf?src-supplier=Future+Electronics"; VariantName = "[No Variations]"
Add component (AddParameter): Name = "ComponentLink13Description"; Value = "https://datasheet.octopart.com:443/C2012X7R1H104K085AA-TDK-datasheet-8324322.pdf?src-supplier=Future+Electronics"; VariantName = "[No Variations]"
Add component (AddParameter): Name = "ComponentLink13URL"; Value = "https://datasheet.octopart.com:443/C2012X7R1H104K085AA-TDK-datasheet-8324322.pdf?src-supplier=Future+Electronics"; VariantName = "[No Variations]"
Add component (AddParameter): Name = "ComponentLink14Description"; Value = "https://datasheet.octopart.com:443/C2012X7R1H104K085AA-TDK-datasheet-128946.pdf?src-supplier=Future+Electronics"; VariantName = "[No Variations]"
Add component (AddParameter): Name = "ComponentLink14URL"; Value = "https://datasheet.octopart.com:443/C2012X7R1H104K085AA-TDK-datasheet-128946.pdf?src-supplier=Future+Electronics"; VariantName = "[No Variations]"
Add component (AddParameter): Name = "ComponentLink15Description"; Value = "https://datasheet.octopart.com:443/C2012X7R1H104K085AA-TDK-datasheet-11730548.pdf?src-supplier=Electro+Sonic"; VariantName = "[No Variations]"
Add component (AddParameter): Name = "ComponentLink15URL"; Value = "https://datasheet.octopart.com:443/C2012X7R1H104K085AA-TDK-datasheet-11730548.pdf?src-supplier=Electro+Sonic"; VariantName = "[No Variations]"
Add component (AddParameter): Name = "Composition"; Value = "Ceramic"; VariantName = "[No Variations]"
Add component (AddParameter): Name = "Depth"; Value = "1.25mm"; VariantName = "[No Variations]"
Add component (AddParameter): Name = "Dielectric"; Value = "X7R"; VariantName = "[No Variations]"
Add component (AddParameter): Name = "Dielectric Material"; Value = "Ceramic"; VariantName = "[No Variations]"
Add component (AddParameter): Name = "Export Control Classification Number (ECCN) Code"; Value = "EAR99"; VariantName = "[No Variations]"
Add component (AddParameter): Name = "Harmonized Tariff Schedule (HTS) Code"; Value = "8532.24.00.20"; VariantName = "[No Variations]"
Add component (AddParameter): Name = "Height"; Value = "850µm"; VariantName = "[No Variations]"
Add component (AddParameter): Name = "Introduction Date"; Value = "2012-08-21"; VariantName = "[No Variations]"
Add component (AddParameter): Name = "Lead Free"; Value = "Lead Free"; VariantName = "[No Variations]"
Add component (AddParameter): Name = "Length"; Value = "2mm"; VariantName = "[No Variations]"
Add component (AddParameter): Name = "Lifecycle Status"; Value = "NRND"; VariantName = "[No Variations]"
Add component (AddParameter): Name = "Manufacturer"; Value = "TDK"; VariantName = "[No Variations]"
Add component (AddParameter): Name = "Manufacturer Lifecycle Status"; Value = "PRODUCTION (NOT RECOMMENDED FOR NEW DESIGN)"; VariantName = "[No Variations]"
Add component (AddParameter): Name = "Manufacturer Part Number"; Value = "C2012X7R1H104K085AA"; VariantName = "[No Variations]"
Add component (AddParameter): Name = "Material"; Value = "Ceramic"; VariantName = "[No Variations]"
Add component (AddParameter): Name = "Max Length"; Value = "2.2mm"; VariantName = "[No Variations]"
Add component (AddParameter): Name = "Max Operating Temperature"; Value = "125°C"; VariantName = "[No Variations]"
Add component (AddParameter): Name = "Max Width"; Value = "1.45mm"; VariantName = "[No Variations]"
Add component (AddParameter): Name = "Min Length"; Value = "1.8mm"; VariantName = "[No Variations]"
Add component (AddParameter): Name = "Min Operating Temperature"; Value = "-55°C"; VariantName = "[No Variations]"
Add component (AddParameter): Name = "Min Width"; Value = "1.05mm"; VariantName = "[No Variations]"
Add component (AddParameter): Name = "Mounting Technology"; Value = "Surface Mount"; VariantName = "[No Variations]"
Add component (AddParameter): Name = "Number of Terminals"; Value = "2"; VariantName = "[No Variations]"
Add component (AddParameter): Name = "Pins"; Value = "2"; VariantName = "[No Variations]"
Add component (AddParameter): Name = "Pricing"; Value = "1=0.12, 10=0.069, 50=0.0482, 100=0.0418, 500=0.03104, 1000=0.02773 (USD)"; VariantName = "[No Variations]"
Add component (AddParameter): Name = "Radiation Hardening"; Value = "No"; VariantName = "[No Variations]"
Add component (AddParameter): Name = "REACH SVHC"; Value = "Yes"; VariantName = "[No Variations]"
Add component (AddParameter): Name = "RoHS"; Value = "Compliant"; VariantName = "[No Variations]"
Add component (AddParameter): Name = "Schedule B"; Value = "8532240020, 8532240020|8532240020|8532240020|8532240020|8532240020"; VariantName = "[No Variations]"
Add component (AddParameter): Name = "Stock"; Value = "478758"; VariantName = "[No Variations]"
Add component (AddParameter): Name = "Supplier"; Value = "DigiKey"; VariantName = "[No Variations]"
Add component (AddParameter): Name = "Supplier Part Number"; Value = "445-7534-1-ND"; VariantName = "[No Variations]"
Add component (AddParameter): Name = "Termination"; Value = "SMD/SMT"; VariantName = "[No Variations]"
Add component (AddParameter): Name = "Tolerance"; Value = "10%"; VariantName = "[No Variations]"
Add component (AddParameter): Name = "Value"; Value = "100nF"; VariantName = "[No Variations]"
Add component (AddParameter): Name = "Voltage"; Value = "50V"; VariantName = "[No Variations]"
Add component (AddParameter): Name = "Voltage Rating"; Value = "50V"; VariantName = "[No Variations]"
Add component (AddParameter): Name = "Voltage Rating (DC)"; Value = "50V"; VariantName = "[No Variations]"
Add component (AddParameter): Name = "Weight"; Value = "5.499807mg"; VariantName = "[No Variations]"
Add component (AddParameter): Name = "Width"; Value = "1.25mm"; VariantName = "[No Variations]"
Added Component: Designator=C19(C0805)
Add component (AddParameter): Name = "Case Code (Imperial)"; Value = "0805"; VariantName = "[No Variations]"
Add component (AddParameter): Name = "Case Code (Metric)"; Value = "2012"; VariantName = "[No Variations]"
Add component (AddParameter): Name = "Case/Package"; Value = "0805"; VariantName = "[No Variations]"
Add component (AddParameter): Name = "Category"; Value = "Ceramic Capacitors"; VariantName = "[No Variations]"
Add component (AddParameter): Name = "China RoHS"; Value = "Compliant"; VariantName = "[No Variations]"
Add component (AddParameter): Name = "ComponentLink1Description"; Value = "https://datasheet.octopart.com:443/C2012X5R1C106K085AC-TDK-datasheet-175423548.pdf?src-supplier=IHS"; VariantName = "[No Variations]"
Add component (AddParameter): Name = "ComponentLink1URL"; Value = "https://datasheet.octopart.com:443/C2012X5R1C106K085AC-TDK-datasheet-175423548.pdf?src-supplier=IHS"; VariantName = "[No Variations]"
Add component (AddParameter): Name = "ComponentLink2Description"; Value = "https://datasheet.octopart.com:443/C2012X5R1C106K085AC-TDK-datasheet-151546523.pdf?src-supplier=ODG+(Origin+Data+Global)"; VariantName = "[No Variations]"
Add component (AddParameter): Name = "ComponentLink2URL"; Value = "https://datasheet.octopart.com:443/C2012X5R1C106K085AC-TDK-datasheet-151546523.pdf?src-supplier=ODG+(Origin+Data+Global)"; VariantName = "[No Variations]"
Add component (AddParameter): Name = "ComponentLink3Description"; Value = "https://datasheet.octopart.com/C2012X5R1C106K085AC-TDK-datasheet-41194876.pdf"; VariantName = "[No Variations]"
Add component (AddParameter): Name = "ComponentLink3URL"; Value = "https://datasheet.octopart.com/C2012X5R1C106K085AC-TDK-datasheet-41194876.pdf"; VariantName = "[No Variations]"
Add component (AddParameter): Name = "ComponentLink4Description"; Value = "https://datasheet.octopart.com:443/C2012X5R1C106K085AC-TDK-datasheet-82475248.pdf?src-supplier=Newark"; VariantName = "[No Variations]"
Add component (AddParameter): Name = "ComponentLink4URL"; Value = "https://datasheet.octopart.com:443/C2012X5R1C106K085AC-TDK-datasheet-82475248.pdf?src-supplier=Newark"; VariantName = "[No Variations]"
Add component (AddParameter): Name = "ComponentLink5Description"; Value = "https://datasheet.octopart.com:443/C2012X5R1C106K085AC-TDK-datasheet-23766614.pdf?src-supplier=Newark"; VariantName = "[No Variations]"
Add component (AddParameter): Name = "ComponentLink5URL"; Value = "https://datasheet.octopart.com:443/C2012X5R1C106K085AC-TDK-datasheet-23766614.pdf?src-supplier=Newark"; VariantName = "[No Variations]"
Add component (AddParameter): Name = "ComponentLink6Description"; Value = "https://datasheet.octopart.com:443/C2012X5R1C106K085AC-TDK-datasheet-20681607.pdf?src-supplier=Newark"; VariantName = "[No Variations]"
Add component (AddParameter): Name = "ComponentLink6URL"; Value = "https://datasheet.octopart.com:443/C2012X5R1C106K085AC-TDK-datasheet-20681607.pdf?src-supplier=Newark"; VariantName = "[No Variations]"
Add component (AddParameter): Name = "ComponentLink7Description"; Value = "https://datasheet.octopart.com:443/C2012X5R1C106K085AC-TDK-datasheet-13444418.pdf?src-supplier=Newark"; VariantName = "[No Variations]"
Add component (AddParameter): Name = "ComponentLink7URL"; Value = "https://datasheet.octopart.com:443/C2012X5R1C106K085AC-TDK-datasheet-13444418.pdf?src-supplier=Newark"; VariantName = "[No Variations]"
Add component (AddParameter): Name = "ComponentLink8Description"; Value = "https://datasheet.octopart.com:443/C2012X5R1C106K085AC-TDK-datasheet-12509848.pdf?src-supplier=Future+Electronics"; VariantName = "[No Variations]"
Add component (AddParameter): Name = "ComponentLink8URL"; Value = "https://datasheet.octopart.com:443/C2012X5R1C106K085AC-TDK-datasheet-12509848.pdf?src-supplier=Future+Electronics"; VariantName = "[No Variations]"
Add component (AddParameter): Name = "ComponentLink9Description"; Value = "https://datasheet.octopart.com:443/C2012X5R1C106K085AC-TDK-datasheet-10978788.pdf?src-supplier=Future+Electronics"; VariantName = "[No Variations]"
Add component (AddParameter): Name = "ComponentLink9URL"; Value = "https://datasheet.octopart.com:443/C2012X5R1C106K085AC-TDK-datasheet-10978788.pdf?src-supplier=Future+Electronics"; VariantName = "[No Variations]"
Add component (AddParameter): Name = "ComponentLink10Description"; Value = "https://datasheet.octopart.com:443/C2012X5R1C106K085AC-TDK-datasheet-8852320.pdf?src-supplier=Future+Electronics"; VariantName = "[No Variations]"
Add component (AddParameter): Name = "ComponentLink10URL"; Value = "https://datasheet.octopart.com:443/C2012X5R1C106K085AC-TDK-datasheet-8852320.pdf?src-supplier=Future+Electronics"; VariantName = "[No Variations]"
Add component (AddParameter): Name = "ComponentLink11Description"; Value = "https://datasheet.octopart.com:443/C2012X5R1C106K085AC-TDK-datasheet-8359770.pdf?src-supplier=Future+Electronics"; VariantName = "[No Variations]"
Add component (AddParameter): Name = "ComponentLink11URL"; Value = "https://datasheet.octopart.com:443/C2012X5R1C106K085AC-TDK-datasheet-8359770.pdf?src-supplier=Future+Electronics"; VariantName = "[No Variations]"
Add component (AddParameter): Name = "ComponentLink12Description"; Value = "https://datasheet.octopart.com:443/C2012X5R1C106K085AC-TDK-datasheet-8324322.pdf?src-supplier=Future+Electronics"; VariantName = "[No Variations]"
Add component (AddParameter): Name = "ComponentLink12URL"; Value = "https://datasheet.octopart.com:443/C2012X5R1C106K085AC-TDK-datasheet-8324322.pdf?src-supplier=Future+Electronics"; VariantName = "[No Variations]"
Add component (AddParameter): Name = "ComponentLink13Description"; Value = "https://datasheet.octopart.com:443/C2012X5R1C106K085AC-TDK-datasheet-128946.pdf?src-supplier=Future+Electronics"; VariantName = "[No Variations]"
Add component (AddParameter): Name = "ComponentLink13URL"; Value = "https://datasheet.octopart.com:443/C2012X5R1C106K085AC-TDK-datasheet-128946.pdf?src-supplier=Future+Electronics"; VariantName = "[No Variations]"
Add component (AddParameter): Name = "Composition"; Value = "Ceramic"; VariantName = "[No Variations]"
Add component (AddParameter): Name = "Depth"; Value = "1.25mm"; VariantName = "[No Variations]"
Add component (AddParameter): Name = "Dielectric"; Value = "X5R"; VariantName = "[No Variations]"
Add component (AddParameter): Name = "Dielectric Material"; Value = "Ceramic"; VariantName = "[No Variations]"
Add component (AddParameter): Name = "Export Control Classification Number (ECCN) Code"; Value = "EAR99"; VariantName = "[No Variations]"
Add component (AddParameter): Name = "Harmonized Tariff Schedule (HTS) Code"; Value = "8532.24.00.20"; VariantName = "[No Variations]"
Add component (AddParameter): Name = "Height"; Value = "850µm"; VariantName = "[No Variations]"
Add component (AddParameter): Name = "Introduction Date"; Value = "2012-08-21"; VariantName = "[No Variations]"
Add component (AddParameter): Name = "Lead Free"; Value = "Lead Free"; VariantName = "[No Variations]"
Add component (AddParameter): Name = "Length"; Value = "2mm"; VariantName = "[No Variations]"
Add component (AddParameter): Name = "Lifecycle Status"; Value = "NRND"; VariantName = "[No Variations]"
Add component (AddParameter): Name = "Manufacturer"; Value = "TDK"; VariantName = "[No Variations]"
Add component (AddParameter): Name = "Manufacturer Lifecycle Status"; Value = "PRODUCTION (NOT RECOMMENDED FOR NEW DESIGN)"; VariantName = "[No Variations]"
Add component (AddParameter): Name = "Manufacturer Part Number"; Value = "C2012X5R1C106K085AC"; VariantName = "[No Variations]"
Add component (AddParameter): Name = "Material"; Value = "Ceramic"; VariantName = "[No Variations]"
Add component (AddParameter): Name = "Max Length"; Value = "2.2mm"; VariantName = "[No Variations]"
Add component (AddParameter): Name = "Max Operating Temperature"; Value = "85°C"; VariantName = "[No Variations]"
Add component (AddParameter): Name = "Max Width"; Value = "1.45mm"; VariantName = "[No Variations]"
Add component (AddParameter): Name = "Min Length"; Value = "1.8mm"; VariantName = "[No Variations]"
Add component (AddParameter): Name = "Min Operating Temperature"; Value = "-55°C"; VariantName = "[No Variations]"
Add component (AddParameter): Name = "Min Width"; Value = "1.05mm"; VariantName = "[No Variations]"
Add component (AddParameter): Name = "Mounting Technology"; Value = "Surface Mount"; VariantName = "[No Variations]"
Add component (AddParameter): Name = "Number of Terminals"; Value = "2"; VariantName = "[No Variations]"
Add component (AddParameter): Name = "Pins"; Value = "2"; VariantName = "[No Variations]"
Add component (AddParameter): Name = "Pricing"; Value = "1=0.21, 10=0.121, 50=0.0866, 100=0.076, 500=0.05824, 1000=0.05277 (USD)"; VariantName = "[No Variations]"
Add component (AddParameter): Name = "REACH SVHC"; Value = "Yes"; VariantName = "[No Variations]"
Add component (AddParameter): Name = "RoHS"; Value = "Compliant"; VariantName = "[No Variations]"
Add component (AddParameter): Name = "Schedule B"; Value = "8532240020, 8532240020|8532240020|8532240020|8532240020|8532240020"; VariantName = "[No Variations]"
Add component (AddParameter): Name = "Stock"; Value = "446443"; VariantName = "[No Variations]"
Add component (AddParameter): Name = "Supplier"; Value = "DigiKey"; VariantName = "[No Variations]"
Add component (AddParameter): Name = "Supplier Part Number"; Value = "445-7644-1-ND"; VariantName = "[No Variations]"
Add component (AddParameter): Name = "Termination"; Value = "SMD/SMT"; VariantName = "[No Variations]"
Add component (AddParameter): Name = "Tolerance"; Value = "10%"; VariantName = "[No Variations]"
Add component (AddParameter): Name = "Value"; Value = "10µF"; VariantName = "[No Variations]"
Add component (AddParameter): Name = "Voltage Rating"; Value = "16V"; VariantName = "[No Variations]"
Add component (AddParameter): Name = "Voltage Rating (DC)"; Value = "16V"; VariantName = "[No Variations]"
Add component (AddParameter): Name = "Weight"; Value = "5.499807mg"; VariantName = "[No Variations]"
Add component (AddParameter): Name = "Width"; Value = "1.25mm"; VariantName = "[No Variations]"
Added Component: Designator=C20(C0805)
Add component (AddParameter): Name = "Case Code (Imperial)"; Value = "0805"; VariantName = "[No Variations]"
Add component (AddParameter): Name = "Case Code (Metric)"; Value = "2012"; VariantName = "[No Variations]"
Add component (AddParameter): Name = "Case/Package"; Value = "0805"; VariantName = "[No Variations]"
Add component (AddParameter): Name = "Category"; Value = "Ceramic Capacitors"; VariantName = "[No Variations]"
Add component (AddParameter): Name = "China RoHS"; Value = "Compliant"; VariantName = "[No Variations]"
Add component (AddParameter): Name = "ComponentLink1Description"; Value = "https://datasheet.octopart.com:443/C2012X7R1H104K085AA-TDK-datasheet-175423548.pdf?src-supplier=IHS"; VariantName = "[No Variations]"
Add component (AddParameter): Name = "ComponentLink1URL"; Value = "https://datasheet.octopart.com:443/C2012X7R1H104K085AA-TDK-datasheet-175423548.pdf?src-supplier=IHS"; VariantName = "[No Variations]"
Add component (AddParameter): Name = "ComponentLink2Description"; Value = "https://datasheet.octopart.com:443/C2012X7R1H104K085AA-TDK-datasheet-151546523.pdf?src-supplier=ODG+(Origin+Data+Global)"; VariantName = "[No Variations]"
Add component (AddParameter): Name = "ComponentLink2URL"; Value = "https://datasheet.octopart.com:443/C2012X7R1H104K085AA-TDK-datasheet-151546523.pdf?src-supplier=ODG+(Origin+Data+Global)"; VariantName = "[No Variations]"
Add component (AddParameter): Name = "ComponentLink3Description"; Value = "https://datasheet.octopart.com:443/C2012X7R1H104K085AA-TDK-datasheet-41194876.pdf?src-supplier=element14+APAC"; VariantName = "[No Variations]"
Add component (AddParameter): Name = "ComponentLink3URL"; Value = "https://datasheet.octopart.com:443/C2012X7R1H104K085AA-TDK-datasheet-41194876.pdf?src-supplier=element14+APAC"; VariantName = "[No Variations]"
Add component (AddParameter): Name = "ComponentLink4Description"; Value = "https://datasheet.octopart.com:443/C2012X7R1H104K085AA-TDK-datasheet-10978788.pdf?src-supplier=element14+APAC"; VariantName = "[No Variations]"
Add component (AddParameter): Name = "ComponentLink4URL"; Value = "https://datasheet.octopart.com:443/C2012X7R1H104K085AA-TDK-datasheet-10978788.pdf?src-supplier=element14+APAC"; VariantName = "[No Variations]"
Add component (AddParameter): Name = "ComponentLink5Description"; Value = "https://datasheet.octopart.com:443/C2012X7R1H104K085AA-TDK-datasheet-13376850.pdf?src-supplier=element14+APAC"; VariantName = "[No Variations]"
Add component (AddParameter): Name = "ComponentLink5URL"; Value = "https://datasheet.octopart.com:443/C2012X7R1H104K085AA-TDK-datasheet-13376850.pdf?src-supplier=element14+APAC"; VariantName = "[No Variations]"
Add component (AddParameter): Name = "ComponentLink6Description"; Value = "https://datasheet.octopart.com:443/C2012X7R1H104K085AA-TDK-datasheet-41169347.pdf?src-supplier=element14+APAC"; VariantName = "[No Variations]"
Add component (AddParameter): Name = "ComponentLink6URL"; Value = "https://datasheet.octopart.com:443/C2012X7R1H104K085AA-TDK-datasheet-41169347.pdf?src-supplier=element14+APAC"; VariantName = "[No Variations]"
Add component (AddParameter): Name = "ComponentLink7Description"; Value = "https://datasheet.octopart.com:443/C2012X7R1H104K085AA-TDK-datasheet-82475248.pdf?src-supplier=Newark"; VariantName = "[No Variations]"
Add component (AddParameter): Name = "ComponentLink7URL"; Value = "https://datasheet.octopart.com:443/C2012X7R1H104K085AA-TDK-datasheet-82475248.pdf?src-supplier=Newark"; VariantName = "[No Variations]"
Add component (AddParameter): Name = "ComponentLink8Description"; Value = "https://datasheet.octopart.com:443/C2012X7R1H104K085AA-TDK-datasheet-13444418.pdf?src-supplier=Newark"; VariantName = "[No Variations]"
Add component (AddParameter): Name = "ComponentLink8URL"; Value = "https://datasheet.octopart.com:443/C2012X7R1H104K085AA-TDK-datasheet-13444418.pdf?src-supplier=Newark"; VariantName = "[No Variations]"
Add component (AddParameter): Name = "ComponentLink9Description"; Value = "https://datasheet.octopart.com:443/C2012X7R1H104K085AA-TDK-datasheet-23766614.pdf?src-supplier=Newark"; VariantName = "[No Variations]"
Add component (AddParameter): Name = "ComponentLink9URL"; Value = "https://datasheet.octopart.com:443/C2012X7R1H104K085AA-TDK-datasheet-23766614.pdf?src-supplier=Newark"; VariantName = "[No Variations]"
Add component (AddParameter): Name = "ComponentLink10Description"; Value = "https://datasheet.octopart.com:443/C2012X7R1H104K085AA-TDK-datasheet-12509848.pdf?src-supplier=Future+Electronics"; VariantName = "[No Variations]"
Add component (AddParameter): Name = "ComponentLink10URL"; Value = "https://datasheet.octopart.com:443/C2012X7R1H104K085AA-TDK-datasheet-12509848.pdf?src-supplier=Future+Electronics"; VariantName = "[No Variations]"
Add component (AddParameter): Name = "ComponentLink11Description"; Value = "https://datasheet.octopart.com:443/C2012X7R1H104K085AA-TDK-datasheet-8852320.pdf?src-supplier=Future+Electronics"; VariantName = "[No Variations]"
Add component (AddParameter): Name = "ComponentLink11URL"; Value = "https://datasheet.octopart.com:443/C2012X7R1H104K085AA-TDK-datasheet-8852320.pdf?src-supplier=Future+Electronics"; VariantName = "[No Variations]"
Add component (AddParameter): Name = "ComponentLink12Description"; Value = "https://datasheet.octopart.com:443/C2012X7R1H104K085AA-TDK-datasheet-8359770.pdf?src-supplier=Future+Electronics"; VariantName = "[No Variations]"
Add component (AddParameter): Name = "ComponentLink12URL"; Value = "https://datasheet.octopart.com:443/C2012X7R1H104K085AA-TDK-datasheet-8359770.pdf?src-supplier=Future+Electronics"; VariantName = "[No Variations]"
Add component (AddParameter): Name = "ComponentLink13Description"; Value = "https://datasheet.octopart.com:443/C2012X7R1H104K085AA-TDK-datasheet-8324322.pdf?src-supplier=Future+Electronics"; VariantName = "[No Variations]"
Add component (AddParameter): Name = "ComponentLink13URL"; Value = "https://datasheet.octopart.com:443/C2012X7R1H104K085AA-TDK-datasheet-8324322.pdf?src-supplier=Future+Electronics"; VariantName = "[No Variations]"
Add component (AddParameter): Name = "ComponentLink14Description"; Value = "https://datasheet.octopart.com:443/C2012X7R1H104K085AA-TDK-datasheet-128946.pdf?src-supplier=Future+Electronics"; VariantName = "[No Variations]"
Add component (AddParameter): Name = "ComponentLink14URL"; Value = "https://datasheet.octopart.com:443/C2012X7R1H104K085AA-TDK-datasheet-128946.pdf?src-supplier=Future+Electronics"; VariantName = "[No Variations]"
Add component (AddParameter): Name = "ComponentLink15Description"; Value = "https://datasheet.octopart.com:443/C2012X7R1H104K085AA-TDK-datasheet-11730548.pdf?src-supplier=Electro+Sonic"; VariantName = "[No Variations]"
Add component (AddParameter): Name = "ComponentLink15URL"; Value = "https://datasheet.octopart.com:443/C2012X7R1H104K085AA-TDK-datasheet-11730548.pdf?src-supplier=Electro+Sonic"; VariantName = "[No Variations]"
Add component (AddParameter): Name = "Composition"; Value = "Ceramic"; VariantName = "[No Variations]"
Add component (AddParameter): Name = "Depth"; Value = "1.25mm"; VariantName = "[No Variations]"
Add component (AddParameter): Name = "Dielectric"; Value = "X7R"; VariantName = "[No Variations]"
Add component (AddParameter): Name = "Dielectric Material"; Value = "Ceramic"; VariantName = "[No Variations]"
Add component (AddParameter): Name = "Export Control Classification Number (ECCN) Code"; Value = "EAR99"; VariantName = "[No Variations]"
Add component (AddParameter): Name = "Harmonized Tariff Schedule (HTS) Code"; Value = "8532.24.00.20"; VariantName = "[No Variations]"
Add component (AddParameter): Name = "Height"; Value = "850µm"; VariantName = "[No Variations]"
Add component (AddParameter): Name = "Introduction Date"; Value = "2012-08-21"; VariantName = "[No Variations]"
Add component (AddParameter): Name = "Lead Free"; Value = "Lead Free"; VariantName = "[No Variations]"
Add component (AddParameter): Name = "Length"; Value = "2mm"; VariantName = "[No Variations]"
Add component (AddParameter): Name = "Lifecycle Status"; Value = "NRND"; VariantName = "[No Variations]"
Add component (AddParameter): Name = "Manufacturer"; Value = "TDK"; VariantName = "[No Variations]"
Add component (AddParameter): Name = "Manufacturer Lifecycle Status"; Value = "PRODUCTION (NOT RECOMMENDED FOR NEW DESIGN)"; VariantName = "[No Variations]"
Add component (AddParameter): Name = "Manufacturer Part Number"; Value = "C2012X7R1H104K085AA"; VariantName = "[No Variations]"
Add component (AddParameter): Name = "Material"; Value = "Ceramic"; VariantName = "[No Variations]"
Add component (AddParameter): Name = "Max Length"; Value = "2.2mm"; VariantName = "[No Variations]"
Add component (AddParameter): Name = "Max Operating Temperature"; Value = "125°C"; VariantName = "[No Variations]"
Add component (AddParameter): Name = "Max Width"; Value = "1.45mm"; VariantName = "[No Variations]"
Add component (AddParameter): Name = "Min Length"; Value = "1.8mm"; VariantName = "[No Variations]"
Add component (AddParameter): Name = "Min Operating Temperature"; Value = "-55°C"; VariantName = "[No Variations]"
Add component (AddParameter): Name = "Min Width"; Value = "1.05mm"; VariantName = "[No Variations]"
Add component (AddParameter): Name = "Mounting Technology"; Value = "Surface Mount"; VariantName = "[No Variations]"
Add component (AddParameter): Name = "Number of Terminals"; Value = "2"; VariantName = "[No Variations]"
Add component (AddParameter): Name = "Pins"; Value = "2"; VariantName = "[No Variations]"
Add component (AddParameter): Name = "Pricing"; Value = "1=0.12, 10=0.069, 50=0.0482, 100=0.0418, 500=0.03104, 1000=0.02773 (USD)"; VariantName = "[No Variations]"
Add component (AddParameter): Name = "Radiation Hardening"; Value = "No"; VariantName = "[No Variations]"
Add component (AddParameter): Name = "REACH SVHC"; Value = "Yes"; VariantName = "[No Variations]"
Add component (AddParameter): Name = "RoHS"; Value = "Compliant"; VariantName = "[No Variations]"
Add component (AddParameter): Name = "Schedule B"; Value = "8532240020, 8532240020|8532240020|8532240020|8532240020|8532240020"; VariantName = "[No Variations]"
Add component (AddParameter): Name = "Stock"; Value = "478758"; VariantName = "[No Variations]"
Add component (AddParameter): Name = "Supplier"; Value = "DigiKey"; VariantName = "[No Variations]"
Add component (AddParameter): Name = "Supplier Part Number"; Value = "445-7534-1-ND"; VariantName = "[No Variations]"
Add component (AddParameter): Name = "Termination"; Value = "SMD/SMT"; VariantName = "[No Variations]"
Add component (AddParameter): Name = "Tolerance"; Value = "10%"; VariantName = "[No Variations]"
Add component (AddParameter): Name = "Value"; Value = "100nF"; VariantName = "[No Variations]"
Add component (AddParameter): Name = "Voltage"; Value = "50V"; VariantName = "[No Variations]"
Add component (AddParameter): Name = "Voltage Rating"; Value = "50V"; VariantName = "[No Variations]"
Add component (AddParameter): Name = "Voltage Rating (DC)"; Value = "50V"; VariantName = "[No Variations]"
Add component (AddParameter): Name = "Weight"; Value = "5.499807mg"; VariantName = "[No Variations]"
Add component (AddParameter): Name = "Width"; Value = "1.25mm"; VariantName = "[No Variations]"
Added Component: Designator=C21(C0805)
Add component (AddParameter): Name = "Case Code (Imperial)"; Value = "0805"; VariantName = "[No Variations]"
Add component (AddParameter): Name = "Case Code (Metric)"; Value = "2012"; VariantName = "[No Variations]"
Add component (AddParameter): Name = "Case/Package"; Value = "0805"; VariantName = "[No Variations]"
Add component (AddParameter): Name = "Category"; Value = "Ceramic Capacitors"; VariantName = "[No Variations]"
Add component (AddParameter): Name = "China RoHS"; Value = "Compliant"; VariantName = "[No Variations]"
Add component (AddParameter): Name = "ComponentLink1Description"; Value = "https://datasheet.octopart.com:443/C2012X5R1C106K085AC-TDK-datasheet-175423548.pdf?src-supplier=IHS"; VariantName = "[No Variations]"
Add component (AddParameter): Name = "ComponentLink1URL"; Value = "https://datasheet.octopart.com:443/C2012X5R1C106K085AC-TDK-datasheet-175423548.pdf?src-supplier=IHS"; VariantName = "[No Variations]"
Add component (AddParameter): Name = "ComponentLink2Description"; Value = "https://datasheet.octopart.com:443/C2012X5R1C106K085AC-TDK-datasheet-151546523.pdf?src-supplier=ODG+(Origin+Data+Global)"; VariantName = "[No Variations]"
Add component (AddParameter): Name = "ComponentLink2URL"; Value = "https://datasheet.octopart.com:443/C2012X5R1C106K085AC-TDK-datasheet-151546523.pdf?src-supplier=ODG+(Origin+Data+Global)"; VariantName = "[No Variations]"
Add component (AddParameter): Name = "ComponentLink3Description"; Value = "https://datasheet.octopart.com/C2012X5R1C106K085AC-TDK-datasheet-41194876.pdf"; VariantName = "[No Variations]"
Add component (AddParameter): Name = "ComponentLink3URL"; Value = "https://datasheet.octopart.com/C2012X5R1C106K085AC-TDK-datasheet-41194876.pdf"; VariantName = "[No Variations]"
Add component (AddParameter): Name = "ComponentLink4Description"; Value = "https://datasheet.octopart.com:443/C2012X5R1C106K085AC-TDK-datasheet-82475248.pdf?src-supplier=Newark"; VariantName = "[No Variations]"
Add component (AddParameter): Name = "ComponentLink4URL"; Value = "https://datasheet.octopart.com:443/C2012X5R1C106K085AC-TDK-datasheet-82475248.pdf?src-supplier=Newark"; VariantName = "[No Variations]"
Add component (AddParameter): Name = "ComponentLink5Description"; Value = "https://datasheet.octopart.com:443/C2012X5R1C106K085AC-TDK-datasheet-23766614.pdf?src-supplier=Newark"; VariantName = "[No Variations]"
Add component (AddParameter): Name = "ComponentLink5URL"; Value = "https://datasheet.octopart.com:443/C2012X5R1C106K085AC-TDK-datasheet-23766614.pdf?src-supplier=Newark"; VariantName = "[No Variations]"
Add component (AddParameter): Name = "ComponentLink6Description"; Value = "https://datasheet.octopart.com:443/C2012X5R1C106K085AC-TDK-datasheet-20681607.pdf?src-supplier=Newark"; VariantName = "[No Variations]"
Add component (AddParameter): Name = "ComponentLink6URL"; Value = "https://datasheet.octopart.com:443/C2012X5R1C106K085AC-TDK-datasheet-20681607.pdf?src-supplier=Newark"; VariantName = "[No Variations]"
Add component (AddParameter): Name = "ComponentLink7Description"; Value = "https://datasheet.octopart.com:443/C2012X5R1C106K085AC-TDK-datasheet-13444418.pdf?src-supplier=Newark"; VariantName = "[No Variations]"
Add component (AddParameter): Name = "ComponentLink7URL"; Value = "https://datasheet.octopart.com:443/C2012X5R1C106K085AC-TDK-datasheet-13444418.pdf?src-supplier=Newark"; VariantName = "[No Variations]"
Add component (AddParameter): Name = "ComponentLink8Description"; Value = "https://datasheet.octopart.com:443/C2012X5R1C106K085AC-TDK-datasheet-12509848.pdf?src-supplier=Future+Electronics"; VariantName = "[No Variations]"
Add component (AddParameter): Name = "ComponentLink8URL"; Value = "https://datasheet.octopart.com:443/C2012X5R1C106K085AC-TDK-datasheet-12509848.pdf?src-supplier=Future+Electronics"; VariantName = "[No Variations]"
Add component (AddParameter): Name = "ComponentLink9Description"; Value = "https://datasheet.octopart.com:443/C2012X5R1C106K085AC-TDK-datasheet-10978788.pdf?src-supplier=Future+Electronics"; VariantName = "[No Variations]"
Add component (AddParameter): Name = "ComponentLink9URL"; Value = "https://datasheet.octopart.com:443/C2012X5R1C106K085AC-TDK-datasheet-10978788.pdf?src-supplier=Future+Electronics"; VariantName = "[No Variations]"
Add component (AddParameter): Name = "ComponentLink10Description"; Value = "https://datasheet.octopart.com:443/C2012X5R1C106K085AC-TDK-datasheet-8852320.pdf?src-supplier=Future+Electronics"; VariantName = "[No Variations]"
Add component (AddParameter): Name = "ComponentLink10URL"; Value = "https://datasheet.octopart.com:443/C2012X5R1C106K085AC-TDK-datasheet-8852320.pdf?src-supplier=Future+Electronics"; VariantName = "[No Variations]"
Add component (AddParameter): Name = "ComponentLink11Description"; Value = "https://datasheet.octopart.com:443/C2012X5R1C106K085AC-TDK-datasheet-8359770.pdf?src-supplier=Future+Electronics"; VariantName = "[No Variations]"
Add component (AddParameter): Name = "ComponentLink11URL"; Value = "https://datasheet.octopart.com:443/C2012X5R1C106K085AC-TDK-datasheet-8359770.pdf?src-supplier=Future+Electronics"; VariantName = "[No Variations]"
Add component (AddParameter): Name = "ComponentLink12Description"; Value = "https://datasheet.octopart.com:443/C2012X5R1C106K085AC-TDK-datasheet-8324322.pdf?src-supplier=Future+Electronics"; VariantName = "[No Variations]"
Add component (AddParameter): Name = "ComponentLink12URL"; Value = "https://datasheet.octopart.com:443/C2012X5R1C106K085AC-TDK-datasheet-8324322.pdf?src-supplier=Future+Electronics"; VariantName = "[No Variations]"
Add component (AddParameter): Name = "ComponentLink13Description"; Value = "https://datasheet.octopart.com:443/C2012X5R1C106K085AC-TDK-datasheet-128946.pdf?src-supplier=Future+Electronics"; VariantName = "[No Variations]"
Add component (AddParameter): Name = "ComponentLink13URL"; Value = "https://datasheet.octopart.com:443/C2012X5R1C106K085AC-TDK-datasheet-128946.pdf?src-supplier=Future+Electronics"; VariantName = "[No Variations]"
Add component (AddParameter): Name = "Composition"; Value = "Ceramic"; VariantName = "[No Variations]"
Add component (AddParameter): Name = "Depth"; Value = "1.25mm"; VariantName = "[No Variations]"
Add component (AddParameter): Name = "Dielectric"; Value = "X5R"; VariantName = "[No Variations]"
Add component (AddParameter): Name = "Dielectric Material"; Value = "Ceramic"; VariantName = "[No Variations]"
Add component (AddParameter): Name = "Export Control Classification Number (ECCN) Code"; Value = "EAR99"; VariantName = "[No Variations]"
Add component (AddParameter): Name = "Harmonized Tariff Schedule (HTS) Code"; Value = "8532.24.00.20"; VariantName = "[No Variations]"
Add component (AddParameter): Name = "Height"; Value = "850µm"; VariantName = "[No Variations]"
Add component (AddParameter): Name = "Introduction Date"; Value = "2012-08-21"; VariantName = "[No Variations]"
Add component (AddParameter): Name = "Lead Free"; Value = "Lead Free"; VariantName = "[No Variations]"
Add component (AddParameter): Name = "Length"; Value = "2mm"; VariantName = "[No Variations]"
Add component (AddParameter): Name = "Lifecycle Status"; Value = "NRND"; VariantName = "[No Variations]"
Add component (AddParameter): Name = "Manufacturer"; Value = "TDK"; VariantName = "[No Variations]"
Add component (AddParameter): Name = "Manufacturer Lifecycle Status"; Value = "PRODUCTION (NOT RECOMMENDED FOR NEW DESIGN)"; VariantName = "[No Variations]"
Add component (AddParameter): Name = "Manufacturer Part Number"; Value = "C2012X5R1C106K085AC"; VariantName = "[No Variations]"
Add component (AddParameter): Name = "Material"; Value = "Ceramic"; VariantName = "[No Variations]"
Add component (AddParameter): Name = "Max Length"; Value = "2.2mm"; VariantName = "[No Variations]"
Add component (AddParameter): Name = "Max Operating Temperature"; Value = "85°C"; VariantName = "[No Variations]"
Add component (AddParameter): Name = "Max Width"; Value = "1.45mm"; VariantName = "[No Variations]"
Add component (AddParameter): Name = "Min Length"; Value = "1.8mm"; VariantName = "[No Variations]"
Add component (AddParameter): Name = "Min Operating Temperature"; Value = "-55°C"; VariantName = "[No Variations]"
Add component (AddParameter): Name = "Min Width"; Value = "1.05mm"; VariantName = "[No Variations]"
Add component (AddParameter): Name = "Mounting Technology"; Value = "Surface Mount"; VariantName = "[No Variations]"
Add component (AddParameter): Name = "Number of Terminals"; Value = "2"; VariantName = "[No Variations]"
Add component (AddParameter): Name = "Pins"; Value = "2"; VariantName = "[No Variations]"
Add component (AddParameter): Name = "Pricing"; Value = "1=0.21, 10=0.121, 50=0.0866, 100=0.076, 500=0.05824, 1000=0.05277 (USD)"; VariantName = "[No Variations]"
Add component (AddParameter): Name = "REACH SVHC"; Value = "Yes"; VariantName = "[No Variations]"
Add component (AddParameter): Name = "RoHS"; Value = "Compliant"; VariantName = "[No Variations]"
Add component (AddParameter): Name = "Schedule B"; Value = "8532240020, 8532240020|8532240020|8532240020|8532240020|8532240020"; VariantName = "[No Variations]"
Add component (AddParameter): Name = "Stock"; Value = "446443"; VariantName = "[No Variations]"
Add component (AddParameter): Name = "Supplier"; Value = "DigiKey"; VariantName = "[No Variations]"
Add component (AddParameter): Name = "Supplier Part Number"; Value = "445-7644-1-ND"; VariantName = "[No Variations]"
Add component (AddParameter): Name = "Termination"; Value = "SMD/SMT"; VariantName = "[No Variations]"
Add component (AddParameter): Name = "Tolerance"; Value = "10%"; VariantName = "[No Variations]"
Add component (AddParameter): Name = "Value"; Value = "10µF"; VariantName = "[No Variations]"
Add component (AddParameter): Name = "Voltage Rating"; Value = "16V"; VariantName = "[No Variations]"
Add component (AddParameter): Name = "Voltage Rating (DC)"; Value = "16V"; VariantName = "[No Variations]"
Add component (AddParameter): Name = "Weight"; Value = "5.499807mg"; VariantName = "[No Variations]"
Add component (AddParameter): Name = "Width"; Value = "1.25mm"; VariantName = "[No Variations]"
Added Component: Designator=C22(C0805)
Add component (AddParameter): Name = "Case Code (Imperial)"; Value = "0805"; VariantName = "[No Variations]"
Add component (AddParameter): Name = "Case Code (Metric)"; Value = "2012"; VariantName = "[No Variations]"
Add component (AddParameter): Name = "Case/Package"; Value = "0805"; VariantName = "[No Variations]"
Add component (AddParameter): Name = "Category"; Value = "Ceramic Capacitors"; VariantName = "[No Variations]"
Add component (AddParameter): Name = "China RoHS"; Value = "Compliant"; VariantName = "[No Variations]"
Add component (AddParameter): Name = "ComponentLink1Description"; Value = "https://datasheet.octopart.com:443/C2012X5R1C106K085AC-TDK-datasheet-175423548.pdf?src-supplier=IHS"; VariantName = "[No Variations]"
Add component (AddParameter): Name = "ComponentLink1URL"; Value = "https://datasheet.octopart.com:443/C2012X5R1C106K085AC-TDK-datasheet-175423548.pdf?src-supplier=IHS"; VariantName = "[No Variations]"
Add component (AddParameter): Name = "ComponentLink2Description"; Value = "https://datasheet.octopart.com:443/C2012X5R1C106K085AC-TDK-datasheet-151546523.pdf?src-supplier=ODG+(Origin+Data+Global)"; VariantName = "[No Variations]"
Add component (AddParameter): Name = "ComponentLink2URL"; Value = "https://datasheet.octopart.com:443/C2012X5R1C106K085AC-TDK-datasheet-151546523.pdf?src-supplier=ODG+(Origin+Data+Global)"; VariantName = "[No Variations]"
Add component (AddParameter): Name = "ComponentLink3Description"; Value = "https://datasheet.octopart.com/C2012X5R1C106K085AC-TDK-datasheet-41194876.pdf"; VariantName = "[No Variations]"
Add component (AddParameter): Name = "ComponentLink3URL"; Value = "https://datasheet.octopart.com/C2012X5R1C106K085AC-TDK-datasheet-41194876.pdf"; VariantName = "[No Variations]"
Add component (AddParameter): Name = "ComponentLink4Description"; Value = "https://datasheet.octopart.com:443/C2012X5R1C106K085AC-TDK-datasheet-82475248.pdf?src-supplier=Newark"; VariantName = "[No Variations]"
Add component (AddParameter): Name = "ComponentLink4URL"; Value = "https://datasheet.octopart.com:443/C2012X5R1C106K085AC-TDK-datasheet-82475248.pdf?src-supplier=Newark"; VariantName = "[No Variations]"
Add component (AddParameter): Name = "ComponentLink5Description"; Value = "https://datasheet.octopart.com:443/C2012X5R1C106K085AC-TDK-datasheet-23766614.pdf?src-supplier=Newark"; VariantName = "[No Variations]"
Add component (AddParameter): Name = "ComponentLink5URL"; Value = "https://datasheet.octopart.com:443/C2012X5R1C106K085AC-TDK-datasheet-23766614.pdf?src-supplier=Newark"; VariantName = "[No Variations]"
Add component (AddParameter): Name = "ComponentLink6Description"; Value = "https://datasheet.octopart.com:443/C2012X5R1C106K085AC-TDK-datasheet-20681607.pdf?src-supplier=Newark"; VariantName = "[No Variations]"
Add component (AddParameter): Name = "ComponentLink6URL"; Value = "https://datasheet.octopart.com:443/C2012X5R1C106K085AC-TDK-datasheet-20681607.pdf?src-supplier=Newark"; VariantName = "[No Variations]"
Add component (AddParameter): Name = "ComponentLink7Description"; Value = "https://datasheet.octopart.com:443/C2012X5R1C106K085AC-TDK-datasheet-13444418.pdf?src-supplier=Newark"; VariantName = "[No Variations]"
Add component (AddParameter): Name = "ComponentLink7URL"; Value = "https://datasheet.octopart.com:443/C2012X5R1C106K085AC-TDK-datasheet-13444418.pdf?src-supplier=Newark"; VariantName = "[No Variations]"
Add component (AddParameter): Name = "ComponentLink8Description"; Value = "https://datasheet.octopart.com:443/C2012X5R1C106K085AC-TDK-datasheet-12509848.pdf?src-supplier=Future+Electronics"; VariantName = "[No Variations]"
Add component (AddParameter): Name = "ComponentLink8URL"; Value = "https://datasheet.octopart.com:443/C2012X5R1C106K085AC-TDK-datasheet-12509848.pdf?src-supplier=Future+Electronics"; VariantName = "[No Variations]"
Add component (AddParameter): Name = "ComponentLink9Description"; Value = "https://datasheet.octopart.com:443/C2012X5R1C106K085AC-TDK-datasheet-10978788.pdf?src-supplier=Future+Electronics"; VariantName = "[No Variations]"
Add component (AddParameter): Name = "ComponentLink9URL"; Value = "https://datasheet.octopart.com:443/C2012X5R1C106K085AC-TDK-datasheet-10978788.pdf?src-supplier=Future+Electronics"; VariantName = "[No Variations]"
Add component (AddParameter): Name = "ComponentLink10Description"; Value = "https://datasheet.octopart.com:443/C2012X5R1C106K085AC-TDK-datasheet-8852320.pdf?src-supplier=Future+Electronics"; VariantName = "[No Variations]"
Add component (AddParameter): Name = "ComponentLink10URL"; Value = "https://datasheet.octopart.com:443/C2012X5R1C106K085AC-TDK-datasheet-8852320.pdf?src-supplier=Future+Electronics"; VariantName = "[No Variations]"
Add component (AddParameter): Name = "ComponentLink11Description"; Value = "https://datasheet.octopart.com:443/C2012X5R1C106K085AC-TDK-datasheet-8359770.pdf?src-supplier=Future+Electronics"; VariantName = "[No Variations]"
Add component (AddParameter): Name = "ComponentLink11URL"; Value = "https://datasheet.octopart.com:443/C2012X5R1C106K085AC-TDK-datasheet-8359770.pdf?src-supplier=Future+Electronics"; VariantName = "[No Variations]"
Add component (AddParameter): Name = "ComponentLink12Description"; Value = "https://datasheet.octopart.com:443/C2012X5R1C106K085AC-TDK-datasheet-8324322.pdf?src-supplier=Future+Electronics"; VariantName = "[No Variations]"
Add component (AddParameter): Name = "ComponentLink12URL"; Value = "https://datasheet.octopart.com:443/C2012X5R1C106K085AC-TDK-datasheet-8324322.pdf?src-supplier=Future+Electronics"; VariantName = "[No Variations]"
Add component (AddParameter): Name = "ComponentLink13Description"; Value = "https://datasheet.octopart.com:443/C2012X5R1C106K085AC-TDK-datasheet-128946.pdf?src-supplier=Future+Electronics"; VariantName = "[No Variations]"
Add component (AddParameter): Name = "ComponentLink13URL"; Value = "https://datasheet.octopart.com:443/C2012X5R1C106K085AC-TDK-datasheet-128946.pdf?src-supplier=Future+Electronics"; VariantName = "[No Variations]"
Add component (AddParameter): Name = "Composition"; Value = "Ceramic"; VariantName = "[No Variations]"
Add component (AddParameter): Name = "Depth"; Value = "1.25mm"; VariantName = "[No Variations]"
Add component (AddParameter): Name = "Dielectric"; Value = "X5R"; VariantName = "[No Variations]"
Add component (AddParameter): Name = "Dielectric Material"; Value = "Ceramic"; VariantName = "[No Variations]"
Add component (AddParameter): Name = "Export Control Classification Number (ECCN) Code"; Value = "EAR99"; VariantName = "[No Variations]"
Add component (AddParameter): Name = "Harmonized Tariff Schedule (HTS) Code"; Value = "8532.24.00.20"; VariantName = "[No Variations]"
Add component (AddParameter): Name = "Height"; Value = "850µm"; VariantName = "[No Variations]"
Add component (AddParameter): Name = "Introduction Date"; Value = "2012-08-21"; VariantName = "[No Variations]"
Add component (AddParameter): Name = "Lead Free"; Value = "Lead Free"; VariantName = "[No Variations]"
Add component (AddParameter): Name = "Length"; Value = "2mm"; VariantName = "[No Variations]"
Add component (AddParameter): Name = "Lifecycle Status"; Value = "NRND"; VariantName = "[No Variations]"
Add component (AddParameter): Name = "Manufacturer"; Value = "TDK"; VariantName = "[No Variations]"
Add component (AddParameter): Name = "Manufacturer Lifecycle Status"; Value = "PRODUCTION (NOT RECOMMENDED FOR NEW DESIGN)"; VariantName = "[No Variations]"
Add component (AddParameter): Name = "Manufacturer Part Number"; Value = "C2012X5R1C106K085AC"; VariantName = "[No Variations]"
Add component (AddParameter): Name = "Material"; Value = "Ceramic"; VariantName = "[No Variations]"
Add component (AddParameter): Name = "Max Length"; Value = "2.2mm"; VariantName = "[No Variations]"
Add component (AddParameter): Name = "Max Operating Temperature"; Value = "85°C"; VariantName = "[No Variations]"
Add component (AddParameter): Name = "Max Width"; Value = "1.45mm"; VariantName = "[No Variations]"
Add component (AddParameter): Name = "Min Length"; Value = "1.8mm"; VariantName = "[No Variations]"
Add component (AddParameter): Name = "Min Operating Temperature"; Value = "-55°C"; VariantName = "[No Variations]"
Add component (AddParameter): Name = "Min Width"; Value = "1.05mm"; VariantName = "[No Variations]"
Add component (AddParameter): Name = "Mounting Technology"; Value = "Surface Mount"; VariantName = "[No Variations]"
Add component (AddParameter): Name = "Number of Terminals"; Value = "2"; VariantName = "[No Variations]"
Add component (AddParameter): Name = "Pins"; Value = "2"; VariantName = "[No Variations]"
Add component (AddParameter): Name = "Pricing"; Value = "1=0.21, 10=0.121, 50=0.0866, 100=0.076, 500=0.05824, 1000=0.05277 (USD)"; VariantName = "[No Variations]"
Add component (AddParameter): Name = "REACH SVHC"; Value = "Yes"; VariantName = "[No Variations]"
Add component (AddParameter): Name = "RoHS"; Value = "Compliant"; VariantName = "[No Variations]"
Add component (AddParameter): Name = "Schedule B"; Value = "8532240020, 8532240020|8532240020|8532240020|8532240020|8532240020"; VariantName = "[No Variations]"
Add component (AddParameter): Name = "Stock"; Value = "446443"; VariantName = "[No Variations]"
Add component (AddParameter): Name = "Supplier"; Value = "DigiKey"; VariantName = "[No Variations]"
Add component (AddParameter): Name = "Supplier Part Number"; Value = "445-7644-1-ND"; VariantName = "[No Variations]"
Add component (AddParameter): Name = "Termination"; Value = "SMD/SMT"; VariantName = "[No Variations]"
Add component (AddParameter): Name = "Tolerance"; Value = "10%"; VariantName = "[No Variations]"
Add component (AddParameter): Name = "Value"; Value = "10µF"; VariantName = "[No Variations]"
Add component (AddParameter): Name = "Voltage Rating"; Value = "16V"; VariantName = "[No Variations]"
Add component (AddParameter): Name = "Voltage Rating (DC)"; Value = "16V"; VariantName = "[No Variations]"
Add component (AddParameter): Name = "Weight"; Value = "5.499807mg"; VariantName = "[No Variations]"
Add component (AddParameter): Name = "Width"; Value = "1.25mm"; VariantName = "[No Variations]"
Added Component: Designator=C23(C0805)
Add component (AddParameter): Name = "Case Code (Imperial)"; Value = "0805"; VariantName = "[No Variations]"
Add component (AddParameter): Name = "Case Code (Metric)"; Value = "2012"; VariantName = "[No Variations]"
Add component (AddParameter): Name = "Case/Package"; Value = "0805"; VariantName = "[No Variations]"
Add component (AddParameter): Name = "Category"; Value = "Ceramic Capacitors"; VariantName = "[No Variations]"
Add component (AddParameter): Name = "China RoHS"; Value = "Compliant"; VariantName = "[No Variations]"
Add component (AddParameter): Name = "ComponentLink1Description"; Value = "https://datasheet.octopart.com:443/C2012X7R1H104K085AA-TDK-datasheet-175423548.pdf?src-supplier=IHS"; VariantName = "[No Variations]"
Add component (AddParameter): Name = "ComponentLink1URL"; Value = "https://datasheet.octopart.com:443/C2012X7R1H104K085AA-TDK-datasheet-175423548.pdf?src-supplier=IHS"; VariantName = "[No Variations]"
Add component (AddParameter): Name = "ComponentLink2Description"; Value = "https://datasheet.octopart.com:443/C2012X7R1H104K085AA-TDK-datasheet-151546523.pdf?src-supplier=ODG+(Origin+Data+Global)"; VariantName = "[No Variations]"
Add component (AddParameter): Name = "ComponentLink2URL"; Value = "https://datasheet.octopart.com:443/C2012X7R1H104K085AA-TDK-datasheet-151546523.pdf?src-supplier=ODG+(Origin+Data+Global)"; VariantName = "[No Variations]"
Add component (AddParameter): Name = "ComponentLink3Description"; Value = "https://datasheet.octopart.com:443/C2012X7R1H104K085AA-TDK-datasheet-41194876.pdf?src-supplier=element14+APAC"; VariantName = "[No Variations]"
Add component (AddParameter): Name = "ComponentLink3URL"; Value = "https://datasheet.octopart.com:443/C2012X7R1H104K085AA-TDK-datasheet-41194876.pdf?src-supplier=element14+APAC"; VariantName = "[No Variations]"
Add component (AddParameter): Name = "ComponentLink4Description"; Value = "https://datasheet.octopart.com:443/C2012X7R1H104K085AA-TDK-datasheet-10978788.pdf?src-supplier=element14+APAC"; VariantName = "[No Variations]"
Add component (AddParameter): Name = "ComponentLink4URL"; Value = "https://datasheet.octopart.com:443/C2012X7R1H104K085AA-TDK-datasheet-10978788.pdf?src-supplier=element14+APAC"; VariantName = "[No Variations]"
Add component (AddParameter): Name = "ComponentLink5Description"; Value = "https://datasheet.octopart.com:443/C2012X7R1H104K085AA-TDK-datasheet-13376850.pdf?src-supplier=element14+APAC"; VariantName = "[No Variations]"
Add component (AddParameter): Name = "ComponentLink5URL"; Value = "https://datasheet.octopart.com:443/C2012X7R1H104K085AA-TDK-datasheet-13376850.pdf?src-supplier=element14+APAC"; VariantName = "[No Variations]"
Add component (AddParameter): Name = "ComponentLink6Description"; Value = "https://datasheet.octopart.com:443/C2012X7R1H104K085AA-TDK-datasheet-41169347.pdf?src-supplier=element14+APAC"; VariantName = "[No Variations]"
Add component (AddParameter): Name = "ComponentLink6URL"; Value = "https://datasheet.octopart.com:443/C2012X7R1H104K085AA-TDK-datasheet-41169347.pdf?src-supplier=element14+APAC"; VariantName = "[No Variations]"
Add component (AddParameter): Name = "ComponentLink7Description"; Value = "https://datasheet.octopart.com:443/C2012X7R1H104K085AA-TDK-datasheet-82475248.pdf?src-supplier=Newark"; VariantName = "[No Variations]"
Add component (AddParameter): Name = "ComponentLink7URL"; Value = "https://datasheet.octopart.com:443/C2012X7R1H104K085AA-TDK-datasheet-82475248.pdf?src-supplier=Newark"; VariantName = "[No Variations]"
Add component (AddParameter): Name = "ComponentLink8Description"; Value = "https://datasheet.octopart.com:443/C2012X7R1H104K085AA-TDK-datasheet-13444418.pdf?src-supplier=Newark"; VariantName = "[No Variations]"
Add component (AddParameter): Name = "ComponentLink8URL"; Value = "https://datasheet.octopart.com:443/C2012X7R1H104K085AA-TDK-datasheet-13444418.pdf?src-supplier=Newark"; VariantName = "[No Variations]"
Add component (AddParameter): Name = "ComponentLink9Description"; Value = "https://datasheet.octopart.com:443/C2012X7R1H104K085AA-TDK-datasheet-23766614.pdf?src-supplier=Newark"; VariantName = "[No Variations]"
Add component (AddParameter): Name = "ComponentLink9URL"; Value = "https://datasheet.octopart.com:443/C2012X7R1H104K085AA-TDK-datasheet-23766614.pdf?src-supplier=Newark"; VariantName = "[No Variations]"
Add component (AddParameter): Name = "ComponentLink10Description"; Value = "https://datasheet.octopart.com:443/C2012X7R1H104K085AA-TDK-datasheet-12509848.pdf?src-supplier=Future+Electronics"; VariantName = "[No Variations]"
Add component (AddParameter): Name = "ComponentLink10URL"; Value = "https://datasheet.octopart.com:443/C2012X7R1H104K085AA-TDK-datasheet-12509848.pdf?src-supplier=Future+Electronics"; VariantName = "[No Variations]"
Add component (AddParameter): Name = "ComponentLink11Description"; Value = "https://datasheet.octopart.com:443/C2012X7R1H104K085AA-TDK-datasheet-8852320.pdf?src-supplier=Future+Electronics"; VariantName = "[No Variations]"
Add component (AddParameter): Name = "ComponentLink11URL"; Value = "https://datasheet.octopart.com:443/C2012X7R1H104K085AA-TDK-datasheet-8852320.pdf?src-supplier=Future+Electronics"; VariantName = "[No Variations]"
Add component (AddParameter): Name = "ComponentLink12Description"; Value = "https://datasheet.octopart.com:443/C2012X7R1H104K085AA-TDK-datasheet-8359770.pdf?src-supplier=Future+Electronics"; VariantName = "[No Variations]"
Add component (AddParameter): Name = "ComponentLink12URL"; Value = "https://datasheet.octopart.com:443/C2012X7R1H104K085AA-TDK-datasheet-8359770.pdf?src-supplier=Future+Electronics"; VariantName = "[No Variations]"
Add component (AddParameter): Name = "ComponentLink13Description"; Value = "https://datasheet.octopart.com:443/C2012X7R1H104K085AA-TDK-datasheet-8324322.pdf?src-supplier=Future+Electronics"; VariantName = "[No Variations]"
Add component (AddParameter): Name = "ComponentLink13URL"; Value = "https://datasheet.octopart.com:443/C2012X7R1H104K085AA-TDK-datasheet-8324322.pdf?src-supplier=Future+Electronics"; VariantName = "[No Variations]"
Add component (AddParameter): Name = "ComponentLink14Description"; Value = "https://datasheet.octopart.com:443/C2012X7R1H104K085AA-TDK-datasheet-128946.pdf?src-supplier=Future+Electronics"; VariantName = "[No Variations]"
Add component (AddParameter): Name = "ComponentLink14URL"; Value = "https://datasheet.octopart.com:443/C2012X7R1H104K085AA-TDK-datasheet-128946.pdf?src-supplier=Future+Electronics"; VariantName = "[No Variations]"
Add component (AddParameter): Name = "ComponentLink15Description"; Value = "https://datasheet.octopart.com:443/C2012X7R1H104K085AA-TDK-datasheet-11730548.pdf?src-supplier=Electro+Sonic"; VariantName = "[No Variations]"
Add component (AddParameter): Name = "ComponentLink15URL"; Value = "https://datasheet.octopart.com:443/C2012X7R1H104K085AA-TDK-datasheet-11730548.pdf?src-supplier=Electro+Sonic"; VariantName = "[No Variations]"
Add component (AddParameter): Name = "Composition"; Value = "Ceramic"; VariantName = "[No Variations]"
Add component (AddParameter): Name = "Depth"; Value = "1.25mm"; VariantName = "[No Variations]"
Add component (AddParameter): Name = "Dielectric"; Value = "X7R"; VariantName = "[No Variations]"
Add component (AddParameter): Name = "Dielectric Material"; Value = "Ceramic"; VariantName = "[No Variations]"
Add component (AddParameter): Name = "Export Control Classification Number (ECCN) Code"; Value = "EAR99"; VariantName = "[No Variations]"
Add component (AddParameter): Name = "Harmonized Tariff Schedule (HTS) Code"; Value = "8532.24.00.20"; VariantName = "[No Variations]"
Add component (AddParameter): Name = "Height"; Value = "850µm"; VariantName = "[No Variations]"
Add component (AddParameter): Name = "Introduction Date"; Value = "2012-08-21"; VariantName = "[No Variations]"
Add component (AddParameter): Name = "Lead Free"; Value = "Lead Free"; VariantName = "[No Variations]"
Add component (AddParameter): Name = "Length"; Value = "2mm"; VariantName = "[No Variations]"
Add component (AddParameter): Name = "Lifecycle Status"; Value = "NRND"; VariantName = "[No Variations]"
Add component (AddParameter): Name = "Manufacturer"; Value = "TDK"; VariantName = "[No Variations]"
Add component (AddParameter): Name = "Manufacturer Lifecycle Status"; Value = "PRODUCTION (NOT RECOMMENDED FOR NEW DESIGN)"; VariantName = "[No Variations]"
Add component (AddParameter): Name = "Manufacturer Part Number"; Value = "C2012X7R1H104K085AA"; VariantName = "[No Variations]"
Add component (AddParameter): Name = "Material"; Value = "Ceramic"; VariantName = "[No Variations]"
Add component (AddParameter): Name = "Max Length"; Value = "2.2mm"; VariantName = "[No Variations]"
Add component (AddParameter): Name = "Max Operating Temperature"; Value = "125°C"; VariantName = "[No Variations]"
Add component (AddParameter): Name = "Max Width"; Value = "1.45mm"; VariantName = "[No Variations]"
Add component (AddParameter): Name = "Min Length"; Value = "1.8mm"; VariantName = "[No Variations]"
Add component (AddParameter): Name = "Min Operating Temperature"; Value = "-55°C"; VariantName = "[No Variations]"
Add component (AddParameter): Name = "Min Width"; Value = "1.05mm"; VariantName = "[No Variations]"
Add component (AddParameter): Name = "Mounting Technology"; Value = "Surface Mount"; VariantName = "[No Variations]"
Add component (AddParameter): Name = "Number of Terminals"; Value = "2"; VariantName = "[No Variations]"
Add component (AddParameter): Name = "Pins"; Value = "2"; VariantName = "[No Variations]"
Add component (AddParameter): Name = "Pricing"; Value = "1=0.12, 10=0.069, 50=0.0482, 100=0.0418, 500=0.03104, 1000=0.02773 (USD)"; VariantName = "[No Variations]"
Add component (AddParameter): Name = "Radiation Hardening"; Value = "No"; VariantName = "[No Variations]"
Add component (AddParameter): Name = "REACH SVHC"; Value = "Yes"; VariantName = "[No Variations]"
Add component (AddParameter): Name = "RoHS"; Value = "Compliant"; VariantName = "[No Variations]"
Add component (AddParameter): Name = "Schedule B"; Value = "8532240020, 8532240020|8532240020|8532240020|8532240020|8532240020"; VariantName = "[No Variations]"
Add component (AddParameter): Name = "Stock"; Value = "478758"; VariantName = "[No Variations]"
Add component (AddParameter): Name = "Supplier"; Value = "DigiKey"; VariantName = "[No Variations]"
Add component (AddParameter): Name = "Supplier Part Number"; Value = "445-7534-1-ND"; VariantName = "[No Variations]"
Add component (AddParameter): Name = "Termination"; Value = "SMD/SMT"; VariantName = "[No Variations]"
Add component (AddParameter): Name = "Tolerance"; Value = "10%"; VariantName = "[No Variations]"
Add component (AddParameter): Name = "Value"; Value = "100nF"; VariantName = "[No Variations]"
Add component (AddParameter): Name = "Voltage"; Value = "50V"; VariantName = "[No Variations]"
Add component (AddParameter): Name = "Voltage Rating"; Value = "50V"; VariantName = "[No Variations]"
Add component (AddParameter): Name = "Voltage Rating (DC)"; Value = "50V"; VariantName = "[No Variations]"
Add component (AddParameter): Name = "Weight"; Value = "5.499807mg"; VariantName = "[No Variations]"
Add component (AddParameter): Name = "Width"; Value = "1.25mm"; VariantName = "[No Variations]"
Added Component: Designator=C24(C0805)
Add component (AddParameter): Name = "Case Code (Imperial)"; Value = "0805"; VariantName = "[No Variations]"
Add component (AddParameter): Name = "Case Code (Metric)"; Value = "2012"; VariantName = "[No Variations]"
Add component (AddParameter): Name = "Case/Package"; Value = "0805"; VariantName = "[No Variations]"
Add component (AddParameter): Name = "Category"; Value = "Ceramic Capacitors"; VariantName = "[No Variations]"
Add component (AddParameter): Name = "China RoHS"; Value = "Compliant"; VariantName = "[No Variations]"
Add component (AddParameter): Name = "ComponentLink1Description"; Value = "https://datasheet.octopart.com:443/C2012X7R1H104K085AA-TDK-datasheet-175423548.pdf?src-supplier=IHS"; VariantName = "[No Variations]"
Add component (AddParameter): Name = "ComponentLink1URL"; Value = "https://datasheet.octopart.com:443/C2012X7R1H104K085AA-TDK-datasheet-175423548.pdf?src-supplier=IHS"; VariantName = "[No Variations]"
Add component (AddParameter): Name = "ComponentLink2Description"; Value = "https://datasheet.octopart.com:443/C2012X7R1H104K085AA-TDK-datasheet-151546523.pdf?src-supplier=ODG+(Origin+Data+Global)"; VariantName = "[No Variations]"
Add component (AddParameter): Name = "ComponentLink2URL"; Value = "https://datasheet.octopart.com:443/C2012X7R1H104K085AA-TDK-datasheet-151546523.pdf?src-supplier=ODG+(Origin+Data+Global)"; VariantName = "[No Variations]"
Add component (AddParameter): Name = "ComponentLink3Description"; Value = "https://datasheet.octopart.com:443/C2012X7R1H104K085AA-TDK-datasheet-41194876.pdf?src-supplier=element14+APAC"; VariantName = "[No Variations]"
Add component (AddParameter): Name = "ComponentLink3URL"; Value = "https://datasheet.octopart.com:443/C2012X7R1H104K085AA-TDK-datasheet-41194876.pdf?src-supplier=element14+APAC"; VariantName = "[No Variations]"
Add component (AddParameter): Name = "ComponentLink4Description"; Value = "https://datasheet.octopart.com:443/C2012X7R1H104K085AA-TDK-datasheet-10978788.pdf?src-supplier=element14+APAC"; VariantName = "[No Variations]"
Add component (AddParameter): Name = "ComponentLink4URL"; Value = "https://datasheet.octopart.com:443/C2012X7R1H104K085AA-TDK-datasheet-10978788.pdf?src-supplier=element14+APAC"; VariantName = "[No Variations]"
Add component (AddParameter): Name = "ComponentLink5Description"; Value = "https://datasheet.octopart.com:443/C2012X7R1H104K085AA-TDK-datasheet-13376850.pdf?src-supplier=element14+APAC"; VariantName = "[No Variations]"
Add component (AddParameter): Name = "ComponentLink5URL"; Value = "https://datasheet.octopart.com:443/C2012X7R1H104K085AA-TDK-datasheet-13376850.pdf?src-supplier=element14+APAC"; VariantName = "[No Variations]"
Add component (AddParameter): Name = "ComponentLink6Description"; Value = "https://datasheet.octopart.com:443/C2012X7R1H104K085AA-TDK-datasheet-41169347.pdf?src-supplier=element14+APAC"; VariantName = "[No Variations]"
Add component (AddParameter): Name = "ComponentLink6URL"; Value = "https://datasheet.octopart.com:443/C2012X7R1H104K085AA-TDK-datasheet-41169347.pdf?src-supplier=element14+APAC"; VariantName = "[No Variations]"
Add component (AddParameter): Name = "ComponentLink7Description"; Value = "https://datasheet.octopart.com:443/C2012X7R1H104K085AA-TDK-datasheet-82475248.pdf?src-supplier=Newark"; VariantName = "[No Variations]"
Add component (AddParameter): Name = "ComponentLink7URL"; Value = "https://datasheet.octopart.com:443/C2012X7R1H104K085AA-TDK-datasheet-82475248.pdf?src-supplier=Newark"; VariantName = "[No Variations]"
Add component (AddParameter): Name = "ComponentLink8Description"; Value = "https://datasheet.octopart.com:443/C2012X7R1H104K085AA-TDK-datasheet-13444418.pdf?src-supplier=Newark"; VariantName = "[No Variations]"
Add component (AddParameter): Name = "ComponentLink8URL"; Value = "https://datasheet.octopart.com:443/C2012X7R1H104K085AA-TDK-datasheet-13444418.pdf?src-supplier=Newark"; VariantName = "[No Variations]"
Add component (AddParameter): Name = "ComponentLink9Description"; Value = "https://datasheet.octopart.com:443/C2012X7R1H104K085AA-TDK-datasheet-23766614.pdf?src-supplier=Newark"; VariantName = "[No Variations]"
Add component (AddParameter): Name = "ComponentLink9URL"; Value = "https://datasheet.octopart.com:443/C2012X7R1H104K085AA-TDK-datasheet-23766614.pdf?src-supplier=Newark"; VariantName = "[No Variations]"
Add component (AddParameter): Name = "ComponentLink10Description"; Value = "https://datasheet.octopart.com:443/C2012X7R1H104K085AA-TDK-datasheet-12509848.pdf?src-supplier=Future+Electronics"; VariantName = "[No Variations]"
Add component (AddParameter): Name = "ComponentLink10URL"; Value = "https://datasheet.octopart.com:443/C2012X7R1H104K085AA-TDK-datasheet-12509848.pdf?src-supplier=Future+Electronics"; VariantName = "[No Variations]"
Add component (AddParameter): Name = "ComponentLink11Description"; Value = "https://datasheet.octopart.com:443/C2012X7R1H104K085AA-TDK-datasheet-8852320.pdf?src-supplier=Future+Electronics"; VariantName = "[No Variations]"
Add component (AddParameter): Name = "ComponentLink11URL"; Value = "https://datasheet.octopart.com:443/C2012X7R1H104K085AA-TDK-datasheet-8852320.pdf?src-supplier=Future+Electronics"; VariantName = "[No Variations]"
Add component (AddParameter): Name = "ComponentLink12Description"; Value = "https://datasheet.octopart.com:443/C2012X7R1H104K085AA-TDK-datasheet-8359770.pdf?src-supplier=Future+Electronics"; VariantName = "[No Variations]"
Add component (AddParameter): Name = "ComponentLink12URL"; Value = "https://datasheet.octopart.com:443/C2012X7R1H104K085AA-TDK-datasheet-8359770.pdf?src-supplier=Future+Electronics"; VariantName = "[No Variations]"
Add component (AddParameter): Name = "ComponentLink13Description"; Value = "https://datasheet.octopart.com:443/C2012X7R1H104K085AA-TDK-datasheet-8324322.pdf?src-supplier=Future+Electronics"; VariantName = "[No Variations]"
Add component (AddParameter): Name = "ComponentLink13URL"; Value = "https://datasheet.octopart.com:443/C2012X7R1H104K085AA-TDK-datasheet-8324322.pdf?src-supplier=Future+Electronics"; VariantName = "[No Variations]"
Add component (AddParameter): Name = "ComponentLink14Description"; Value = "https://datasheet.octopart.com:443/C2012X7R1H104K085AA-TDK-datasheet-128946.pdf?src-supplier=Future+Electronics"; VariantName = "[No Variations]"
Add component (AddParameter): Name = "ComponentLink14URL"; Value = "https://datasheet.octopart.com:443/C2012X7R1H104K085AA-TDK-datasheet-128946.pdf?src-supplier=Future+Electronics"; VariantName = "[No Variations]"
Add component (AddParameter): Name = "ComponentLink15Description"; Value = "https://datasheet.octopart.com:443/C2012X7R1H104K085AA-TDK-datasheet-11730548.pdf?src-supplier=Electro+Sonic"; VariantName = "[No Variations]"
Add component (AddParameter): Name = "ComponentLink15URL"; Value = "https://datasheet.octopart.com:443/C2012X7R1H104K085AA-TDK-datasheet-11730548.pdf?src-supplier=Electro+Sonic"; VariantName = "[No Variations]"
Add component (AddParameter): Name = "Composition"; Value = "Ceramic"; VariantName = "[No Variations]"
Add component (AddParameter): Name = "Depth"; Value = "1.25mm"; VariantName = "[No Variations]"
Add component (AddParameter): Name = "Dielectric"; Value = "X7R"; VariantName = "[No Variations]"
Add component (AddParameter): Name = "Dielectric Material"; Value = "Ceramic"; VariantName = "[No Variations]"
Add component (AddParameter): Name = "Export Control Classification Number (ECCN) Code"; Value = "EAR99"; VariantName = "[No Variations]"
Add component (AddParameter): Name = "Harmonized Tariff Schedule (HTS) Code"; Value = "8532.24.00.20"; VariantName = "[No Variations]"
Add component (AddParameter): Name = "Height"; Value = "850µm"; VariantName = "[No Variations]"
Add component (AddParameter): Name = "Introduction Date"; Value = "2012-08-21"; VariantName = "[No Variations]"
Add component (AddParameter): Name = "Lead Free"; Value = "Lead Free"; VariantName = "[No Variations]"
Add component (AddParameter): Name = "Length"; Value = "2mm"; VariantName = "[No Variations]"
Add component (AddParameter): Name = "Lifecycle Status"; Value = "NRND"; VariantName = "[No Variations]"
Add component (AddParameter): Name = "Manufacturer"; Value = "TDK"; VariantName = "[No Variations]"
Add component (AddParameter): Name = "Manufacturer Lifecycle Status"; Value = "PRODUCTION (NOT RECOMMENDED FOR NEW DESIGN)"; VariantName = "[No Variations]"
Add component (AddParameter): Name = "Manufacturer Part Number"; Value = "C2012X7R1H104K085AA"; VariantName = "[No Variations]"
Add component (AddParameter): Name = "Material"; Value = "Ceramic"; VariantName = "[No Variations]"
Add component (AddParameter): Name = "Max Length"; Value = "2.2mm"; VariantName = "[No Variations]"
Add component (AddParameter): Name = "Max Operating Temperature"; Value = "125°C"; VariantName = "[No Variations]"
Add component (AddParameter): Name = "Max Width"; Value = "1.45mm"; VariantName = "[No Variations]"
Add component (AddParameter): Name = "Min Length"; Value = "1.8mm"; VariantName = "[No Variations]"
Add component (AddParameter): Name = "Min Operating Temperature"; Value = "-55°C"; VariantName = "[No Variations]"
Add component (AddParameter): Name = "Min Width"; Value = "1.05mm"; VariantName = "[No Variations]"
Add component (AddParameter): Name = "Mounting Technology"; Value = "Surface Mount"; VariantName = "[No Variations]"
Add component (AddParameter): Name = "Number of Terminals"; Value = "2"; VariantName = "[No Variations]"
Add component (AddParameter): Name = "Pins"; Value = "2"; VariantName = "[No Variations]"
Add component (AddParameter): Name = "Pricing"; Value = "1=0.12, 10=0.069, 50=0.0482, 100=0.0418, 500=0.03104, 1000=0.02773 (USD)"; VariantName = "[No Variations]"
Add component (AddParameter): Name = "Radiation Hardening"; Value = "No"; VariantName = "[No Variations]"
Add component (AddParameter): Name = "REACH SVHC"; Value = "Yes"; VariantName = "[No Variations]"
Add component (AddParameter): Name = "RoHS"; Value = "Compliant"; VariantName = "[No Variations]"
Add component (AddParameter): Name = "Schedule B"; Value = "8532240020, 8532240020|8532240020|8532240020|8532240020|8532240020"; VariantName = "[No Variations]"
Add component (AddParameter): Name = "Stock"; Value = "478758"; VariantName = "[No Variations]"
Add component (AddParameter): Name = "Supplier"; Value = "DigiKey"; VariantName = "[No Variations]"
Add component (AddParameter): Name = "Supplier Part Number"; Value = "445-7534-1-ND"; VariantName = "[No Variations]"
Add component (AddParameter): Name = "Termination"; Value = "SMD/SMT"; VariantName = "[No Variations]"
Add component (AddParameter): Name = "Tolerance"; Value = "10%"; VariantName = "[No Variations]"
Add component (AddParameter): Name = "Value"; Value = "100nF"; VariantName = "[No Variations]"
Add component (AddParameter): Name = "Voltage"; Value = "50V"; VariantName = "[No Variations]"
Add component (AddParameter): Name = "Voltage Rating"; Value = "50V"; VariantName = "[No Variations]"
Add component (AddParameter): Name = "Voltage Rating (DC)"; Value = "50V"; VariantName = "[No Variations]"
Add component (AddParameter): Name = "Weight"; Value = "5.499807mg"; VariantName = "[No Variations]"
Add component (AddParameter): Name = "Width"; Value = "1.25mm"; VariantName = "[No Variations]"
Added Component: Designator=C25(C0805)
Add component (AddParameter): Name = "Case Code (Imperial)"; Value = "0805"; VariantName = "[No Variations]"
Add component (AddParameter): Name = "Case/Package"; Value = "0805"; VariantName = "[No Variations]"
Add component (AddParameter): Name = "Category"; Value = "Ceramic Capacitors"; VariantName = "[No Variations]"
Add component (AddParameter): Name = "China RoHS"; Value = "Compliant"; VariantName = "[No Variations]"
Add component (AddParameter): Name = "ComponentLink1Description"; Value = "https://datasheet.octopart.com:443/C0805C180J5GACTU-KEMET-datasheet-178132257.pdf?src-supplier=IHS"; VariantName = "[No Variations]"
Add component (AddParameter): Name = "ComponentLink1URL"; Value = "https://datasheet.octopart.com:443/C0805C180J5GACTU-KEMET-datasheet-178132257.pdf?src-supplier=IHS"; VariantName = "[No Variations]"
Add component (AddParameter): Name = "ComponentLink2Description"; Value = "https://datasheet.octopart.com:443/C0805C180J5GACTU-KEMET-datasheet-68331921.pdf?src-supplier=element14+APAC"; VariantName = "[No Variations]"
Add component (AddParameter): Name = "ComponentLink2URL"; Value = "https://datasheet.octopart.com:443/C0805C180J5GACTU-KEMET-datasheet-68331921.pdf?src-supplier=element14+APAC"; VariantName = "[No Variations]"
Add component (AddParameter): Name = "ComponentLink3Description"; Value = "https://datasheet.octopart.com:443/C0805C180J5GACTU-Kemet-datasheet-10282724.pdf?src-supplier=element14+APAC"; VariantName = "[No Variations]"
Add component (AddParameter): Name = "ComponentLink3URL"; Value = "https://datasheet.octopart.com:443/C0805C180J5GACTU-Kemet-datasheet-10282724.pdf?src-supplier=element14+APAC"; VariantName = "[No Variations]"
Add component (AddParameter): Name = "ComponentLink4Description"; Value = "https://datasheet.octopart.com:443/C0805C180J5GACTU-KEMET-datasheet-176142321.pdf?src-supplier=element14+APAC"; VariantName = "[No Variations]"
Add component (AddParameter): Name = "ComponentLink4URL"; Value = "https://datasheet.octopart.com:443/C0805C180J5GACTU-KEMET-datasheet-176142321.pdf?src-supplier=element14+APAC"; VariantName = "[No Variations]"
Add component (AddParameter): Name = "ComponentLink5Description"; Value = "https://datasheet.octopart.com:443/C0805C180J5GACTU-KEMET-datasheet-176142314.pdf?src-supplier=element14+APAC"; VariantName = "[No Variations]"
Add component (AddParameter): Name = "ComponentLink5URL"; Value = "https://datasheet.octopart.com:443/C0805C180J5GACTU-KEMET-datasheet-176142314.pdf?src-supplier=element14+APAC"; VariantName = "[No Variations]"
Add component (AddParameter): Name = "ComponentLink6Description"; Value = "https://datasheet.octopart.com:443/C0805C180J5GACTU-KEMET-datasheet-149524055.pdf?src-supplier=Farnell"; VariantName = "[No Variations]"
Add component (AddParameter): Name = "ComponentLink6URL"; Value = "https://datasheet.octopart.com:443/C0805C180J5GACTU-KEMET-datasheet-149524055.pdf?src-supplier=Farnell"; VariantName = "[No Variations]"
Add component (AddParameter): Name = "ComponentLink7Description"; Value = "https://datasheet.octopart.com:443/C0805C180J5GACTU-Kemet-datasheet-21202491.pdf?src-supplier=Farnell"; VariantName = "[No Variations]"
Add component (AddParameter): Name = "ComponentLink7URL"; Value = "https://datasheet.octopart.com:443/C0805C180J5GACTU-Kemet-datasheet-21202491.pdf?src-supplier=Farnell"; VariantName = "[No Variations]"
Add component (AddParameter): Name = "ComponentLink8Description"; Value = "https://datasheet.octopart.com:443/C0805C180J5GACTU-KEMET-datasheet-101576200.pdf?src-supplier=Farnell"; VariantName = "[No Variations]"
Add component (AddParameter): Name = "ComponentLink8URL"; Value = "https://datasheet.octopart.com:443/C0805C180J5GACTU-KEMET-datasheet-101576200.pdf?src-supplier=Farnell"; VariantName = "[No Variations]"
Add component (AddParameter): Name = "ComponentLink9Description"; Value = "https://datasheet.octopart.com:443/C0805C180J5GACTU-Kemet-datasheet-7833651.pdf?src-supplier=Farnell"; VariantName = "[No Variations]"
Add component (AddParameter): Name = "ComponentLink9URL"; Value = "https://datasheet.octopart.com:443/C0805C180J5GACTU-Kemet-datasheet-7833651.pdf?src-supplier=Farnell"; VariantName = "[No Variations]"
Add component (AddParameter): Name = "ComponentLink10Description"; Value = "https://datasheet.octopart.com:443/C0805C180J5GACTU-Kemet-datasheet-7601896.pdf?src-supplier=Farnell"; VariantName = "[No Variations]"
Add component (AddParameter): Name = "ComponentLink10URL"; Value = "https://datasheet.octopart.com:443/C0805C180J5GACTU-Kemet-datasheet-7601896.pdf?src-supplier=Farnell"; VariantName = "[No Variations]"
Add component (AddParameter): Name = "ComponentLink11Description"; Value = "https://datasheet.octopart.com:443/C0805C180J5GACTU-Kemet-datasheet-5316294.pdf?src-supplier=Farnell"; VariantName = "[No Variations]"
Add component (AddParameter): Name = "ComponentLink11URL"; Value = "https://datasheet.octopart.com:443/C0805C180J5GACTU-Kemet-datasheet-5316294.pdf?src-supplier=Farnell"; VariantName = "[No Variations]"
Add component (AddParameter): Name = "ComponentLink12Description"; Value = "https://datasheet.octopart.com:443/C0805C180J5GACTU-Kemet-datasheet-5314837.pdf?src-supplier=Farnell"; VariantName = "[No Variations]"
Add component (AddParameter): Name = "ComponentLink12URL"; Value = "https://datasheet.octopart.com:443/C0805C180J5GACTU-Kemet-datasheet-5314837.pdf?src-supplier=Farnell"; VariantName = "[No Variations]"
Add component (AddParameter): Name = "ComponentLink13Description"; Value = "https://datasheet.octopart.com:443/C0805C180J5GACTU-Kemet-datasheet-8092359.pdf?src-supplier=Farnell"; VariantName = "[No Variations]"
Add component (AddParameter): Name = "ComponentLink13URL"; Value = "https://datasheet.octopart.com:443/C0805C180J5GACTU-Kemet-datasheet-8092359.pdf?src-supplier=Farnell"; VariantName = "[No Variations]"
Add component (AddParameter): Name = "ComponentLink14Description"; Value = "https://datasheet.octopart.com:443/C0805C180J5GACTU-Kemet-datasheet-5313890.pdf?src-supplier=Farnell"; VariantName = "[No Variations]"
Add component (AddParameter): Name = "ComponentLink14URL"; Value = "https://datasheet.octopart.com:443/C0805C180J5GACTU-Kemet-datasheet-5313890.pdf?src-supplier=Farnell"; VariantName = "[No Variations]"
Add component (AddParameter): Name = "ComponentLink15Description"; Value = "https://datasheet.octopart.com:443/C0805C180J5GACTU-Kemet-datasheet-5390537.pdf?src-supplier=Farnell"; VariantName = "[No Variations]"
Add component (AddParameter): Name = "ComponentLink15URL"; Value = "https://datasheet.octopart.com:443/C0805C180J5GACTU-Kemet-datasheet-5390537.pdf?src-supplier=Farnell"; VariantName = "[No Variations]"
Add component (AddParameter): Name = "ComponentLink16Description"; Value = "https://datasheet.octopart.com:443/C0805C180J5GACTU-Kemet-datasheet-5314969.pdf?src-supplier=Farnell"; VariantName = "[No Variations]"
Add component (AddParameter): Name = "ComponentLink16URL"; Value = "https://datasheet.octopart.com:443/C0805C180J5GACTU-Kemet-datasheet-5314969.pdf?src-supplier=Farnell"; VariantName = "[No Variations]"
Add component (AddParameter): Name = "ComponentLink17Description"; Value = "https://datasheet.octopart.com:443/C0805C180J5GACTU-Kemet-datasheet-5314627.pdf?src-supplier=Farnell"; VariantName = "[No Variations]"
Add component (AddParameter): Name = "ComponentLink17URL"; Value = "https://datasheet.octopart.com:443/C0805C180J5GACTU-Kemet-datasheet-5314627.pdf?src-supplier=Farnell"; VariantName = "[No Variations]"
Add component (AddParameter): Name = "ComponentLink18Description"; Value = "https://datasheet.octopart.com:443/C0805C180J5GACTU-Kemet-datasheet-5389132.pdf?src-supplier=Farnell"; VariantName = "[No Variations]"
Add component (AddParameter): Name = "ComponentLink18URL"; Value = "https://datasheet.octopart.com:443/C0805C180J5GACTU-Kemet-datasheet-5389132.pdf?src-supplier=Farnell"; VariantName = "[No Variations]"
Add component (AddParameter): Name = "ComponentLink19Description"; Value = "https://datasheet.octopart.com:443/C0805C180J5GACTU-Kemet-datasheet-5313836.pdf?src-supplier=Farnell"; VariantName = "[No Variations]"
Add component (AddParameter): Name = "ComponentLink19URL"; Value = "https://datasheet.octopart.com:443/C0805C180J5GACTU-Kemet-datasheet-5313836.pdf?src-supplier=Farnell"; VariantName = "[No Variations]"
Add component (AddParameter): Name = "ComponentLink20Description"; Value = "https://datasheet.octopart.com:443/C0805C180J5GACTU-Kemet-datasheet-8111010.pdf?src-supplier=Farnell"; VariantName = "[No Variations]"
Add component (AddParameter): Name = "ComponentLink20URL"; Value = "https://datasheet.octopart.com:443/C0805C180J5GACTU-Kemet-datasheet-8111010.pdf?src-supplier=Farnell"; VariantName = "[No Variations]"
Add component (AddParameter): Name = "ComponentLink21Description"; Value = "https://datasheet.octopart.com:443/C0805C180J5GACTU-Kemet-datasheet-7541751.pdf?src-supplier=Farnell"; VariantName = "[No Variations]"
Add component (AddParameter): Name = "ComponentLink21URL"; Value = "https://datasheet.octopart.com:443/C0805C180J5GACTU-Kemet-datasheet-7541751.pdf?src-supplier=Farnell"; VariantName = "[No Variations]"
Add component (AddParameter): Name = "ComponentLink22Description"; Value = "https://datasheet.octopart.com:443/C0805C180J5GACTU-Kemet-datasheet-7627733.pdf?src-supplier=Farnell"; VariantName = "[No Variations]"
Add component (AddParameter): Name = "ComponentLink22URL"; Value = "https://datasheet.octopart.com:443/C0805C180J5GACTU-Kemet-datasheet-7627733.pdf?src-supplier=Farnell"; VariantName = "[No Variations]"
Add component (AddParameter): Name = "ComponentLink23Description"; Value = "https://datasheet.octopart.com:443/C0805C180J5GACTU-Kemet-datasheet-500041.pdf?src-supplier=Farnell"; VariantName = "[No Variations]"
Add component (AddParameter): Name = "ComponentLink23URL"; Value = "https://datasheet.octopart.com:443/C0805C180J5GACTU-Kemet-datasheet-500041.pdf?src-supplier=Farnell"; VariantName = "[No Variations]"
Add component (AddParameter): Name = "ComponentLink24Description"; Value = "https://datasheet.octopart.com:443/C0805C180J5GACTU-Kemet-datasheet-5315946.pdf?src-supplier=Farnell"; VariantName = "[No Variations]"
Add component (AddParameter): Name = "ComponentLink24URL"; Value = "https://datasheet.octopart.com:443/C0805C180J5GACTU-Kemet-datasheet-5315946.pdf?src-supplier=Farnell"; VariantName = "[No Variations]"
Add component (AddParameter): Name = "ComponentLink25Description"; Value = "https://datasheet.octopart.com:443/C0805C180J5GACTU-Kemet-datasheet-5314449.pdf?src-supplier=Newark"; VariantName = "[No Variations]"
Add component (AddParameter): Name = "ComponentLink25URL"; Value = "https://datasheet.octopart.com:443/C0805C180J5GACTU-Kemet-datasheet-5314449.pdf?src-supplier=Newark"; VariantName = "[No Variations]"
Add component (AddParameter): Name = "ComponentLink26Description"; Value = "https://datasheet.octopart.com:443/C0805C180J5GACTU-KEMET-datasheet-170667456.pdf?src-supplier=Newark"; VariantName = "[No Variations]"
Add component (AddParameter): Name = "ComponentLink26URL"; Value = "https://datasheet.octopart.com:443/C0805C180J5GACTU-KEMET-datasheet-170667456.pdf?src-supplier=Newark"; VariantName = "[No Variations]"
Add component (AddParameter): Name = "ComponentLink27Description"; Value = "https://datasheet.octopart.com:443/C0805C180J5GACTU-KEMET-datasheet-37178240.pdf?src-supplier=Electro+Sonic"; VariantName = "[No Variations]"
Add component (AddParameter): Name = "ComponentLink27URL"; Value = "https://datasheet.octopart.com:443/C0805C180J5GACTU-KEMET-datasheet-37178240.pdf?src-supplier=Electro+Sonic"; VariantName = "[No Variations]"
Add component (AddParameter): Name = "ComponentLink28Description"; Value = "https://datasheet.octopart.com:443/C0805C180J5GACTU-Kemet-datasheet-67847120.pdf?src-supplier=TME"; VariantName = "[No Variations]"
Add component (AddParameter): Name = "ComponentLink28URL"; Value = "https://datasheet.octopart.com:443/C0805C180J5GACTU-Kemet-datasheet-67847120.pdf?src-supplier=TME"; VariantName = "[No Variations]"
Add component (AddParameter): Name = "ComponentLink29Description"; Value = "https://datasheet.octopart.com/C0805C180J5GACTU-KEMET-datasheet-84169754.pdf"; VariantName = "[No Variations]"
Add component (AddParameter): Name = "ComponentLink29URL"; Value = "https://datasheet.octopart.com/C0805C180J5GACTU-KEMET-datasheet-84169754.pdf"; VariantName = "[No Variations]"
Add component (AddParameter): Name = "ComponentLink30Description"; Value = "https://datasheet.octopart.com:443/C0805C180J5GAC7800-KEMET-datasheet-164857143.pdf?src-supplier=Burklin+Elektronik"; VariantName = "[No Variations]"
Add component (AddParameter): Name = "ComponentLink30URL"; Value = "https://datasheet.octopart.com:443/C0805C180J5GAC7800-KEMET-datasheet-164857143.pdf?src-supplier=Burklin+Elektronik"; VariantName = "[No Variations]"
Add component (AddParameter): Name = "ComponentLink31Description"; Value = "https://datasheet.octopart.com:443/C0805C180J5GAC-TU-Kemet-datasheet-7585144.pdf?src-supplier=Jameco"; VariantName = "[No Variations]"
Add component (AddParameter): Name = "ComponentLink31URL"; Value = "https://datasheet.octopart.com:443/C0805C180J5GAC-TU-Kemet-datasheet-7585144.pdf?src-supplier=Jameco"; VariantName = "[No Variations]"
Add component (AddParameter): Name = "ComponentLink32Description"; Value = "https://datasheet.octopart.com:443/C0805C180J5GACTU-Kemet-datasheet-464.pdf?src-supplier=RS+(Formerly+Allied+Electronics)"; VariantName = "[No Variations]"
Add component (AddParameter): Name = "ComponentLink32URL"; Value = "https://datasheet.octopart.com:443/C0805C180J5GACTU-Kemet-datasheet-464.pdf?src-supplier=RS+(Formerly+Allied+Electronics)"; VariantName = "[No Variations]"
Add component (AddParameter): Name = "ComponentLink33Description"; Value = "http://sigma.octopart.com:80/conflict_mineral_statement/Yageo-company-3.pdf?src-supplier=Compliance+Statements"; VariantName = "[No Variations]"
Add component (AddParameter): Name = "ComponentLink33URL"; Value = "http://sigma.octopart.com:80/conflict_mineral_statement/Yageo-company-3.pdf?src-supplier=Compliance+Statements"; VariantName = "[No Variations]"
Add component (AddParameter): Name = "ComponentLink34Description"; Value = "http://sigma.octopart.com:80/rohs_statement/Yageo-company-2.pdf?src-supplier=Compliance+Statements"; VariantName = "[No Variations]"
Add component (AddParameter): Name = "ComponentLink34URL"; Value = "http://sigma.octopart.com:80/rohs_statement/Yageo-company-2.pdf?src-supplier=Compliance+Statements"; VariantName = "[No Variations]"
Add component (AddParameter): Name = "Contact Material"; Value = "Tin"; VariantName = "[No Variations]"
Add component (AddParameter): Name = "Country of Origin"; Value = "Mexico"; VariantName = "[No Variations]"
Add component (AddParameter): Name = "Depth"; Value = "1.25mm"; VariantName = "[No Variations]"
Add component (AddParameter): Name = "Dielectric"; Value = "C0G"; VariantName = "[No Variations]"
Add component (AddParameter): Name = "Dielectric Material"; Value = "Ceramic"; VariantName = "[No Variations]"
Add component (AddParameter): Name = "Dissipation Factor"; Value = "0.1%"; VariantName = "[No Variations]"
Add component (AddParameter): Name = "Export Control Classification Number (ECCN) Code"; Value = "EAR99"; VariantName = "[No Variations]"
Add component (AddParameter): Name = "Harmonized Tariff Schedule (HTS) Code"; Value = "8532.24.00.20"; VariantName = "[No Variations]"
Add component (AddParameter): Name = "Height"; Value = "780µm"; VariantName = "[No Variations]"
Add component (AddParameter): Name = "Introduction Date"; Value = "1997-02-01"; VariantName = "[No Variations]"
Add component (AddParameter): Name = "Lead Free"; Value = "Lead Free"; VariantName = "[No Variations]"
Add component (AddParameter): Name = "Lead Pitch"; Value = "750µm"; VariantName = "[No Variations]"
Add component (AddParameter): Name = "Length"; Value = "2mm"; VariantName = "[No Variations]"
Add component (AddParameter): Name = "Lifecycle Status"; Value = "Production"; VariantName = "[No Variations]"
Add component (AddParameter): Name = "Manufacturer"; Value = "Yageo Group"; VariantName = "[No Variations]"
Add component (AddParameter): Name = "Manufacturer Part Number"; Value = "C0805C180J5GACTU"; VariantName = "[No Variations]"
Add component (AddParameter): Name = "Material"; Value = "Ceramic"; VariantName = "[No Variations]"
Add component (AddParameter): Name = "Max Operating Temperature"; Value = "125°C"; VariantName = "[No Variations]"
Add component (AddParameter): Name = "Min Operating Temperature"; Value = "-55°C"; VariantName = "[No Variations]"
Add component (AddParameter): Name = "Mounting Technology"; Value = "Surface Mount"; VariantName = "[No Variations]"
Add component (AddParameter): Name = "Number of Terminals"; Value = "2"; VariantName = "[No Variations]"
Add component (AddParameter): Name = "Packaging"; Value = "Cut Tape"; VariantName = "[No Variations]"
Add component (AddParameter): Name = "Pins"; Value = "2"; VariantName = "[No Variations]"
Add component (AddParameter): Name = "Pricing"; Value = "1=0.11, 10=0.06, 50=0.0414, 100=0.0358, 500=0.0264, 1000=0.0235 (USD)"; VariantName = "[No Variations]"
Add component (AddParameter): Name = "Radiation Hardening"; Value = "No"; VariantName = "[No Variations]"
Add component (AddParameter): Name = "REACH SVHC"; Value = "Yes"; VariantName = "[No Variations]"
Add component (AddParameter): Name = "RoHS"; Value = "Compliant"; VariantName = "[No Variations]"
Add component (AddParameter): Name = "Schedule B"; Value = "8532240020, 8532240020|8532240020, 8532240020|8532240020|8532240020, 8532240020|8532240020|8532240020|8532240020"; VariantName = "[No Variations]"
Add component (AddParameter): Name = "Stock"; Value = "106114"; VariantName = "[No Variations]"
Add component (AddParameter): Name = "Supplier"; Value = "DigiKey"; VariantName = "[No Variations]"
Add component (AddParameter): Name = "Supplier Part Number"; Value = "399-C0805C180J5GACTUCT-ND"; VariantName = "[No Variations]"
Add component (AddParameter): Name = "Temperature Coefficient"; Value = "30ppm/°C"; VariantName = "[No Variations]"
Add component (AddParameter): Name = "Termination"; Value = "SMD/SMT"; VariantName = "[No Variations]"
Add component (AddParameter): Name = "Thickness"; Value = "889µm"; VariantName = "[No Variations]"
Add component (AddParameter): Name = "Tolerance"; Value = "5%"; VariantName = "[No Variations]"
Add component (AddParameter): Name = "Value"; Value = "18pF"; VariantName = "[No Variations]"
Add component (AddParameter): Name = "Voltage"; Value = "50V"; VariantName = "[No Variations]"
Add component (AddParameter): Name = "Voltage Rating"; Value = "50V"; VariantName = "[No Variations]"
Add component (AddParameter): Name = "Voltage Rating (AC)"; Value = "50V"; VariantName = "[No Variations]"
Add component (AddParameter): Name = "Voltage Rating (DC)"; Value = "50V"; VariantName = "[No Variations]"
Add component (AddParameter): Name = "Width"; Value = "1.25mm"; VariantName = "[No Variations]"
Added Component: Designator=C26(C0805)
Add component (AddParameter): Name = "Case Code (Imperial)"; Value = "0805"; VariantName = "[No Variations]"
Add component (AddParameter): Name = "Case Code (Metric)"; Value = "2012"; VariantName = "[No Variations]"
Add component (AddParameter): Name = "Case/Package"; Value = "0805"; VariantName = "[No Variations]"
Add component (AddParameter): Name = "Category"; Value = "Ceramic Capacitors"; VariantName = "[No Variations]"
Add component (AddParameter): Name = "China RoHS"; Value = "Compliant"; VariantName = "[No Variations]"
Add component (AddParameter): Name = "ComponentLink1Description"; Value = "https://datasheet.octopart.com:443/C2012X7R1H104K085AA-TDK-datasheet-175423548.pdf?src-supplier=IHS"; VariantName = "[No Variations]"
Add component (AddParameter): Name = "ComponentLink1URL"; Value = "https://datasheet.octopart.com:443/C2012X7R1H104K085AA-TDK-datasheet-175423548.pdf?src-supplier=IHS"; VariantName = "[No Variations]"
Add component (AddParameter): Name = "ComponentLink2Description"; Value = "https://datasheet.octopart.com:443/C2012X7R1H104K085AA-TDK-datasheet-151546523.pdf?src-supplier=ODG+(Origin+Data+Global)"; VariantName = "[No Variations]"
Add component (AddParameter): Name = "ComponentLink2URL"; Value = "https://datasheet.octopart.com:443/C2012X7R1H104K085AA-TDK-datasheet-151546523.pdf?src-supplier=ODG+(Origin+Data+Global)"; VariantName = "[No Variations]"
Add component (AddParameter): Name = "ComponentLink3Description"; Value = "https://datasheet.octopart.com:443/C2012X7R1H104K085AA-TDK-datasheet-41194876.pdf?src-supplier=element14+APAC"; VariantName = "[No Variations]"
Add component (AddParameter): Name = "ComponentLink3URL"; Value = "https://datasheet.octopart.com:443/C2012X7R1H104K085AA-TDK-datasheet-41194876.pdf?src-supplier=element14+APAC"; VariantName = "[No Variations]"
Add component (AddParameter): Name = "ComponentLink4Description"; Value = "https://datasheet.octopart.com:443/C2012X7R1H104K085AA-TDK-datasheet-10978788.pdf?src-supplier=element14+APAC"; VariantName = "[No Variations]"
Add component (AddParameter): Name = "ComponentLink4URL"; Value = "https://datasheet.octopart.com:443/C2012X7R1H104K085AA-TDK-datasheet-10978788.pdf?src-supplier=element14+APAC"; VariantName = "[No Variations]"
Add component (AddParameter): Name = "ComponentLink5Description"; Value = "https://datasheet.octopart.com:443/C2012X7R1H104K085AA-TDK-datasheet-13376850.pdf?src-supplier=element14+APAC"; VariantName = "[No Variations]"
Add component (AddParameter): Name = "ComponentLink5URL"; Value = "https://datasheet.octopart.com:443/C2012X7R1H104K085AA-TDK-datasheet-13376850.pdf?src-supplier=element14+APAC"; VariantName = "[No Variations]"
Add component (AddParameter): Name = "ComponentLink6Description"; Value = "https://datasheet.octopart.com:443/C2012X7R1H104K085AA-TDK-datasheet-41169347.pdf?src-supplier=element14+APAC"; VariantName = "[No Variations]"
Add component (AddParameter): Name = "ComponentLink6URL"; Value = "https://datasheet.octopart.com:443/C2012X7R1H104K085AA-TDK-datasheet-41169347.pdf?src-supplier=element14+APAC"; VariantName = "[No Variations]"
Add component (AddParameter): Name = "ComponentLink7Description"; Value = "https://datasheet.octopart.com:443/C2012X7R1H104K085AA-TDK-datasheet-82475248.pdf?src-supplier=Newark"; VariantName = "[No Variations]"
Add component (AddParameter): Name = "ComponentLink7URL"; Value = "https://datasheet.octopart.com:443/C2012X7R1H104K085AA-TDK-datasheet-82475248.pdf?src-supplier=Newark"; VariantName = "[No Variations]"
Add component (AddParameter): Name = "ComponentLink8Description"; Value = "https://datasheet.octopart.com:443/C2012X7R1H104K085AA-TDK-datasheet-13444418.pdf?src-supplier=Newark"; VariantName = "[No Variations]"
Add component (AddParameter): Name = "ComponentLink8URL"; Value = "https://datasheet.octopart.com:443/C2012X7R1H104K085AA-TDK-datasheet-13444418.pdf?src-supplier=Newark"; VariantName = "[No Variations]"
Add component (AddParameter): Name = "ComponentLink9Description"; Value = "https://datasheet.octopart.com:443/C2012X7R1H104K085AA-TDK-datasheet-23766614.pdf?src-supplier=Newark"; VariantName = "[No Variations]"
Add component (AddParameter): Name = "ComponentLink9URL"; Value = "https://datasheet.octopart.com:443/C2012X7R1H104K085AA-TDK-datasheet-23766614.pdf?src-supplier=Newark"; VariantName = "[No Variations]"
Add component (AddParameter): Name = "ComponentLink10Description"; Value = "https://datasheet.octopart.com:443/C2012X7R1H104K085AA-TDK-datasheet-12509848.pdf?src-supplier=Future+Electronics"; VariantName = "[No Variations]"
Add component (AddParameter): Name = "ComponentLink10URL"; Value = "https://datasheet.octopart.com:443/C2012X7R1H104K085AA-TDK-datasheet-12509848.pdf?src-supplier=Future+Electronics"; VariantName = "[No Variations]"
Add component (AddParameter): Name = "ComponentLink11Description"; Value = "https://datasheet.octopart.com:443/C2012X7R1H104K085AA-TDK-datasheet-8852320.pdf?src-supplier=Future+Electronics"; VariantName = "[No Variations]"
Add component (AddParameter): Name = "ComponentLink11URL"; Value = "https://datasheet.octopart.com:443/C2012X7R1H104K085AA-TDK-datasheet-8852320.pdf?src-supplier=Future+Electronics"; VariantName = "[No Variations]"
Add component (AddParameter): Name = "ComponentLink12Description"; Value = "https://datasheet.octopart.com:443/C2012X7R1H104K085AA-TDK-datasheet-8359770.pdf?src-supplier=Future+Electronics"; VariantName = "[No Variations]"
Add component (AddParameter): Name = "ComponentLink12URL"; Value = "https://datasheet.octopart.com:443/C2012X7R1H104K085AA-TDK-datasheet-8359770.pdf?src-supplier=Future+Electronics"; VariantName = "[No Variations]"
Add component (AddParameter): Name = "ComponentLink13Description"; Value = "https://datasheet.octopart.com:443/C2012X7R1H104K085AA-TDK-datasheet-8324322.pdf?src-supplier=Future+Electronics"; VariantName = "[No Variations]"
Add component (AddParameter): Name = "ComponentLink13URL"; Value = "https://datasheet.octopart.com:443/C2012X7R1H104K085AA-TDK-datasheet-8324322.pdf?src-supplier=Future+Electronics"; VariantName = "[No Variations]"
Add component (AddParameter): Name = "ComponentLink14Description"; Value = "https://datasheet.octopart.com:443/C2012X7R1H104K085AA-TDK-datasheet-128946.pdf?src-supplier=Future+Electronics"; VariantName = "[No Variations]"
Add component (AddParameter): Name = "ComponentLink14URL"; Value = "https://datasheet.octopart.com:443/C2012X7R1H104K085AA-TDK-datasheet-128946.pdf?src-supplier=Future+Electronics"; VariantName = "[No Variations]"
Add component (AddParameter): Name = "ComponentLink15Description"; Value = "https://datasheet.octopart.com:443/C2012X7R1H104K085AA-TDK-datasheet-11730548.pdf?src-supplier=Electro+Sonic"; VariantName = "[No Variations]"
Add component (AddParameter): Name = "ComponentLink15URL"; Value = "https://datasheet.octopart.com:443/C2012X7R1H104K085AA-TDK-datasheet-11730548.pdf?src-supplier=Electro+Sonic"; VariantName = "[No Variations]"
Add component (AddParameter): Name = "Composition"; Value = "Ceramic"; VariantName = "[No Variations]"
Add component (AddParameter): Name = "Depth"; Value = "1.25mm"; VariantName = "[No Variations]"
Add component (AddParameter): Name = "Dielectric"; Value = "X7R"; VariantName = "[No Variations]"
Add component (AddParameter): Name = "Dielectric Material"; Value = "Ceramic"; VariantName = "[No Variations]"
Add component (AddParameter): Name = "Export Control Classification Number (ECCN) Code"; Value = "EAR99"; VariantName = "[No Variations]"
Add component (AddParameter): Name = "Harmonized Tariff Schedule (HTS) Code"; Value = "8532.24.00.20"; VariantName = "[No Variations]"
Add component (AddParameter): Name = "Height"; Value = "850µm"; VariantName = "[No Variations]"
Add component (AddParameter): Name = "Introduction Date"; Value = "2012-08-21"; VariantName = "[No Variations]"
Add component (AddParameter): Name = "Lead Free"; Value = "Lead Free"; VariantName = "[No Variations]"
Add component (AddParameter): Name = "Length"; Value = "2mm"; VariantName = "[No Variations]"
Add component (AddParameter): Name = "Lifecycle Status"; Value = "NRND"; VariantName = "[No Variations]"
Add component (AddParameter): Name = "Manufacturer"; Value = "TDK"; VariantName = "[No Variations]"
Add component (AddParameter): Name = "Manufacturer Lifecycle Status"; Value = "PRODUCTION (NOT RECOMMENDED FOR NEW DESIGN)"; VariantName = "[No Variations]"
Add component (AddParameter): Name = "Manufacturer Part Number"; Value = "C2012X7R1H104K085AA"; VariantName = "[No Variations]"
Add component (AddParameter): Name = "Material"; Value = "Ceramic"; VariantName = "[No Variations]"
Add component (AddParameter): Name = "Max Length"; Value = "2.2mm"; VariantName = "[No Variations]"
Add component (AddParameter): Name = "Max Operating Temperature"; Value = "125°C"; VariantName = "[No Variations]"
Add component (AddParameter): Name = "Max Width"; Value = "1.45mm"; VariantName = "[No Variations]"
Add component (AddParameter): Name = "Min Length"; Value = "1.8mm"; VariantName = "[No Variations]"
Add component (AddParameter): Name = "Min Operating Temperature"; Value = "-55°C"; VariantName = "[No Variations]"
Add component (AddParameter): Name = "Min Width"; Value = "1.05mm"; VariantName = "[No Variations]"
Add component (AddParameter): Name = "Mounting Technology"; Value = "Surface Mount"; VariantName = "[No Variations]"
Add component (AddParameter): Name = "Number of Terminals"; Value = "2"; VariantName = "[No Variations]"
Add component (AddParameter): Name = "Pins"; Value = "2"; VariantName = "[No Variations]"
Add component (AddParameter): Name = "Pricing"; Value = "1=0.12, 10=0.069, 50=0.0482, 100=0.0418, 500=0.03104, 1000=0.02773 (USD)"; VariantName = "[No Variations]"
Add component (AddParameter): Name = "Radiation Hardening"; Value = "No"; VariantName = "[No Variations]"
Add component (AddParameter): Name = "REACH SVHC"; Value = "Yes"; VariantName = "[No Variations]"
Add component (AddParameter): Name = "RoHS"; Value = "Compliant"; VariantName = "[No Variations]"
Add component (AddParameter): Name = "Schedule B"; Value = "8532240020, 8532240020|8532240020|8532240020|8532240020|8532240020"; VariantName = "[No Variations]"
Add component (AddParameter): Name = "Stock"; Value = "478758"; VariantName = "[No Variations]"
Add component (AddParameter): Name = "Supplier"; Value = "DigiKey"; VariantName = "[No Variations]"
Add component (AddParameter): Name = "Supplier Part Number"; Value = "445-7534-1-ND"; VariantName = "[No Variations]"
Add component (AddParameter): Name = "Termination"; Value = "SMD/SMT"; VariantName = "[No Variations]"
Add component (AddParameter): Name = "Tolerance"; Value = "10%"; VariantName = "[No Variations]"
Add component (AddParameter): Name = "Value"; Value = "100nF"; VariantName = "[No Variations]"
Add component (AddParameter): Name = "Voltage"; Value = "50V"; VariantName = "[No Variations]"
Add component (AddParameter): Name = "Voltage Rating"; Value = "50V"; VariantName = "[No Variations]"
Add component (AddParameter): Name = "Voltage Rating (DC)"; Value = "50V"; VariantName = "[No Variations]"
Add component (AddParameter): Name = "Weight"; Value = "5.499807mg"; VariantName = "[No Variations]"
Add component (AddParameter): Name = "Width"; Value = "1.25mm"; VariantName = "[No Variations]"
Added Component: Designator=C27(C0805)
Add component (AddParameter): Name = "Case Code (Imperial)"; Value = "0805"; VariantName = "[No Variations]"
Add component (AddParameter): Name = "Case/Package"; Value = "0805"; VariantName = "[No Variations]"
Add component (AddParameter): Name = "Category"; Value = "Ceramic Capacitors"; VariantName = "[No Variations]"
Add component (AddParameter): Name = "China RoHS"; Value = "Compliant"; VariantName = "[No Variations]"
Add component (AddParameter): Name = "ComponentLink1Description"; Value = "https://datasheet.octopart.com:443/C0805C180J5GACTU-KEMET-datasheet-178132257.pdf?src-supplier=IHS"; VariantName = "[No Variations]"
Add component (AddParameter): Name = "ComponentLink1URL"; Value = "https://datasheet.octopart.com:443/C0805C180J5GACTU-KEMET-datasheet-178132257.pdf?src-supplier=IHS"; VariantName = "[No Variations]"
Add component (AddParameter): Name = "ComponentLink2Description"; Value = "https://datasheet.octopart.com:443/C0805C180J5GACTU-KEMET-datasheet-68331921.pdf?src-supplier=element14+APAC"; VariantName = "[No Variations]"
Add component (AddParameter): Name = "ComponentLink2URL"; Value = "https://datasheet.octopart.com:443/C0805C180J5GACTU-KEMET-datasheet-68331921.pdf?src-supplier=element14+APAC"; VariantName = "[No Variations]"
Add component (AddParameter): Name = "ComponentLink3Description"; Value = "https://datasheet.octopart.com:443/C0805C180J5GACTU-Kemet-datasheet-10282724.pdf?src-supplier=element14+APAC"; VariantName = "[No Variations]"
Add component (AddParameter): Name = "ComponentLink3URL"; Value = "https://datasheet.octopart.com:443/C0805C180J5GACTU-Kemet-datasheet-10282724.pdf?src-supplier=element14+APAC"; VariantName = "[No Variations]"
Add component (AddParameter): Name = "ComponentLink4Description"; Value = "https://datasheet.octopart.com:443/C0805C180J5GACTU-KEMET-datasheet-176142321.pdf?src-supplier=element14+APAC"; VariantName = "[No Variations]"
Add component (AddParameter): Name = "ComponentLink4URL"; Value = "https://datasheet.octopart.com:443/C0805C180J5GACTU-KEMET-datasheet-176142321.pdf?src-supplier=element14+APAC"; VariantName = "[No Variations]"
Add component (AddParameter): Name = "ComponentLink5Description"; Value = "https://datasheet.octopart.com:443/C0805C180J5GACTU-KEMET-datasheet-176142314.pdf?src-supplier=element14+APAC"; VariantName = "[No Variations]"
Add component (AddParameter): Name = "ComponentLink5URL"; Value = "https://datasheet.octopart.com:443/C0805C180J5GACTU-KEMET-datasheet-176142314.pdf?src-supplier=element14+APAC"; VariantName = "[No Variations]"
Add component (AddParameter): Name = "ComponentLink6Description"; Value = "https://datasheet.octopart.com:443/C0805C180J5GACTU-KEMET-datasheet-149524055.pdf?src-supplier=Farnell"; VariantName = "[No Variations]"
Add component (AddParameter): Name = "ComponentLink6URL"; Value = "https://datasheet.octopart.com:443/C0805C180J5GACTU-KEMET-datasheet-149524055.pdf?src-supplier=Farnell"; VariantName = "[No Variations]"
Add component (AddParameter): Name = "ComponentLink7Description"; Value = "https://datasheet.octopart.com:443/C0805C180J5GACTU-Kemet-datasheet-21202491.pdf?src-supplier=Farnell"; VariantName = "[No Variations]"
Add component (AddParameter): Name = "ComponentLink7URL"; Value = "https://datasheet.octopart.com:443/C0805C180J5GACTU-Kemet-datasheet-21202491.pdf?src-supplier=Farnell"; VariantName = "[No Variations]"
Add component (AddParameter): Name = "ComponentLink8Description"; Value = "https://datasheet.octopart.com:443/C0805C180J5GACTU-KEMET-datasheet-101576200.pdf?src-supplier=Farnell"; VariantName = "[No Variations]"
Add component (AddParameter): Name = "ComponentLink8URL"; Value = "https://datasheet.octopart.com:443/C0805C180J5GACTU-KEMET-datasheet-101576200.pdf?src-supplier=Farnell"; VariantName = "[No Variations]"
Add component (AddParameter): Name = "ComponentLink9Description"; Value = "https://datasheet.octopart.com:443/C0805C180J5GACTU-Kemet-datasheet-7833651.pdf?src-supplier=Farnell"; VariantName = "[No Variations]"
Add component (AddParameter): Name = "ComponentLink9URL"; Value = "https://datasheet.octopart.com:443/C0805C180J5GACTU-Kemet-datasheet-7833651.pdf?src-supplier=Farnell"; VariantName = "[No Variations]"
Add component (AddParameter): Name = "ComponentLink10Description"; Value = "https://datasheet.octopart.com:443/C0805C180J5GACTU-Kemet-datasheet-7601896.pdf?src-supplier=Farnell"; VariantName = "[No Variations]"
Add component (AddParameter): Name = "ComponentLink10URL"; Value = "https://datasheet.octopart.com:443/C0805C180J5GACTU-Kemet-datasheet-7601896.pdf?src-supplier=Farnell"; VariantName = "[No Variations]"
Add component (AddParameter): Name = "ComponentLink11Description"; Value = "https://datasheet.octopart.com:443/C0805C180J5GACTU-Kemet-datasheet-5316294.pdf?src-supplier=Farnell"; VariantName = "[No Variations]"
Add component (AddParameter): Name = "ComponentLink11URL"; Value = "https://datasheet.octopart.com:443/C0805C180J5GACTU-Kemet-datasheet-5316294.pdf?src-supplier=Farnell"; VariantName = "[No Variations]"
Add component (AddParameter): Name = "ComponentLink12Description"; Value = "https://datasheet.octopart.com:443/C0805C180J5GACTU-Kemet-datasheet-5314837.pdf?src-supplier=Farnell"; VariantName = "[No Variations]"
Add component (AddParameter): Name = "ComponentLink12URL"; Value = "https://datasheet.octopart.com:443/C0805C180J5GACTU-Kemet-datasheet-5314837.pdf?src-supplier=Farnell"; VariantName = "[No Variations]"
Add component (AddParameter): Name = "ComponentLink13Description"; Value = "https://datasheet.octopart.com:443/C0805C180J5GACTU-Kemet-datasheet-8092359.pdf?src-supplier=Farnell"; VariantName = "[No Variations]"
Add component (AddParameter): Name = "ComponentLink13URL"; Value = "https://datasheet.octopart.com:443/C0805C180J5GACTU-Kemet-datasheet-8092359.pdf?src-supplier=Farnell"; VariantName = "[No Variations]"
Add component (AddParameter): Name = "ComponentLink14Description"; Value = "https://datasheet.octopart.com:443/C0805C180J5GACTU-Kemet-datasheet-5313890.pdf?src-supplier=Farnell"; VariantName = "[No Variations]"
Add component (AddParameter): Name = "ComponentLink14URL"; Value = "https://datasheet.octopart.com:443/C0805C180J5GACTU-Kemet-datasheet-5313890.pdf?src-supplier=Farnell"; VariantName = "[No Variations]"
Add component (AddParameter): Name = "ComponentLink15Description"; Value = "https://datasheet.octopart.com:443/C0805C180J5GACTU-Kemet-datasheet-5390537.pdf?src-supplier=Farnell"; VariantName = "[No Variations]"
Add component (AddParameter): Name = "ComponentLink15URL"; Value = "https://datasheet.octopart.com:443/C0805C180J5GACTU-Kemet-datasheet-5390537.pdf?src-supplier=Farnell"; VariantName = "[No Variations]"
Add component (AddParameter): Name = "ComponentLink16Description"; Value = "https://datasheet.octopart.com:443/C0805C180J5GACTU-Kemet-datasheet-5314969.pdf?src-supplier=Farnell"; VariantName = "[No Variations]"
Add component (AddParameter): Name = "ComponentLink16URL"; Value = "https://datasheet.octopart.com:443/C0805C180J5GACTU-Kemet-datasheet-5314969.pdf?src-supplier=Farnell"; VariantName = "[No Variations]"
Add component (AddParameter): Name = "ComponentLink17Description"; Value = "https://datasheet.octopart.com:443/C0805C180J5GACTU-Kemet-datasheet-5314627.pdf?src-supplier=Farnell"; VariantName = "[No Variations]"
Add component (AddParameter): Name = "ComponentLink17URL"; Value = "https://datasheet.octopart.com:443/C0805C180J5GACTU-Kemet-datasheet-5314627.pdf?src-supplier=Farnell"; VariantName = "[No Variations]"
Add component (AddParameter): Name = "ComponentLink18Description"; Value = "https://datasheet.octopart.com:443/C0805C180J5GACTU-Kemet-datasheet-5389132.pdf?src-supplier=Farnell"; VariantName = "[No Variations]"
Add component (AddParameter): Name = "ComponentLink18URL"; Value = "https://datasheet.octopart.com:443/C0805C180J5GACTU-Kemet-datasheet-5389132.pdf?src-supplier=Farnell"; VariantName = "[No Variations]"
Add component (AddParameter): Name = "ComponentLink19Description"; Value = "https://datasheet.octopart.com:443/C0805C180J5GACTU-Kemet-datasheet-5313836.pdf?src-supplier=Farnell"; VariantName = "[No Variations]"
Add component (AddParameter): Name = "ComponentLink19URL"; Value = "https://datasheet.octopart.com:443/C0805C180J5GACTU-Kemet-datasheet-5313836.pdf?src-supplier=Farnell"; VariantName = "[No Variations]"
Add component (AddParameter): Name = "ComponentLink20Description"; Value = "https://datasheet.octopart.com:443/C0805C180J5GACTU-Kemet-datasheet-8111010.pdf?src-supplier=Farnell"; VariantName = "[No Variations]"
Add component (AddParameter): Name = "ComponentLink20URL"; Value = "https://datasheet.octopart.com:443/C0805C180J5GACTU-Kemet-datasheet-8111010.pdf?src-supplier=Farnell"; VariantName = "[No Variations]"
Add component (AddParameter): Name = "ComponentLink21Description"; Value = "https://datasheet.octopart.com:443/C0805C180J5GACTU-Kemet-datasheet-7541751.pdf?src-supplier=Farnell"; VariantName = "[No Variations]"
Add component (AddParameter): Name = "ComponentLink21URL"; Value = "https://datasheet.octopart.com:443/C0805C180J5GACTU-Kemet-datasheet-7541751.pdf?src-supplier=Farnell"; VariantName = "[No Variations]"
Add component (AddParameter): Name = "ComponentLink22Description"; Value = "https://datasheet.octopart.com:443/C0805C180J5GACTU-Kemet-datasheet-7627733.pdf?src-supplier=Farnell"; VariantName = "[No Variations]"
Add component (AddParameter): Name = "ComponentLink22URL"; Value = "https://datasheet.octopart.com:443/C0805C180J5GACTU-Kemet-datasheet-7627733.pdf?src-supplier=Farnell"; VariantName = "[No Variations]"
Add component (AddParameter): Name = "ComponentLink23Description"; Value = "https://datasheet.octopart.com:443/C0805C180J5GACTU-Kemet-datasheet-500041.pdf?src-supplier=Farnell"; VariantName = "[No Variations]"
Add component (AddParameter): Name = "ComponentLink23URL"; Value = "https://datasheet.octopart.com:443/C0805C180J5GACTU-Kemet-datasheet-500041.pdf?src-supplier=Farnell"; VariantName = "[No Variations]"
Add component (AddParameter): Name = "ComponentLink24Description"; Value = "https://datasheet.octopart.com:443/C0805C180J5GACTU-Kemet-datasheet-5315946.pdf?src-supplier=Farnell"; VariantName = "[No Variations]"
Add component (AddParameter): Name = "ComponentLink24URL"; Value = "https://datasheet.octopart.com:443/C0805C180J5GACTU-Kemet-datasheet-5315946.pdf?src-supplier=Farnell"; VariantName = "[No Variations]"
Add component (AddParameter): Name = "ComponentLink25Description"; Value = "https://datasheet.octopart.com:443/C0805C180J5GACTU-Kemet-datasheet-5314449.pdf?src-supplier=Newark"; VariantName = "[No Variations]"
Add component (AddParameter): Name = "ComponentLink25URL"; Value = "https://datasheet.octopart.com:443/C0805C180J5GACTU-Kemet-datasheet-5314449.pdf?src-supplier=Newark"; VariantName = "[No Variations]"
Add component (AddParameter): Name = "ComponentLink26Description"; Value = "https://datasheet.octopart.com:443/C0805C180J5GACTU-KEMET-datasheet-170667456.pdf?src-supplier=Newark"; VariantName = "[No Variations]"
Add component (AddParameter): Name = "ComponentLink26URL"; Value = "https://datasheet.octopart.com:443/C0805C180J5GACTU-KEMET-datasheet-170667456.pdf?src-supplier=Newark"; VariantName = "[No Variations]"
Add component (AddParameter): Name = "ComponentLink27Description"; Value = "https://datasheet.octopart.com:443/C0805C180J5GACTU-KEMET-datasheet-37178240.pdf?src-supplier=Electro+Sonic"; VariantName = "[No Variations]"
Add component (AddParameter): Name = "ComponentLink27URL"; Value = "https://datasheet.octopart.com:443/C0805C180J5GACTU-KEMET-datasheet-37178240.pdf?src-supplier=Electro+Sonic"; VariantName = "[No Variations]"
Add component (AddParameter): Name = "ComponentLink28Description"; Value = "https://datasheet.octopart.com:443/C0805C180J5GACTU-Kemet-datasheet-67847120.pdf?src-supplier=TME"; VariantName = "[No Variations]"
Add component (AddParameter): Name = "ComponentLink28URL"; Value = "https://datasheet.octopart.com:443/C0805C180J5GACTU-Kemet-datasheet-67847120.pdf?src-supplier=TME"; VariantName = "[No Variations]"
Add component (AddParameter): Name = "ComponentLink29Description"; Value = "https://datasheet.octopart.com/C0805C180J5GACTU-KEMET-datasheet-84169754.pdf"; VariantName = "[No Variations]"
Add component (AddParameter): Name = "ComponentLink29URL"; Value = "https://datasheet.octopart.com/C0805C180J5GACTU-KEMET-datasheet-84169754.pdf"; VariantName = "[No Variations]"
Add component (AddParameter): Name = "ComponentLink30Description"; Value = "https://datasheet.octopart.com:443/C0805C180J5GAC7800-KEMET-datasheet-164857143.pdf?src-supplier=Burklin+Elektronik"; VariantName = "[No Variations]"
Add component (AddParameter): Name = "ComponentLink30URL"; Value = "https://datasheet.octopart.com:443/C0805C180J5GAC7800-KEMET-datasheet-164857143.pdf?src-supplier=Burklin+Elektronik"; VariantName = "[No Variations]"
Add component (AddParameter): Name = "ComponentLink31Description"; Value = "https://datasheet.octopart.com:443/C0805C180J5GAC-TU-Kemet-datasheet-7585144.pdf?src-supplier=Jameco"; VariantName = "[No Variations]"
Add component (AddParameter): Name = "ComponentLink31URL"; Value = "https://datasheet.octopart.com:443/C0805C180J5GAC-TU-Kemet-datasheet-7585144.pdf?src-supplier=Jameco"; VariantName = "[No Variations]"
Add component (AddParameter): Name = "ComponentLink32Description"; Value = "https://datasheet.octopart.com:443/C0805C180J5GACTU-Kemet-datasheet-464.pdf?src-supplier=RS+(Formerly+Allied+Electronics)"; VariantName = "[No Variations]"
Add component (AddParameter): Name = "ComponentLink32URL"; Value = "https://datasheet.octopart.com:443/C0805C180J5GACTU-Kemet-datasheet-464.pdf?src-supplier=RS+(Formerly+Allied+Electronics)"; VariantName = "[No Variations]"
Add component (AddParameter): Name = "ComponentLink33Description"; Value = "http://sigma.octopart.com:80/conflict_mineral_statement/Yageo-company-3.pdf?src-supplier=Compliance+Statements"; VariantName = "[No Variations]"
Add component (AddParameter): Name = "ComponentLink33URL"; Value = "http://sigma.octopart.com:80/conflict_mineral_statement/Yageo-company-3.pdf?src-supplier=Compliance+Statements"; VariantName = "[No Variations]"
Add component (AddParameter): Name = "ComponentLink34Description"; Value = "http://sigma.octopart.com:80/rohs_statement/Yageo-company-2.pdf?src-supplier=Compliance+Statements"; VariantName = "[No Variations]"
Add component (AddParameter): Name = "ComponentLink34URL"; Value = "http://sigma.octopart.com:80/rohs_statement/Yageo-company-2.pdf?src-supplier=Compliance+Statements"; VariantName = "[No Variations]"
Add component (AddParameter): Name = "Contact Material"; Value = "Tin"; VariantName = "[No Variations]"
Add component (AddParameter): Name = "Country of Origin"; Value = "Mexico"; VariantName = "[No Variations]"
Add component (AddParameter): Name = "Depth"; Value = "1.25mm"; VariantName = "[No Variations]"
Add component (AddParameter): Name = "Dielectric"; Value = "C0G"; VariantName = "[No Variations]"
Add component (AddParameter): Name = "Dielectric Material"; Value = "Ceramic"; VariantName = "[No Variations]"
Add component (AddParameter): Name = "Dissipation Factor"; Value = "0.1%"; VariantName = "[No Variations]"
Add component (AddParameter): Name = "Export Control Classification Number (ECCN) Code"; Value = "EAR99"; VariantName = "[No Variations]"
Add component (AddParameter): Name = "Harmonized Tariff Schedule (HTS) Code"; Value = "8532.24.00.20"; VariantName = "[No Variations]"
Add component (AddParameter): Name = "Height"; Value = "780µm"; VariantName = "[No Variations]"
Add component (AddParameter): Name = "Introduction Date"; Value = "1997-02-01"; VariantName = "[No Variations]"
Add component (AddParameter): Name = "Lead Free"; Value = "Lead Free"; VariantName = "[No Variations]"
Add component (AddParameter): Name = "Lead Pitch"; Value = "750µm"; VariantName = "[No Variations]"
Add component (AddParameter): Name = "Length"; Value = "2mm"; VariantName = "[No Variations]"
Add component (AddParameter): Name = "Lifecycle Status"; Value = "Production"; VariantName = "[No Variations]"
Add component (AddParameter): Name = "Manufacturer"; Value = "Yageo Group"; VariantName = "[No Variations]"
Add component (AddParameter): Name = "Manufacturer Part Number"; Value = "C0805C180J5GACTU"; VariantName = "[No Variations]"
Add component (AddParameter): Name = "Material"; Value = "Ceramic"; VariantName = "[No Variations]"
Add component (AddParameter): Name = "Max Operating Temperature"; Value = "125°C"; VariantName = "[No Variations]"
Add component (AddParameter): Name = "Min Operating Temperature"; Value = "-55°C"; VariantName = "[No Variations]"
Add component (AddParameter): Name = "Mounting Technology"; Value = "Surface Mount"; VariantName = "[No Variations]"
Add component (AddParameter): Name = "Number of Terminals"; Value = "2"; VariantName = "[No Variations]"
Add component (AddParameter): Name = "Packaging"; Value = "Cut Tape"; VariantName = "[No Variations]"
Add component (AddParameter): Name = "Pins"; Value = "2"; VariantName = "[No Variations]"
Add component (AddParameter): Name = "Pricing"; Value = "1=0.11, 10=0.06, 50=0.0414, 100=0.0358, 500=0.0264, 1000=0.0235 (USD)"; VariantName = "[No Variations]"
Add component (AddParameter): Name = "Radiation Hardening"; Value = "No"; VariantName = "[No Variations]"
Add component (AddParameter): Name = "REACH SVHC"; Value = "Yes"; VariantName = "[No Variations]"
Add component (AddParameter): Name = "RoHS"; Value = "Compliant"; VariantName = "[No Variations]"
Add component (AddParameter): Name = "Schedule B"; Value = "8532240020, 8532240020|8532240020, 8532240020|8532240020|8532240020, 8532240020|8532240020|8532240020|8532240020"; VariantName = "[No Variations]"
Add component (AddParameter): Name = "Stock"; Value = "106114"; VariantName = "[No Variations]"
Add component (AddParameter): Name = "Supplier"; Value = "DigiKey"; VariantName = "[No Variations]"
Add component (AddParameter): Name = "Supplier Part Number"; Value = "399-C0805C180J5GACTUCT-ND"; VariantName = "[No Variations]"
Add component (AddParameter): Name = "Temperature Coefficient"; Value = "30ppm/°C"; VariantName = "[No Variations]"
Add component (AddParameter): Name = "Termination"; Value = "SMD/SMT"; VariantName = "[No Variations]"
Add component (AddParameter): Name = "Thickness"; Value = "889µm"; VariantName = "[No Variations]"
Add component (AddParameter): Name = "Tolerance"; Value = "5%"; VariantName = "[No Variations]"
Add component (AddParameter): Name = "Value"; Value = "18pF"; VariantName = "[No Variations]"
Add component (AddParameter): Name = "Voltage"; Value = "50V"; VariantName = "[No Variations]"
Add component (AddParameter): Name = "Voltage Rating"; Value = "50V"; VariantName = "[No Variations]"
Add component (AddParameter): Name = "Voltage Rating (AC)"; Value = "50V"; VariantName = "[No Variations]"
Add component (AddParameter): Name = "Voltage Rating (DC)"; Value = "50V"; VariantName = "[No Variations]"
Add component (AddParameter): Name = "Width"; Value = "1.25mm"; VariantName = "[No Variations]"
Added Component: Designator=C28(C0805)
Add component (AddParameter): Name = "Case Code (Imperial)"; Value = "0805"; VariantName = "[No Variations]"
Add component (AddParameter): Name = "Case Code (Metric)"; Value = "2012"; VariantName = "[No Variations]"
Add component (AddParameter): Name = "Case/Package"; Value = "0805"; VariantName = "[No Variations]"
Add component (AddParameter): Name = "Category"; Value = "Ceramic Capacitors"; VariantName = "[No Variations]"
Add component (AddParameter): Name = "China RoHS"; Value = "Compliant"; VariantName = "[No Variations]"
Add component (AddParameter): Name = "ComponentLink1Description"; Value = "https://datasheet.octopart.com:443/C2012X7R1H104K085AA-TDK-datasheet-175423548.pdf?src-supplier=IHS"; VariantName = "[No Variations]"
Add component (AddParameter): Name = "ComponentLink1URL"; Value = "https://datasheet.octopart.com:443/C2012X7R1H104K085AA-TDK-datasheet-175423548.pdf?src-supplier=IHS"; VariantName = "[No Variations]"
Add component (AddParameter): Name = "ComponentLink2Description"; Value = "https://datasheet.octopart.com:443/C2012X7R1H104K085AA-TDK-datasheet-151546523.pdf?src-supplier=ODG+(Origin+Data+Global)"; VariantName = "[No Variations]"
Add component (AddParameter): Name = "ComponentLink2URL"; Value = "https://datasheet.octopart.com:443/C2012X7R1H104K085AA-TDK-datasheet-151546523.pdf?src-supplier=ODG+(Origin+Data+Global)"; VariantName = "[No Variations]"
Add component (AddParameter): Name = "ComponentLink3Description"; Value = "https://datasheet.octopart.com:443/C2012X7R1H104K085AA-TDK-datasheet-41194876.pdf?src-supplier=element14+APAC"; VariantName = "[No Variations]"
Add component (AddParameter): Name = "ComponentLink3URL"; Value = "https://datasheet.octopart.com:443/C2012X7R1H104K085AA-TDK-datasheet-41194876.pdf?src-supplier=element14+APAC"; VariantName = "[No Variations]"
Add component (AddParameter): Name = "ComponentLink4Description"; Value = "https://datasheet.octopart.com:443/C2012X7R1H104K085AA-TDK-datasheet-10978788.pdf?src-supplier=element14+APAC"; VariantName = "[No Variations]"
Add component (AddParameter): Name = "ComponentLink4URL"; Value = "https://datasheet.octopart.com:443/C2012X7R1H104K085AA-TDK-datasheet-10978788.pdf?src-supplier=element14+APAC"; VariantName = "[No Variations]"
Add component (AddParameter): Name = "ComponentLink5Description"; Value = "https://datasheet.octopart.com:443/C2012X7R1H104K085AA-TDK-datasheet-13376850.pdf?src-supplier=element14+APAC"; VariantName = "[No Variations]"
Add component (AddParameter): Name = "ComponentLink5URL"; Value = "https://datasheet.octopart.com:443/C2012X7R1H104K085AA-TDK-datasheet-13376850.pdf?src-supplier=element14+APAC"; VariantName = "[No Variations]"
Add component (AddParameter): Name = "ComponentLink6Description"; Value = "https://datasheet.octopart.com:443/C2012X7R1H104K085AA-TDK-datasheet-41169347.pdf?src-supplier=element14+APAC"; VariantName = "[No Variations]"
Add component (AddParameter): Name = "ComponentLink6URL"; Value = "https://datasheet.octopart.com:443/C2012X7R1H104K085AA-TDK-datasheet-41169347.pdf?src-supplier=element14+APAC"; VariantName = "[No Variations]"
Add component (AddParameter): Name = "ComponentLink7Description"; Value = "https://datasheet.octopart.com:443/C2012X7R1H104K085AA-TDK-datasheet-82475248.pdf?src-supplier=Newark"; VariantName = "[No Variations]"
Add component (AddParameter): Name = "ComponentLink7URL"; Value = "https://datasheet.octopart.com:443/C2012X7R1H104K085AA-TDK-datasheet-82475248.pdf?src-supplier=Newark"; VariantName = "[No Variations]"
Add component (AddParameter): Name = "ComponentLink8Description"; Value = "https://datasheet.octopart.com:443/C2012X7R1H104K085AA-TDK-datasheet-13444418.pdf?src-supplier=Newark"; VariantName = "[No Variations]"
Add component (AddParameter): Name = "ComponentLink8URL"; Value = "https://datasheet.octopart.com:443/C2012X7R1H104K085AA-TDK-datasheet-13444418.pdf?src-supplier=Newark"; VariantName = "[No Variations]"
Add component (AddParameter): Name = "ComponentLink9Description"; Value = "https://datasheet.octopart.com:443/C2012X7R1H104K085AA-TDK-datasheet-23766614.pdf?src-supplier=Newark"; VariantName = "[No Variations]"
Add component (AddParameter): Name = "ComponentLink9URL"; Value = "https://datasheet.octopart.com:443/C2012X7R1H104K085AA-TDK-datasheet-23766614.pdf?src-supplier=Newark"; VariantName = "[No Variations]"
Add component (AddParameter): Name = "ComponentLink10Description"; Value = "https://datasheet.octopart.com:443/C2012X7R1H104K085AA-TDK-datasheet-12509848.pdf?src-supplier=Future+Electronics"; VariantName = "[No Variations]"
Add component (AddParameter): Name = "ComponentLink10URL"; Value = "https://datasheet.octopart.com:443/C2012X7R1H104K085AA-TDK-datasheet-12509848.pdf?src-supplier=Future+Electronics"; VariantName = "[No Variations]"
Add component (AddParameter): Name = "ComponentLink11Description"; Value = "https://datasheet.octopart.com:443/C2012X7R1H104K085AA-TDK-datasheet-8852320.pdf?src-supplier=Future+Electronics"; VariantName = "[No Variations]"
Add component (AddParameter): Name = "ComponentLink11URL"; Value = "https://datasheet.octopart.com:443/C2012X7R1H104K085AA-TDK-datasheet-8852320.pdf?src-supplier=Future+Electronics"; VariantName = "[No Variations]"
Add component (AddParameter): Name = "ComponentLink12Description"; Value = "https://datasheet.octopart.com:443/C2012X7R1H104K085AA-TDK-datasheet-8359770.pdf?src-supplier=Future+Electronics"; VariantName = "[No Variations]"
Add component (AddParameter): Name = "ComponentLink12URL"; Value = "https://datasheet.octopart.com:443/C2012X7R1H104K085AA-TDK-datasheet-8359770.pdf?src-supplier=Future+Electronics"; VariantName = "[No Variations]"
Add component (AddParameter): Name = "ComponentLink13Description"; Value = "https://datasheet.octopart.com:443/C2012X7R1H104K085AA-TDK-datasheet-8324322.pdf?src-supplier=Future+Electronics"; VariantName = "[No Variations]"
Add component (AddParameter): Name = "ComponentLink13URL"; Value = "https://datasheet.octopart.com:443/C2012X7R1H104K085AA-TDK-datasheet-8324322.pdf?src-supplier=Future+Electronics"; VariantName = "[No Variations]"
Add component (AddParameter): Name = "ComponentLink14Description"; Value = "https://datasheet.octopart.com:443/C2012X7R1H104K085AA-TDK-datasheet-128946.pdf?src-supplier=Future+Electronics"; VariantName = "[No Variations]"
Add component (AddParameter): Name = "ComponentLink14URL"; Value = "https://datasheet.octopart.com:443/C2012X7R1H104K085AA-TDK-datasheet-128946.pdf?src-supplier=Future+Electronics"; VariantName = "[No Variations]"
Add component (AddParameter): Name = "ComponentLink15Description"; Value = "https://datasheet.octopart.com:443/C2012X7R1H104K085AA-TDK-datasheet-11730548.pdf?src-supplier=Electro+Sonic"; VariantName = "[No Variations]"
Add component (AddParameter): Name = "ComponentLink15URL"; Value = "https://datasheet.octopart.com:443/C2012X7R1H104K085AA-TDK-datasheet-11730548.pdf?src-supplier=Electro+Sonic"; VariantName = "[No Variations]"
Add component (AddParameter): Name = "Composition"; Value = "Ceramic"; VariantName = "[No Variations]"
Add component (AddParameter): Name = "Depth"; Value = "1.25mm"; VariantName = "[No Variations]"
Add component (AddParameter): Name = "Dielectric"; Value = "X7R"; VariantName = "[No Variations]"
Add component (AddParameter): Name = "Dielectric Material"; Value = "Ceramic"; VariantName = "[No Variations]"
Add component (AddParameter): Name = "Export Control Classification Number (ECCN) Code"; Value = "EAR99"; VariantName = "[No Variations]"
Add component (AddParameter): Name = "Harmonized Tariff Schedule (HTS) Code"; Value = "8532.24.00.20"; VariantName = "[No Variations]"
Add component (AddParameter): Name = "Height"; Value = "850µm"; VariantName = "[No Variations]"
Add component (AddParameter): Name = "Introduction Date"; Value = "2012-08-21"; VariantName = "[No Variations]"
Add component (AddParameter): Name = "Lead Free"; Value = "Lead Free"; VariantName = "[No Variations]"
Add component (AddParameter): Name = "Length"; Value = "2mm"; VariantName = "[No Variations]"
Add component (AddParameter): Name = "Lifecycle Status"; Value = "NRND"; VariantName = "[No Variations]"
Add component (AddParameter): Name = "Manufacturer"; Value = "TDK"; VariantName = "[No Variations]"
Add component (AddParameter): Name = "Manufacturer Lifecycle Status"; Value = "PRODUCTION (NOT RECOMMENDED FOR NEW DESIGN)"; VariantName = "[No Variations]"
Add component (AddParameter): Name = "Manufacturer Part Number"; Value = "C2012X7R1H104K085AA"; VariantName = "[No Variations]"
Add component (AddParameter): Name = "Material"; Value = "Ceramic"; VariantName = "[No Variations]"
Add component (AddParameter): Name = "Max Length"; Value = "2.2mm"; VariantName = "[No Variations]"
Add component (AddParameter): Name = "Max Operating Temperature"; Value = "125°C"; VariantName = "[No Variations]"
Add component (AddParameter): Name = "Max Width"; Value = "1.45mm"; VariantName = "[No Variations]"
Add component (AddParameter): Name = "Min Length"; Value = "1.8mm"; VariantName = "[No Variations]"
Add component (AddParameter): Name = "Min Operating Temperature"; Value = "-55°C"; VariantName = "[No Variations]"
Add component (AddParameter): Name = "Min Width"; Value = "1.05mm"; VariantName = "[No Variations]"
Add component (AddParameter): Name = "Mounting Technology"; Value = "Surface Mount"; VariantName = "[No Variations]"
Add component (AddParameter): Name = "Number of Terminals"; Value = "2"; VariantName = "[No Variations]"
Add component (AddParameter): Name = "Pins"; Value = "2"; VariantName = "[No Variations]"
Add component (AddParameter): Name = "Pricing"; Value = "1=0.12, 10=0.069, 50=0.0482, 100=0.0418, 500=0.03104, 1000=0.02773 (USD)"; VariantName = "[No Variations]"
Add component (AddParameter): Name = "Radiation Hardening"; Value = "No"; VariantName = "[No Variations]"
Add component (AddParameter): Name = "REACH SVHC"; Value = "Yes"; VariantName = "[No Variations]"
Add component (AddParameter): Name = "RoHS"; Value = "Compliant"; VariantName = "[No Variations]"
Add component (AddParameter): Name = "Schedule B"; Value = "8532240020, 8532240020|8532240020|8532240020|8532240020|8532240020"; VariantName = "[No Variations]"
Add component (AddParameter): Name = "Stock"; Value = "478758"; VariantName = "[No Variations]"
Add component (AddParameter): Name = "Supplier"; Value = "DigiKey"; VariantName = "[No Variations]"
Add component (AddParameter): Name = "Supplier Part Number"; Value = "445-7534-1-ND"; VariantName = "[No Variations]"
Add component (AddParameter): Name = "Termination"; Value = "SMD/SMT"; VariantName = "[No Variations]"
Add component (AddParameter): Name = "Tolerance"; Value = "10%"; VariantName = "[No Variations]"
Add component (AddParameter): Name = "Value"; Value = "100nF"; VariantName = "[No Variations]"
Add component (AddParameter): Name = "Voltage"; Value = "50V"; VariantName = "[No Variations]"
Add component (AddParameter): Name = "Voltage Rating"; Value = "50V"; VariantName = "[No Variations]"
Add component (AddParameter): Name = "Voltage Rating (DC)"; Value = "50V"; VariantName = "[No Variations]"
Add component (AddParameter): Name = "Weight"; Value = "5.499807mg"; VariantName = "[No Variations]"
Add component (AddParameter): Name = "Width"; Value = "1.25mm"; VariantName = "[No Variations]"
Added Component: Designator=C29(C0805)
Add component (AddParameter): Name = "Case Code (Imperial)"; Value = "0805"; VariantName = "[No Variations]"
Add component (AddParameter): Name = "Case Code (Metric)"; Value = "2012"; VariantName = "[No Variations]"
Add component (AddParameter): Name = "Case/Package"; Value = "0805"; VariantName = "[No Variations]"
Add component (AddParameter): Name = "Category"; Value = "Ceramic Capacitors"; VariantName = "[No Variations]"
Add component (AddParameter): Name = "China RoHS"; Value = "Compliant"; VariantName = "[No Variations]"
Add component (AddParameter): Name = "ComponentLink1Description"; Value = "https://datasheet.octopart.com:443/C2012X7R1H104K085AA-TDK-datasheet-175423548.pdf?src-supplier=IHS"; VariantName = "[No Variations]"
Add component (AddParameter): Name = "ComponentLink1URL"; Value = "https://datasheet.octopart.com:443/C2012X7R1H104K085AA-TDK-datasheet-175423548.pdf?src-supplier=IHS"; VariantName = "[No Variations]"
Add component (AddParameter): Name = "ComponentLink2Description"; Value = "https://datasheet.octopart.com:443/C2012X7R1H104K085AA-TDK-datasheet-151546523.pdf?src-supplier=ODG+(Origin+Data+Global)"; VariantName = "[No Variations]"
Add component (AddParameter): Name = "ComponentLink2URL"; Value = "https://datasheet.octopart.com:443/C2012X7R1H104K085AA-TDK-datasheet-151546523.pdf?src-supplier=ODG+(Origin+Data+Global)"; VariantName = "[No Variations]"
Add component (AddParameter): Name = "ComponentLink3Description"; Value = "https://datasheet.octopart.com:443/C2012X7R1H104K085AA-TDK-datasheet-41194876.pdf?src-supplier=element14+APAC"; VariantName = "[No Variations]"
Add component (AddParameter): Name = "ComponentLink3URL"; Value = "https://datasheet.octopart.com:443/C2012X7R1H104K085AA-TDK-datasheet-41194876.pdf?src-supplier=element14+APAC"; VariantName = "[No Variations]"
Add component (AddParameter): Name = "ComponentLink4Description"; Value = "https://datasheet.octopart.com:443/C2012X7R1H104K085AA-TDK-datasheet-10978788.pdf?src-supplier=element14+APAC"; VariantName = "[No Variations]"
Add component (AddParameter): Name = "ComponentLink4URL"; Value = "https://datasheet.octopart.com:443/C2012X7R1H104K085AA-TDK-datasheet-10978788.pdf?src-supplier=element14+APAC"; VariantName = "[No Variations]"
Add component (AddParameter): Name = "ComponentLink5Description"; Value = "https://datasheet.octopart.com:443/C2012X7R1H104K085AA-TDK-datasheet-13376850.pdf?src-supplier=element14+APAC"; VariantName = "[No Variations]"
Add component (AddParameter): Name = "ComponentLink5URL"; Value = "https://datasheet.octopart.com:443/C2012X7R1H104K085AA-TDK-datasheet-13376850.pdf?src-supplier=element14+APAC"; VariantName = "[No Variations]"
Add component (AddParameter): Name = "ComponentLink6Description"; Value = "https://datasheet.octopart.com:443/C2012X7R1H104K085AA-TDK-datasheet-41169347.pdf?src-supplier=element14+APAC"; VariantName = "[No Variations]"
Add component (AddParameter): Name = "ComponentLink6URL"; Value = "https://datasheet.octopart.com:443/C2012X7R1H104K085AA-TDK-datasheet-41169347.pdf?src-supplier=element14+APAC"; VariantName = "[No Variations]"
Add component (AddParameter): Name = "ComponentLink7Description"; Value = "https://datasheet.octopart.com:443/C2012X7R1H104K085AA-TDK-datasheet-82475248.pdf?src-supplier=Newark"; VariantName = "[No Variations]"
Add component (AddParameter): Name = "ComponentLink7URL"; Value = "https://datasheet.octopart.com:443/C2012X7R1H104K085AA-TDK-datasheet-82475248.pdf?src-supplier=Newark"; VariantName = "[No Variations]"
Add component (AddParameter): Name = "ComponentLink8Description"; Value = "https://datasheet.octopart.com:443/C2012X7R1H104K085AA-TDK-datasheet-13444418.pdf?src-supplier=Newark"; VariantName = "[No Variations]"
Add component (AddParameter): Name = "ComponentLink8URL"; Value = "https://datasheet.octopart.com:443/C2012X7R1H104K085AA-TDK-datasheet-13444418.pdf?src-supplier=Newark"; VariantName = "[No Variations]"
Add component (AddParameter): Name = "ComponentLink9Description"; Value = "https://datasheet.octopart.com:443/C2012X7R1H104K085AA-TDK-datasheet-23766614.pdf?src-supplier=Newark"; VariantName = "[No Variations]"
Add component (AddParameter): Name = "ComponentLink9URL"; Value = "https://datasheet.octopart.com:443/C2012X7R1H104K085AA-TDK-datasheet-23766614.pdf?src-supplier=Newark"; VariantName = "[No Variations]"
Add component (AddParameter): Name = "ComponentLink10Description"; Value = "https://datasheet.octopart.com:443/C2012X7R1H104K085AA-TDK-datasheet-12509848.pdf?src-supplier=Future+Electronics"; VariantName = "[No Variations]"
Add component (AddParameter): Name = "ComponentLink10URL"; Value = "https://datasheet.octopart.com:443/C2012X7R1H104K085AA-TDK-datasheet-12509848.pdf?src-supplier=Future+Electronics"; VariantName = "[No Variations]"
Add component (AddParameter): Name = "ComponentLink11Description"; Value = "https://datasheet.octopart.com:443/C2012X7R1H104K085AA-TDK-datasheet-8852320.pdf?src-supplier=Future+Electronics"; VariantName = "[No Variations]"
Add component (AddParameter): Name = "ComponentLink11URL"; Value = "https://datasheet.octopart.com:443/C2012X7R1H104K085AA-TDK-datasheet-8852320.pdf?src-supplier=Future+Electronics"; VariantName = "[No Variations]"
Add component (AddParameter): Name = "ComponentLink12Description"; Value = "https://datasheet.octopart.com:443/C2012X7R1H104K085AA-TDK-datasheet-8359770.pdf?src-supplier=Future+Electronics"; VariantName = "[No Variations]"
Add component (AddParameter): Name = "ComponentLink12URL"; Value = "https://datasheet.octopart.com:443/C2012X7R1H104K085AA-TDK-datasheet-8359770.pdf?src-supplier=Future+Electronics"; VariantName = "[No Variations]"
Add component (AddParameter): Name = "ComponentLink13Description"; Value = "https://datasheet.octopart.com:443/C2012X7R1H104K085AA-TDK-datasheet-8324322.pdf?src-supplier=Future+Electronics"; VariantName = "[No Variations]"
Add component (AddParameter): Name = "ComponentLink13URL"; Value = "https://datasheet.octopart.com:443/C2012X7R1H104K085AA-TDK-datasheet-8324322.pdf?src-supplier=Future+Electronics"; VariantName = "[No Variations]"
Add component (AddParameter): Name = "ComponentLink14Description"; Value = "https://datasheet.octopart.com:443/C2012X7R1H104K085AA-TDK-datasheet-128946.pdf?src-supplier=Future+Electronics"; VariantName = "[No Variations]"
Add component (AddParameter): Name = "ComponentLink14URL"; Value = "https://datasheet.octopart.com:443/C2012X7R1H104K085AA-TDK-datasheet-128946.pdf?src-supplier=Future+Electronics"; VariantName = "[No Variations]"
Add component (AddParameter): Name = "ComponentLink15Description"; Value = "https://datasheet.octopart.com:443/C2012X7R1H104K085AA-TDK-datasheet-11730548.pdf?src-supplier=Electro+Sonic"; VariantName = "[No Variations]"
Add component (AddParameter): Name = "ComponentLink15URL"; Value = "https://datasheet.octopart.com:443/C2012X7R1H104K085AA-TDK-datasheet-11730548.pdf?src-supplier=Electro+Sonic"; VariantName = "[No Variations]"
Add component (AddParameter): Name = "Composition"; Value = "Ceramic"; VariantName = "[No Variations]"
Add component (AddParameter): Name = "Depth"; Value = "1.25mm"; VariantName = "[No Variations]"
Add component (AddParameter): Name = "Dielectric"; Value = "X7R"; VariantName = "[No Variations]"
Add component (AddParameter): Name = "Dielectric Material"; Value = "Ceramic"; VariantName = "[No Variations]"
Add component (AddParameter): Name = "Export Control Classification Number (ECCN) Code"; Value = "EAR99"; VariantName = "[No Variations]"
Add component (AddParameter): Name = "Harmonized Tariff Schedule (HTS) Code"; Value = "8532.24.00.20"; VariantName = "[No Variations]"
Add component (AddParameter): Name = "Height"; Value = "850µm"; VariantName = "[No Variations]"
Add component (AddParameter): Name = "Introduction Date"; Value = "2012-08-21"; VariantName = "[No Variations]"
Add component (AddParameter): Name = "Lead Free"; Value = "Lead Free"; VariantName = "[No Variations]"
Add component (AddParameter): Name = "Length"; Value = "2mm"; VariantName = "[No Variations]"
Add component (AddParameter): Name = "Lifecycle Status"; Value = "NRND"; VariantName = "[No Variations]"
Add component (AddParameter): Name = "Manufacturer"; Value = "TDK"; VariantName = "[No Variations]"
Add component (AddParameter): Name = "Manufacturer Lifecycle Status"; Value = "PRODUCTION (NOT RECOMMENDED FOR NEW DESIGN)"; VariantName = "[No Variations]"
Add component (AddParameter): Name = "Manufacturer Part Number"; Value = "C2012X7R1H104K085AA"; VariantName = "[No Variations]"
Add component (AddParameter): Name = "Material"; Value = "Ceramic"; VariantName = "[No Variations]"
Add component (AddParameter): Name = "Max Length"; Value = "2.2mm"; VariantName = "[No Variations]"
Add component (AddParameter): Name = "Max Operating Temperature"; Value = "125°C"; VariantName = "[No Variations]"
Add component (AddParameter): Name = "Max Width"; Value = "1.45mm"; VariantName = "[No Variations]"
Add component (AddParameter): Name = "Min Length"; Value = "1.8mm"; VariantName = "[No Variations]"
Add component (AddParameter): Name = "Min Operating Temperature"; Value = "-55°C"; VariantName = "[No Variations]"
Add component (AddParameter): Name = "Min Width"; Value = "1.05mm"; VariantName = "[No Variations]"
Add component (AddParameter): Name = "Mounting Technology"; Value = "Surface Mount"; VariantName = "[No Variations]"
Add component (AddParameter): Name = "Number of Terminals"; Value = "2"; VariantName = "[No Variations]"
Add component (AddParameter): Name = "Pins"; Value = "2"; VariantName = "[No Variations]"
Add component (AddParameter): Name = "Pricing"; Value = "1=0.12, 10=0.069, 50=0.0482, 100=0.0418, 500=0.03104, 1000=0.02773 (USD)"; VariantName = "[No Variations]"
Add component (AddParameter): Name = "Radiation Hardening"; Value = "No"; VariantName = "[No Variations]"
Add component (AddParameter): Name = "REACH SVHC"; Value = "Yes"; VariantName = "[No Variations]"
Add component (AddParameter): Name = "RoHS"; Value = "Compliant"; VariantName = "[No Variations]"
Add component (AddParameter): Name = "Schedule B"; Value = "8532240020, 8532240020|8532240020|8532240020|8532240020|8532240020"; VariantName = "[No Variations]"
Add component (AddParameter): Name = "Stock"; Value = "478758"; VariantName = "[No Variations]"
Add component (AddParameter): Name = "Supplier"; Value = "DigiKey"; VariantName = "[No Variations]"
Add component (AddParameter): Name = "Supplier Part Number"; Value = "445-7534-1-ND"; VariantName = "[No Variations]"
Add component (AddParameter): Name = "Termination"; Value = "SMD/SMT"; VariantName = "[No Variations]"
Add component (AddParameter): Name = "Tolerance"; Value = "10%"; VariantName = "[No Variations]"
Add component (AddParameter): Name = "Value"; Value = "100nF"; VariantName = "[No Variations]"
Add component (AddParameter): Name = "Voltage"; Value = "50V"; VariantName = "[No Variations]"
Add component (AddParameter): Name = "Voltage Rating"; Value = "50V"; VariantName = "[No Variations]"
Add component (AddParameter): Name = "Voltage Rating (DC)"; Value = "50V"; VariantName = "[No Variations]"
Add component (AddParameter): Name = "Weight"; Value = "5.499807mg"; VariantName = "[No Variations]"
Add component (AddParameter): Name = "Width"; Value = "1.25mm"; VariantName = "[No Variations]"
Added Component: Designator=C30(C0805)
Add component (AddParameter): Name = "Case Code (Imperial)"; Value = "0805"; VariantName = "[No Variations]"
Add component (AddParameter): Name = "Case Code (Metric)"; Value = "2012"; VariantName = "[No Variations]"
Add component (AddParameter): Name = "Case/Package"; Value = "0805"; VariantName = "[No Variations]"
Add component (AddParameter): Name = "Category"; Value = "Ceramic Capacitors"; VariantName = "[No Variations]"
Add component (AddParameter): Name = "China RoHS"; Value = "Compliant"; VariantName = "[No Variations]"
Add component (AddParameter): Name = "ComponentLink1Description"; Value = "https://datasheet.octopart.com:443/C2012X7R1H104K085AA-TDK-datasheet-175423548.pdf?src-supplier=IHS"; VariantName = "[No Variations]"
Add component (AddParameter): Name = "ComponentLink1URL"; Value = "https://datasheet.octopart.com:443/C2012X7R1H104K085AA-TDK-datasheet-175423548.pdf?src-supplier=IHS"; VariantName = "[No Variations]"
Add component (AddParameter): Name = "ComponentLink2Description"; Value = "https://datasheet.octopart.com:443/C2012X7R1H104K085AA-TDK-datasheet-151546523.pdf?src-supplier=ODG+(Origin+Data+Global)"; VariantName = "[No Variations]"
Add component (AddParameter): Name = "ComponentLink2URL"; Value = "https://datasheet.octopart.com:443/C2012X7R1H104K085AA-TDK-datasheet-151546523.pdf?src-supplier=ODG+(Origin+Data+Global)"; VariantName = "[No Variations]"
Add component (AddParameter): Name = "ComponentLink3Description"; Value = "https://datasheet.octopart.com:443/C2012X7R1H104K085AA-TDK-datasheet-41194876.pdf?src-supplier=element14+APAC"; VariantName = "[No Variations]"
Add component (AddParameter): Name = "ComponentLink3URL"; Value = "https://datasheet.octopart.com:443/C2012X7R1H104K085AA-TDK-datasheet-41194876.pdf?src-supplier=element14+APAC"; VariantName = "[No Variations]"
Add component (AddParameter): Name = "ComponentLink4Description"; Value = "https://datasheet.octopart.com:443/C2012X7R1H104K085AA-TDK-datasheet-10978788.pdf?src-supplier=element14+APAC"; VariantName = "[No Variations]"
Add component (AddParameter): Name = "ComponentLink4URL"; Value = "https://datasheet.octopart.com:443/C2012X7R1H104K085AA-TDK-datasheet-10978788.pdf?src-supplier=element14+APAC"; VariantName = "[No Variations]"
Add component (AddParameter): Name = "ComponentLink5Description"; Value = "https://datasheet.octopart.com:443/C2012X7R1H104K085AA-TDK-datasheet-13376850.pdf?src-supplier=element14+APAC"; VariantName = "[No Variations]"
Add component (AddParameter): Name = "ComponentLink5URL"; Value = "https://datasheet.octopart.com:443/C2012X7R1H104K085AA-TDK-datasheet-13376850.pdf?src-supplier=element14+APAC"; VariantName = "[No Variations]"
Add component (AddParameter): Name = "ComponentLink6Description"; Value = "https://datasheet.octopart.com:443/C2012X7R1H104K085AA-TDK-datasheet-41169347.pdf?src-supplier=element14+APAC"; VariantName = "[No Variations]"
Add component (AddParameter): Name = "ComponentLink6URL"; Value = "https://datasheet.octopart.com:443/C2012X7R1H104K085AA-TDK-datasheet-41169347.pdf?src-supplier=element14+APAC"; VariantName = "[No Variations]"
Add component (AddParameter): Name = "ComponentLink7Description"; Value = "https://datasheet.octopart.com:443/C2012X7R1H104K085AA-TDK-datasheet-82475248.pdf?src-supplier=Newark"; VariantName = "[No Variations]"
Add component (AddParameter): Name = "ComponentLink7URL"; Value = "https://datasheet.octopart.com:443/C2012X7R1H104K085AA-TDK-datasheet-82475248.pdf?src-supplier=Newark"; VariantName = "[No Variations]"
Add component (AddParameter): Name = "ComponentLink8Description"; Value = "https://datasheet.octopart.com:443/C2012X7R1H104K085AA-TDK-datasheet-13444418.pdf?src-supplier=Newark"; VariantName = "[No Variations]"
Add component (AddParameter): Name = "ComponentLink8URL"; Value = "https://datasheet.octopart.com:443/C2012X7R1H104K085AA-TDK-datasheet-13444418.pdf?src-supplier=Newark"; VariantName = "[No Variations]"
Add component (AddParameter): Name = "ComponentLink9Description"; Value = "https://datasheet.octopart.com:443/C2012X7R1H104K085AA-TDK-datasheet-23766614.pdf?src-supplier=Newark"; VariantName = "[No Variations]"
Add component (AddParameter): Name = "ComponentLink9URL"; Value = "https://datasheet.octopart.com:443/C2012X7R1H104K085AA-TDK-datasheet-23766614.pdf?src-supplier=Newark"; VariantName = "[No Variations]"
Add component (AddParameter): Name = "ComponentLink10Description"; Value = "https://datasheet.octopart.com:443/C2012X7R1H104K085AA-TDK-datasheet-12509848.pdf?src-supplier=Future+Electronics"; VariantName = "[No Variations]"
Add component (AddParameter): Name = "ComponentLink10URL"; Value = "https://datasheet.octopart.com:443/C2012X7R1H104K085AA-TDK-datasheet-12509848.pdf?src-supplier=Future+Electronics"; VariantName = "[No Variations]"
Add component (AddParameter): Name = "ComponentLink11Description"; Value = "https://datasheet.octopart.com:443/C2012X7R1H104K085AA-TDK-datasheet-8852320.pdf?src-supplier=Future+Electronics"; VariantName = "[No Variations]"
Add component (AddParameter): Name = "ComponentLink11URL"; Value = "https://datasheet.octopart.com:443/C2012X7R1H104K085AA-TDK-datasheet-8852320.pdf?src-supplier=Future+Electronics"; VariantName = "[No Variations]"
Add component (AddParameter): Name = "ComponentLink12Description"; Value = "https://datasheet.octopart.com:443/C2012X7R1H104K085AA-TDK-datasheet-8359770.pdf?src-supplier=Future+Electronics"; VariantName = "[No Variations]"
Add component (AddParameter): Name = "ComponentLink12URL"; Value = "https://datasheet.octopart.com:443/C2012X7R1H104K085AA-TDK-datasheet-8359770.pdf?src-supplier=Future+Electronics"; VariantName = "[No Variations]"
Add component (AddParameter): Name = "ComponentLink13Description"; Value = "https://datasheet.octopart.com:443/C2012X7R1H104K085AA-TDK-datasheet-8324322.pdf?src-supplier=Future+Electronics"; VariantName = "[No Variations]"
Add component (AddParameter): Name = "ComponentLink13URL"; Value = "https://datasheet.octopart.com:443/C2012X7R1H104K085AA-TDK-datasheet-8324322.pdf?src-supplier=Future+Electronics"; VariantName = "[No Variations]"
Add component (AddParameter): Name = "ComponentLink14Description"; Value = "https://datasheet.octopart.com:443/C2012X7R1H104K085AA-TDK-datasheet-128946.pdf?src-supplier=Future+Electronics"; VariantName = "[No Variations]"
Add component (AddParameter): Name = "ComponentLink14URL"; Value = "https://datasheet.octopart.com:443/C2012X7R1H104K085AA-TDK-datasheet-128946.pdf?src-supplier=Future+Electronics"; VariantName = "[No Variations]"
Add component (AddParameter): Name = "ComponentLink15Description"; Value = "https://datasheet.octopart.com:443/C2012X7R1H104K085AA-TDK-datasheet-11730548.pdf?src-supplier=Electro+Sonic"; VariantName = "[No Variations]"
Add component (AddParameter): Name = "ComponentLink15URL"; Value = "https://datasheet.octopart.com:443/C2012X7R1H104K085AA-TDK-datasheet-11730548.pdf?src-supplier=Electro+Sonic"; VariantName = "[No Variations]"
Add component (AddParameter): Name = "Composition"; Value = "Ceramic"; VariantName = "[No Variations]"
Add component (AddParameter): Name = "Depth"; Value = "1.25mm"; VariantName = "[No Variations]"
Add component (AddParameter): Name = "Dielectric"; Value = "X7R"; VariantName = "[No Variations]"
Add component (AddParameter): Name = "Dielectric Material"; Value = "Ceramic"; VariantName = "[No Variations]"
Add component (AddParameter): Name = "Export Control Classification Number (ECCN) Code"; Value = "EAR99"; VariantName = "[No Variations]"
Add component (AddParameter): Name = "Harmonized Tariff Schedule (HTS) Code"; Value = "8532.24.00.20"; VariantName = "[No Variations]"
Add component (AddParameter): Name = "Height"; Value = "850µm"; VariantName = "[No Variations]"
Add component (AddParameter): Name = "Introduction Date"; Value = "2012-08-21"; VariantName = "[No Variations]"
Add component (AddParameter): Name = "Lead Free"; Value = "Lead Free"; VariantName = "[No Variations]"
Add component (AddParameter): Name = "Length"; Value = "2mm"; VariantName = "[No Variations]"
Add component (AddParameter): Name = "Lifecycle Status"; Value = "NRND"; VariantName = "[No Variations]"
Add component (AddParameter): Name = "Manufacturer"; Value = "TDK"; VariantName = "[No Variations]"
Add component (AddParameter): Name = "Manufacturer Lifecycle Status"; Value = "PRODUCTION (NOT RECOMMENDED FOR NEW DESIGN)"; VariantName = "[No Variations]"
Add component (AddParameter): Name = "Manufacturer Part Number"; Value = "C2012X7R1H104K085AA"; VariantName = "[No Variations]"
Add component (AddParameter): Name = "Material"; Value = "Ceramic"; VariantName = "[No Variations]"
Add component (AddParameter): Name = "Max Length"; Value = "2.2mm"; VariantName = "[No Variations]"
Add component (AddParameter): Name = "Max Operating Temperature"; Value = "125°C"; VariantName = "[No Variations]"
Add component (AddParameter): Name = "Max Width"; Value = "1.45mm"; VariantName = "[No Variations]"
Add component (AddParameter): Name = "Min Length"; Value = "1.8mm"; VariantName = "[No Variations]"
Add component (AddParameter): Name = "Min Operating Temperature"; Value = "-55°C"; VariantName = "[No Variations]"
Add component (AddParameter): Name = "Min Width"; Value = "1.05mm"; VariantName = "[No Variations]"
Add component (AddParameter): Name = "Mounting Technology"; Value = "Surface Mount"; VariantName = "[No Variations]"
Add component (AddParameter): Name = "Number of Terminals"; Value = "2"; VariantName = "[No Variations]"
Add component (AddParameter): Name = "Pins"; Value = "2"; VariantName = "[No Variations]"
Add component (AddParameter): Name = "Pricing"; Value = "1=0.12, 10=0.069, 50=0.0482, 100=0.0418, 500=0.03104, 1000=0.02773 (USD)"; VariantName = "[No Variations]"
Add component (AddParameter): Name = "Radiation Hardening"; Value = "No"; VariantName = "[No Variations]"
Add component (AddParameter): Name = "REACH SVHC"; Value = "Yes"; VariantName = "[No Variations]"
Add component (AddParameter): Name = "RoHS"; Value = "Compliant"; VariantName = "[No Variations]"
Add component (AddParameter): Name = "Schedule B"; Value = "8532240020, 8532240020|8532240020|8532240020|8532240020|8532240020"; VariantName = "[No Variations]"
Add component (AddParameter): Name = "Stock"; Value = "478758"; VariantName = "[No Variations]"
Add component (AddParameter): Name = "Supplier"; Value = "DigiKey"; VariantName = "[No Variations]"
Add component (AddParameter): Name = "Supplier Part Number"; Value = "445-7534-1-ND"; VariantName = "[No Variations]"
Add component (AddParameter): Name = "Termination"; Value = "SMD/SMT"; VariantName = "[No Variations]"
Add component (AddParameter): Name = "Tolerance"; Value = "10%"; VariantName = "[No Variations]"
Add component (AddParameter): Name = "Value"; Value = "100nF"; VariantName = "[No Variations]"
Add component (AddParameter): Name = "Voltage"; Value = "50V"; VariantName = "[No Variations]"
Add component (AddParameter): Name = "Voltage Rating"; Value = "50V"; VariantName = "[No Variations]"
Add component (AddParameter): Name = "Voltage Rating (DC)"; Value = "50V"; VariantName = "[No Variations]"
Add component (AddParameter): Name = "Weight"; Value = "5.499807mg"; VariantName = "[No Variations]"
Add component (AddParameter): Name = "Width"; Value = "1.25mm"; VariantName = "[No Variations]"
Added Component: Designator=C31(C0805)
Add component (AddParameter): Name = "Case Code (Imperial)"; Value = "0805"; VariantName = "[No Variations]"
Add component (AddParameter): Name = "Case Code (Metric)"; Value = "2012"; VariantName = "[No Variations]"
Add component (AddParameter): Name = "Case/Package"; Value = "0805"; VariantName = "[No Variations]"
Add component (AddParameter): Name = "Category"; Value = "Ceramic Capacitors"; VariantName = "[No Variations]"
Add component (AddParameter): Name = "China RoHS"; Value = "Compliant"; VariantName = "[No Variations]"
Add component (AddParameter): Name = "ComponentLink1Description"; Value = "https://datasheet.octopart.com:443/C2012X7R1H104K085AA-TDK-datasheet-175423548.pdf?src-supplier=IHS"; VariantName = "[No Variations]"
Add component (AddParameter): Name = "ComponentLink1URL"; Value = "https://datasheet.octopart.com:443/C2012X7R1H104K085AA-TDK-datasheet-175423548.pdf?src-supplier=IHS"; VariantName = "[No Variations]"
Add component (AddParameter): Name = "ComponentLink2Description"; Value = "https://datasheet.octopart.com:443/C2012X7R1H104K085AA-TDK-datasheet-151546523.pdf?src-supplier=ODG+(Origin+Data+Global)"; VariantName = "[No Variations]"
Add component (AddParameter): Name = "ComponentLink2URL"; Value = "https://datasheet.octopart.com:443/C2012X7R1H104K085AA-TDK-datasheet-151546523.pdf?src-supplier=ODG+(Origin+Data+Global)"; VariantName = "[No Variations]"
Add component (AddParameter): Name = "ComponentLink3Description"; Value = "https://datasheet.octopart.com:443/C2012X7R1H104K085AA-TDK-datasheet-41194876.pdf?src-supplier=element14+APAC"; VariantName = "[No Variations]"
Add component (AddParameter): Name = "ComponentLink3URL"; Value = "https://datasheet.octopart.com:443/C2012X7R1H104K085AA-TDK-datasheet-41194876.pdf?src-supplier=element14+APAC"; VariantName = "[No Variations]"
Add component (AddParameter): Name = "ComponentLink4Description"; Value = "https://datasheet.octopart.com:443/C2012X7R1H104K085AA-TDK-datasheet-10978788.pdf?src-supplier=element14+APAC"; VariantName = "[No Variations]"
Add component (AddParameter): Name = "ComponentLink4URL"; Value = "https://datasheet.octopart.com:443/C2012X7R1H104K085AA-TDK-datasheet-10978788.pdf?src-supplier=element14+APAC"; VariantName = "[No Variations]"
Add component (AddParameter): Name = "ComponentLink5Description"; Value = "https://datasheet.octopart.com:443/C2012X7R1H104K085AA-TDK-datasheet-13376850.pdf?src-supplier=element14+APAC"; VariantName = "[No Variations]"
Add component (AddParameter): Name = "ComponentLink5URL"; Value = "https://datasheet.octopart.com:443/C2012X7R1H104K085AA-TDK-datasheet-13376850.pdf?src-supplier=element14+APAC"; VariantName = "[No Variations]"
Add component (AddParameter): Name = "ComponentLink6Description"; Value = "https://datasheet.octopart.com:443/C2012X7R1H104K085AA-TDK-datasheet-41169347.pdf?src-supplier=element14+APAC"; VariantName = "[No Variations]"
Add component (AddParameter): Name = "ComponentLink6URL"; Value = "https://datasheet.octopart.com:443/C2012X7R1H104K085AA-TDK-datasheet-41169347.pdf?src-supplier=element14+APAC"; VariantName = "[No Variations]"
Add component (AddParameter): Name = "ComponentLink7Description"; Value = "https://datasheet.octopart.com:443/C2012X7R1H104K085AA-TDK-datasheet-82475248.pdf?src-supplier=Newark"; VariantName = "[No Variations]"
Add component (AddParameter): Name = "ComponentLink7URL"; Value = "https://datasheet.octopart.com:443/C2012X7R1H104K085AA-TDK-datasheet-82475248.pdf?src-supplier=Newark"; VariantName = "[No Variations]"
Add component (AddParameter): Name = "ComponentLink8Description"; Value = "https://datasheet.octopart.com:443/C2012X7R1H104K085AA-TDK-datasheet-13444418.pdf?src-supplier=Newark"; VariantName = "[No Variations]"
Add component (AddParameter): Name = "ComponentLink8URL"; Value = "https://datasheet.octopart.com:443/C2012X7R1H104K085AA-TDK-datasheet-13444418.pdf?src-supplier=Newark"; VariantName = "[No Variations]"
Add component (AddParameter): Name = "ComponentLink9Description"; Value = "https://datasheet.octopart.com:443/C2012X7R1H104K085AA-TDK-datasheet-23766614.pdf?src-supplier=Newark"; VariantName = "[No Variations]"
Add component (AddParameter): Name = "ComponentLink9URL"; Value = "https://datasheet.octopart.com:443/C2012X7R1H104K085AA-TDK-datasheet-23766614.pdf?src-supplier=Newark"; VariantName = "[No Variations]"
Add component (AddParameter): Name = "ComponentLink10Description"; Value = "https://datasheet.octopart.com:443/C2012X7R1H104K085AA-TDK-datasheet-12509848.pdf?src-supplier=Future+Electronics"; VariantName = "[No Variations]"
Add component (AddParameter): Name = "ComponentLink10URL"; Value = "https://datasheet.octopart.com:443/C2012X7R1H104K085AA-TDK-datasheet-12509848.pdf?src-supplier=Future+Electronics"; VariantName = "[No Variations]"
Add component (AddParameter): Name = "ComponentLink11Description"; Value = "https://datasheet.octopart.com:443/C2012X7R1H104K085AA-TDK-datasheet-8852320.pdf?src-supplier=Future+Electronics"; VariantName = "[No Variations]"
Add component (AddParameter): Name = "ComponentLink11URL"; Value = "https://datasheet.octopart.com:443/C2012X7R1H104K085AA-TDK-datasheet-8852320.pdf?src-supplier=Future+Electronics"; VariantName = "[No Variations]"
Add component (AddParameter): Name = "ComponentLink12Description"; Value = "https://datasheet.octopart.com:443/C2012X7R1H104K085AA-TDK-datasheet-8359770.pdf?src-supplier=Future+Electronics"; VariantName = "[No Variations]"
Add component (AddParameter): Name = "ComponentLink12URL"; Value = "https://datasheet.octopart.com:443/C2012X7R1H104K085AA-TDK-datasheet-8359770.pdf?src-supplier=Future+Electronics"; VariantName = "[No Variations]"
Add component (AddParameter): Name = "ComponentLink13Description"; Value = "https://datasheet.octopart.com:443/C2012X7R1H104K085AA-TDK-datasheet-8324322.pdf?src-supplier=Future+Electronics"; VariantName = "[No Variations]"
Add component (AddParameter): Name = "ComponentLink13URL"; Value = "https://datasheet.octopart.com:443/C2012X7R1H104K085AA-TDK-datasheet-8324322.pdf?src-supplier=Future+Electronics"; VariantName = "[No Variations]"
Add component (AddParameter): Name = "ComponentLink14Description"; Value = "https://datasheet.octopart.com:443/C2012X7R1H104K085AA-TDK-datasheet-128946.pdf?src-supplier=Future+Electronics"; VariantName = "[No Variations]"
Add component (AddParameter): Name = "ComponentLink14URL"; Value = "https://datasheet.octopart.com:443/C2012X7R1H104K085AA-TDK-datasheet-128946.pdf?src-supplier=Future+Electronics"; VariantName = "[No Variations]"
Add component (AddParameter): Name = "ComponentLink15Description"; Value = "https://datasheet.octopart.com:443/C2012X7R1H104K085AA-TDK-datasheet-11730548.pdf?src-supplier=Electro+Sonic"; VariantName = "[No Variations]"
Add component (AddParameter): Name = "ComponentLink15URL"; Value = "https://datasheet.octopart.com:443/C2012X7R1H104K085AA-TDK-datasheet-11730548.pdf?src-supplier=Electro+Sonic"; VariantName = "[No Variations]"
Add component (AddParameter): Name = "Composition"; Value = "Ceramic"; VariantName = "[No Variations]"
Add component (AddParameter): Name = "Depth"; Value = "1.25mm"; VariantName = "[No Variations]"
Add component (AddParameter): Name = "Dielectric"; Value = "X7R"; VariantName = "[No Variations]"
Add component (AddParameter): Name = "Dielectric Material"; Value = "Ceramic"; VariantName = "[No Variations]"
Add component (AddParameter): Name = "Export Control Classification Number (ECCN) Code"; Value = "EAR99"; VariantName = "[No Variations]"
Add component (AddParameter): Name = "Harmonized Tariff Schedule (HTS) Code"; Value = "8532.24.00.20"; VariantName = "[No Variations]"
Add component (AddParameter): Name = "Height"; Value = "850µm"; VariantName = "[No Variations]"
Add component (AddParameter): Name = "Introduction Date"; Value = "2012-08-21"; VariantName = "[No Variations]"
Add component (AddParameter): Name = "Lead Free"; Value = "Lead Free"; VariantName = "[No Variations]"
Add component (AddParameter): Name = "Length"; Value = "2mm"; VariantName = "[No Variations]"
Add component (AddParameter): Name = "Lifecycle Status"; Value = "NRND"; VariantName = "[No Variations]"
Add component (AddParameter): Name = "Manufacturer"; Value = "TDK"; VariantName = "[No Variations]"
Add component (AddParameter): Name = "Manufacturer Lifecycle Status"; Value = "PRODUCTION (NOT RECOMMENDED FOR NEW DESIGN)"; VariantName = "[No Variations]"
Add component (AddParameter): Name = "Manufacturer Part Number"; Value = "C2012X7R1H104K085AA"; VariantName = "[No Variations]"
Add component (AddParameter): Name = "Material"; Value = "Ceramic"; VariantName = "[No Variations]"
Add component (AddParameter): Name = "Max Length"; Value = "2.2mm"; VariantName = "[No Variations]"
Add component (AddParameter): Name = "Max Operating Temperature"; Value = "125°C"; VariantName = "[No Variations]"
Add component (AddParameter): Name = "Max Width"; Value = "1.45mm"; VariantName = "[No Variations]"
Add component (AddParameter): Name = "Min Length"; Value = "1.8mm"; VariantName = "[No Variations]"
Add component (AddParameter): Name = "Min Operating Temperature"; Value = "-55°C"; VariantName = "[No Variations]"
Add component (AddParameter): Name = "Min Width"; Value = "1.05mm"; VariantName = "[No Variations]"
Add component (AddParameter): Name = "Mounting Technology"; Value = "Surface Mount"; VariantName = "[No Variations]"
Add component (AddParameter): Name = "Number of Terminals"; Value = "2"; VariantName = "[No Variations]"
Add component (AddParameter): Name = "Pins"; Value = "2"; VariantName = "[No Variations]"
Add component (AddParameter): Name = "Pricing"; Value = "1=0.12, 10=0.069, 50=0.0482, 100=0.0418, 500=0.03104, 1000=0.02773 (USD)"; VariantName = "[No Variations]"
Add component (AddParameter): Name = "Radiation Hardening"; Value = "No"; VariantName = "[No Variations]"
Add component (AddParameter): Name = "REACH SVHC"; Value = "Yes"; VariantName = "[No Variations]"
Add component (AddParameter): Name = "RoHS"; Value = "Compliant"; VariantName = "[No Variations]"
Add component (AddParameter): Name = "Schedule B"; Value = "8532240020, 8532240020|8532240020|8532240020|8532240020|8532240020"; VariantName = "[No Variations]"
Add component (AddParameter): Name = "Stock"; Value = "478758"; VariantName = "[No Variations]"
Add component (AddParameter): Name = "Supplier"; Value = "DigiKey"; VariantName = "[No Variations]"
Add component (AddParameter): Name = "Supplier Part Number"; Value = "445-7534-1-ND"; VariantName = "[No Variations]"
Add component (AddParameter): Name = "Termination"; Value = "SMD/SMT"; VariantName = "[No Variations]"
Add component (AddParameter): Name = "Tolerance"; Value = "10%"; VariantName = "[No Variations]"
Add component (AddParameter): Name = "Value"; Value = "100nF"; VariantName = "[No Variations]"
Add component (AddParameter): Name = "Voltage"; Value = "50V"; VariantName = "[No Variations]"
Add component (AddParameter): Name = "Voltage Rating"; Value = "50V"; VariantName = "[No Variations]"
Add component (AddParameter): Name = "Voltage Rating (DC)"; Value = "50V"; VariantName = "[No Variations]"
Add component (AddParameter): Name = "Weight"; Value = "5.499807mg"; VariantName = "[No Variations]"
Add component (AddParameter): Name = "Width"; Value = "1.25mm"; VariantName = "[No Variations]"
Added Component: Designator=C32(C0805)
Add component (AddParameter): Name = "Case Code (Imperial)"; Value = "0805"; VariantName = "[No Variations]"
Add component (AddParameter): Name = "Case Code (Metric)"; Value = "2012"; VariantName = "[No Variations]"
Add component (AddParameter): Name = "Case/Package"; Value = "0805"; VariantName = "[No Variations]"
Add component (AddParameter): Name = "Category"; Value = "Ceramic Capacitors"; VariantName = "[No Variations]"
Add component (AddParameter): Name = "China RoHS"; Value = "Compliant"; VariantName = "[No Variations]"
Add component (AddParameter): Name = "ComponentLink1Description"; Value = "https://datasheet.octopart.com:443/C2012X7R1H104K085AA-TDK-datasheet-175423548.pdf?src-supplier=IHS"; VariantName = "[No Variations]"
Add component (AddParameter): Name = "ComponentLink1URL"; Value = "https://datasheet.octopart.com:443/C2012X7R1H104K085AA-TDK-datasheet-175423548.pdf?src-supplier=IHS"; VariantName = "[No Variations]"
Add component (AddParameter): Name = "ComponentLink2Description"; Value = "https://datasheet.octopart.com:443/C2012X7R1H104K085AA-TDK-datasheet-151546523.pdf?src-supplier=ODG+(Origin+Data+Global)"; VariantName = "[No Variations]"
Add component (AddParameter): Name = "ComponentLink2URL"; Value = "https://datasheet.octopart.com:443/C2012X7R1H104K085AA-TDK-datasheet-151546523.pdf?src-supplier=ODG+(Origin+Data+Global)"; VariantName = "[No Variations]"
Add component (AddParameter): Name = "ComponentLink3Description"; Value = "https://datasheet.octopart.com:443/C2012X7R1H104K085AA-TDK-datasheet-41194876.pdf?src-supplier=element14+APAC"; VariantName = "[No Variations]"
Add component (AddParameter): Name = "ComponentLink3URL"; Value = "https://datasheet.octopart.com:443/C2012X7R1H104K085AA-TDK-datasheet-41194876.pdf?src-supplier=element14+APAC"; VariantName = "[No Variations]"
Add component (AddParameter): Name = "ComponentLink4Description"; Value = "https://datasheet.octopart.com:443/C2012X7R1H104K085AA-TDK-datasheet-10978788.pdf?src-supplier=element14+APAC"; VariantName = "[No Variations]"
Add component (AddParameter): Name = "ComponentLink4URL"; Value = "https://datasheet.octopart.com:443/C2012X7R1H104K085AA-TDK-datasheet-10978788.pdf?src-supplier=element14+APAC"; VariantName = "[No Variations]"
Add component (AddParameter): Name = "ComponentLink5Description"; Value = "https://datasheet.octopart.com:443/C2012X7R1H104K085AA-TDK-datasheet-13376850.pdf?src-supplier=element14+APAC"; VariantName = "[No Variations]"
Add component (AddParameter): Name = "ComponentLink5URL"; Value = "https://datasheet.octopart.com:443/C2012X7R1H104K085AA-TDK-datasheet-13376850.pdf?src-supplier=element14+APAC"; VariantName = "[No Variations]"
Add component (AddParameter): Name = "ComponentLink6Description"; Value = "https://datasheet.octopart.com:443/C2012X7R1H104K085AA-TDK-datasheet-41169347.pdf?src-supplier=element14+APAC"; VariantName = "[No Variations]"
Add component (AddParameter): Name = "ComponentLink6URL"; Value = "https://datasheet.octopart.com:443/C2012X7R1H104K085AA-TDK-datasheet-41169347.pdf?src-supplier=element14+APAC"; VariantName = "[No Variations]"
Add component (AddParameter): Name = "ComponentLink7Description"; Value = "https://datasheet.octopart.com:443/C2012X7R1H104K085AA-TDK-datasheet-82475248.pdf?src-supplier=Newark"; VariantName = "[No Variations]"
Add component (AddParameter): Name = "ComponentLink7URL"; Value = "https://datasheet.octopart.com:443/C2012X7R1H104K085AA-TDK-datasheet-82475248.pdf?src-supplier=Newark"; VariantName = "[No Variations]"
Add component (AddParameter): Name = "ComponentLink8Description"; Value = "https://datasheet.octopart.com:443/C2012X7R1H104K085AA-TDK-datasheet-13444418.pdf?src-supplier=Newark"; VariantName = "[No Variations]"
Add component (AddParameter): Name = "ComponentLink8URL"; Value = "https://datasheet.octopart.com:443/C2012X7R1H104K085AA-TDK-datasheet-13444418.pdf?src-supplier=Newark"; VariantName = "[No Variations]"
Add component (AddParameter): Name = "ComponentLink9Description"; Value = "https://datasheet.octopart.com:443/C2012X7R1H104K085AA-TDK-datasheet-23766614.pdf?src-supplier=Newark"; VariantName = "[No Variations]"
Add component (AddParameter): Name = "ComponentLink9URL"; Value = "https://datasheet.octopart.com:443/C2012X7R1H104K085AA-TDK-datasheet-23766614.pdf?src-supplier=Newark"; VariantName = "[No Variations]"
Add component (AddParameter): Name = "ComponentLink10Description"; Value = "https://datasheet.octopart.com:443/C2012X7R1H104K085AA-TDK-datasheet-12509848.pdf?src-supplier=Future+Electronics"; VariantName = "[No Variations]"
Add component (AddParameter): Name = "ComponentLink10URL"; Value = "https://datasheet.octopart.com:443/C2012X7R1H104K085AA-TDK-datasheet-12509848.pdf?src-supplier=Future+Electronics"; VariantName = "[No Variations]"
Add component (AddParameter): Name = "ComponentLink11Description"; Value = "https://datasheet.octopart.com:443/C2012X7R1H104K085AA-TDK-datasheet-8852320.pdf?src-supplier=Future+Electronics"; VariantName = "[No Variations]"
Add component (AddParameter): Name = "ComponentLink11URL"; Value = "https://datasheet.octopart.com:443/C2012X7R1H104K085AA-TDK-datasheet-8852320.pdf?src-supplier=Future+Electronics"; VariantName = "[No Variations]"
Add component (AddParameter): Name = "ComponentLink12Description"; Value = "https://datasheet.octopart.com:443/C2012X7R1H104K085AA-TDK-datasheet-8359770.pdf?src-supplier=Future+Electronics"; VariantName = "[No Variations]"
Add component (AddParameter): Name = "ComponentLink12URL"; Value = "https://datasheet.octopart.com:443/C2012X7R1H104K085AA-TDK-datasheet-8359770.pdf?src-supplier=Future+Electronics"; VariantName = "[No Variations]"
Add component (AddParameter): Name = "ComponentLink13Description"; Value = "https://datasheet.octopart.com:443/C2012X7R1H104K085AA-TDK-datasheet-8324322.pdf?src-supplier=Future+Electronics"; VariantName = "[No Variations]"
Add component (AddParameter): Name = "ComponentLink13URL"; Value = "https://datasheet.octopart.com:443/C2012X7R1H104K085AA-TDK-datasheet-8324322.pdf?src-supplier=Future+Electronics"; VariantName = "[No Variations]"
Add component (AddParameter): Name = "ComponentLink14Description"; Value = "https://datasheet.octopart.com:443/C2012X7R1H104K085AA-TDK-datasheet-128946.pdf?src-supplier=Future+Electronics"; VariantName = "[No Variations]"
Add component (AddParameter): Name = "ComponentLink14URL"; Value = "https://datasheet.octopart.com:443/C2012X7R1H104K085AA-TDK-datasheet-128946.pdf?src-supplier=Future+Electronics"; VariantName = "[No Variations]"
Add component (AddParameter): Name = "ComponentLink15Description"; Value = "https://datasheet.octopart.com:443/C2012X7R1H104K085AA-TDK-datasheet-11730548.pdf?src-supplier=Electro+Sonic"; VariantName = "[No Variations]"
Add component (AddParameter): Name = "ComponentLink15URL"; Value = "https://datasheet.octopart.com:443/C2012X7R1H104K085AA-TDK-datasheet-11730548.pdf?src-supplier=Electro+Sonic"; VariantName = "[No Variations]"
Add component (AddParameter): Name = "Composition"; Value = "Ceramic"; VariantName = "[No Variations]"
Add component (AddParameter): Name = "Depth"; Value = "1.25mm"; VariantName = "[No Variations]"
Add component (AddParameter): Name = "Dielectric"; Value = "X7R"; VariantName = "[No Variations]"
Add component (AddParameter): Name = "Dielectric Material"; Value = "Ceramic"; VariantName = "[No Variations]"
Add component (AddParameter): Name = "Export Control Classification Number (ECCN) Code"; Value = "EAR99"; VariantName = "[No Variations]"
Add component (AddParameter): Name = "Harmonized Tariff Schedule (HTS) Code"; Value = "8532.24.00.20"; VariantName = "[No Variations]"
Add component (AddParameter): Name = "Height"; Value = "850µm"; VariantName = "[No Variations]"
Add component (AddParameter): Name = "Introduction Date"; Value = "2012-08-21"; VariantName = "[No Variations]"
Add component (AddParameter): Name = "Lead Free"; Value = "Lead Free"; VariantName = "[No Variations]"
Add component (AddParameter): Name = "Length"; Value = "2mm"; VariantName = "[No Variations]"
Add component (AddParameter): Name = "Lifecycle Status"; Value = "NRND"; VariantName = "[No Variations]"
Add component (AddParameter): Name = "Manufacturer"; Value = "TDK"; VariantName = "[No Variations]"
Add component (AddParameter): Name = "Manufacturer Lifecycle Status"; Value = "PRODUCTION (NOT RECOMMENDED FOR NEW DESIGN)"; VariantName = "[No Variations]"
Add component (AddParameter): Name = "Manufacturer Part Number"; Value = "C2012X7R1H104K085AA"; VariantName = "[No Variations]"
Add component (AddParameter): Name = "Material"; Value = "Ceramic"; VariantName = "[No Variations]"
Add component (AddParameter): Name = "Max Length"; Value = "2.2mm"; VariantName = "[No Variations]"
Add component (AddParameter): Name = "Max Operating Temperature"; Value = "125°C"; VariantName = "[No Variations]"
Add component (AddParameter): Name = "Max Width"; Value = "1.45mm"; VariantName = "[No Variations]"
Add component (AddParameter): Name = "Min Length"; Value = "1.8mm"; VariantName = "[No Variations]"
Add component (AddParameter): Name = "Min Operating Temperature"; Value = "-55°C"; VariantName = "[No Variations]"
Add component (AddParameter): Name = "Min Width"; Value = "1.05mm"; VariantName = "[No Variations]"
Add component (AddParameter): Name = "Mounting Technology"; Value = "Surface Mount"; VariantName = "[No Variations]"
Add component (AddParameter): Name = "Number of Terminals"; Value = "2"; VariantName = "[No Variations]"
Add component (AddParameter): Name = "Pins"; Value = "2"; VariantName = "[No Variations]"
Add component (AddParameter): Name = "Pricing"; Value = "1=0.12, 10=0.069, 50=0.0482, 100=0.0418, 500=0.03104, 1000=0.02773 (USD)"; VariantName = "[No Variations]"
Add component (AddParameter): Name = "Radiation Hardening"; Value = "No"; VariantName = "[No Variations]"
Add component (AddParameter): Name = "REACH SVHC"; Value = "Yes"; VariantName = "[No Variations]"
Add component (AddParameter): Name = "RoHS"; Value = "Compliant"; VariantName = "[No Variations]"
Add component (AddParameter): Name = "Schedule B"; Value = "8532240020, 8532240020|8532240020|8532240020|8532240020|8532240020"; VariantName = "[No Variations]"
Add component (AddParameter): Name = "Stock"; Value = "478758"; VariantName = "[No Variations]"
Add component (AddParameter): Name = "Supplier"; Value = "DigiKey"; VariantName = "[No Variations]"
Add component (AddParameter): Name = "Supplier Part Number"; Value = "445-7534-1-ND"; VariantName = "[No Variations]"
Add component (AddParameter): Name = "Termination"; Value = "SMD/SMT"; VariantName = "[No Variations]"
Add component (AddParameter): Name = "Tolerance"; Value = "10%"; VariantName = "[No Variations]"
Add component (AddParameter): Name = "Value"; Value = "100nF"; VariantName = "[No Variations]"
Add component (AddParameter): Name = "Voltage"; Value = "50V"; VariantName = "[No Variations]"
Add component (AddParameter): Name = "Voltage Rating"; Value = "50V"; VariantName = "[No Variations]"
Add component (AddParameter): Name = "Voltage Rating (DC)"; Value = "50V"; VariantName = "[No Variations]"
Add component (AddParameter): Name = "Weight"; Value = "5.499807mg"; VariantName = "[No Variations]"
Add component (AddParameter): Name = "Width"; Value = "1.25mm"; VariantName = "[No Variations]"
Added Component: Designator=C33(C0805)
Add component (AddParameter): Name = "Case Code (Imperial)"; Value = "0805"; VariantName = "[No Variations]"
Add component (AddParameter): Name = "Case Code (Metric)"; Value = "2012"; VariantName = "[No Variations]"
Add component (AddParameter): Name = "Case/Package"; Value = "0805"; VariantName = "[No Variations]"
Add component (AddParameter): Name = "Category"; Value = "Ceramic Capacitors"; VariantName = "[No Variations]"
Add component (AddParameter): Name = "China RoHS"; Value = "Compliant"; VariantName = "[No Variations]"
Add component (AddParameter): Name = "ComponentLink1Description"; Value = "https://datasheet.octopart.com:443/C2012X7R1H104K085AA-TDK-datasheet-175423548.pdf?src-supplier=IHS"; VariantName = "[No Variations]"
Add component (AddParameter): Name = "ComponentLink1URL"; Value = "https://datasheet.octopart.com:443/C2012X7R1H104K085AA-TDK-datasheet-175423548.pdf?src-supplier=IHS"; VariantName = "[No Variations]"
Add component (AddParameter): Name = "ComponentLink2Description"; Value = "https://datasheet.octopart.com:443/C2012X7R1H104K085AA-TDK-datasheet-151546523.pdf?src-supplier=ODG+(Origin+Data+Global)"; VariantName = "[No Variations]"
Add component (AddParameter): Name = "ComponentLink2URL"; Value = "https://datasheet.octopart.com:443/C2012X7R1H104K085AA-TDK-datasheet-151546523.pdf?src-supplier=ODG+(Origin+Data+Global)"; VariantName = "[No Variations]"
Add component (AddParameter): Name = "ComponentLink3Description"; Value = "https://datasheet.octopart.com:443/C2012X7R1H104K085AA-TDK-datasheet-41194876.pdf?src-supplier=element14+APAC"; VariantName = "[No Variations]"
Add component (AddParameter): Name = "ComponentLink3URL"; Value = "https://datasheet.octopart.com:443/C2012X7R1H104K085AA-TDK-datasheet-41194876.pdf?src-supplier=element14+APAC"; VariantName = "[No Variations]"
Add component (AddParameter): Name = "ComponentLink4Description"; Value = "https://datasheet.octopart.com:443/C2012X7R1H104K085AA-TDK-datasheet-10978788.pdf?src-supplier=element14+APAC"; VariantName = "[No Variations]"
Add component (AddParameter): Name = "ComponentLink4URL"; Value = "https://datasheet.octopart.com:443/C2012X7R1H104K085AA-TDK-datasheet-10978788.pdf?src-supplier=element14+APAC"; VariantName = "[No Variations]"
Add component (AddParameter): Name = "ComponentLink5Description"; Value = "https://datasheet.octopart.com:443/C2012X7R1H104K085AA-TDK-datasheet-13376850.pdf?src-supplier=element14+APAC"; VariantName = "[No Variations]"
Add component (AddParameter): Name = "ComponentLink5URL"; Value = "https://datasheet.octopart.com:443/C2012X7R1H104K085AA-TDK-datasheet-13376850.pdf?src-supplier=element14+APAC"; VariantName = "[No Variations]"
Add component (AddParameter): Name = "ComponentLink6Description"; Value = "https://datasheet.octopart.com:443/C2012X7R1H104K085AA-TDK-datasheet-41169347.pdf?src-supplier=element14+APAC"; VariantName = "[No Variations]"
Add component (AddParameter): Name = "ComponentLink6URL"; Value = "https://datasheet.octopart.com:443/C2012X7R1H104K085AA-TDK-datasheet-41169347.pdf?src-supplier=element14+APAC"; VariantName = "[No Variations]"
Add component (AddParameter): Name = "ComponentLink7Description"; Value = "https://datasheet.octopart.com:443/C2012X7R1H104K085AA-TDK-datasheet-82475248.pdf?src-supplier=Newark"; VariantName = "[No Variations]"
Add component (AddParameter): Name = "ComponentLink7URL"; Value = "https://datasheet.octopart.com:443/C2012X7R1H104K085AA-TDK-datasheet-82475248.pdf?src-supplier=Newark"; VariantName = "[No Variations]"
Add component (AddParameter): Name = "ComponentLink8Description"; Value = "https://datasheet.octopart.com:443/C2012X7R1H104K085AA-TDK-datasheet-13444418.pdf?src-supplier=Newark"; VariantName = "[No Variations]"
Add component (AddParameter): Name = "ComponentLink8URL"; Value = "https://datasheet.octopart.com:443/C2012X7R1H104K085AA-TDK-datasheet-13444418.pdf?src-supplier=Newark"; VariantName = "[No Variations]"
Add component (AddParameter): Name = "ComponentLink9Description"; Value = "https://datasheet.octopart.com:443/C2012X7R1H104K085AA-TDK-datasheet-23766614.pdf?src-supplier=Newark"; VariantName = "[No Variations]"
Add component (AddParameter): Name = "ComponentLink9URL"; Value = "https://datasheet.octopart.com:443/C2012X7R1H104K085AA-TDK-datasheet-23766614.pdf?src-supplier=Newark"; VariantName = "[No Variations]"
Add component (AddParameter): Name = "ComponentLink10Description"; Value = "https://datasheet.octopart.com:443/C2012X7R1H104K085AA-TDK-datasheet-12509848.pdf?src-supplier=Future+Electronics"; VariantName = "[No Variations]"
Add component (AddParameter): Name = "ComponentLink10URL"; Value = "https://datasheet.octopart.com:443/C2012X7R1H104K085AA-TDK-datasheet-12509848.pdf?src-supplier=Future+Electronics"; VariantName = "[No Variations]"
Add component (AddParameter): Name = "ComponentLink11Description"; Value = "https://datasheet.octopart.com:443/C2012X7R1H104K085AA-TDK-datasheet-8852320.pdf?src-supplier=Future+Electronics"; VariantName = "[No Variations]"
Add component (AddParameter): Name = "ComponentLink11URL"; Value = "https://datasheet.octopart.com:443/C2012X7R1H104K085AA-TDK-datasheet-8852320.pdf?src-supplier=Future+Electronics"; VariantName = "[No Variations]"
Add component (AddParameter): Name = "ComponentLink12Description"; Value = "https://datasheet.octopart.com:443/C2012X7R1H104K085AA-TDK-datasheet-8359770.pdf?src-supplier=Future+Electronics"; VariantName = "[No Variations]"
Add component (AddParameter): Name = "ComponentLink12URL"; Value = "https://datasheet.octopart.com:443/C2012X7R1H104K085AA-TDK-datasheet-8359770.pdf?src-supplier=Future+Electronics"; VariantName = "[No Variations]"
Add component (AddParameter): Name = "ComponentLink13Description"; Value = "https://datasheet.octopart.com:443/C2012X7R1H104K085AA-TDK-datasheet-8324322.pdf?src-supplier=Future+Electronics"; VariantName = "[No Variations]"
Add component (AddParameter): Name = "ComponentLink13URL"; Value = "https://datasheet.octopart.com:443/C2012X7R1H104K085AA-TDK-datasheet-8324322.pdf?src-supplier=Future+Electronics"; VariantName = "[No Variations]"
Add component (AddParameter): Name = "ComponentLink14Description"; Value = "https://datasheet.octopart.com:443/C2012X7R1H104K085AA-TDK-datasheet-128946.pdf?src-supplier=Future+Electronics"; VariantName = "[No Variations]"
Add component (AddParameter): Name = "ComponentLink14URL"; Value = "https://datasheet.octopart.com:443/C2012X7R1H104K085AA-TDK-datasheet-128946.pdf?src-supplier=Future+Electronics"; VariantName = "[No Variations]"
Add component (AddParameter): Name = "ComponentLink15Description"; Value = "https://datasheet.octopart.com:443/C2012X7R1H104K085AA-TDK-datasheet-11730548.pdf?src-supplier=Electro+Sonic"; VariantName = "[No Variations]"
Add component (AddParameter): Name = "ComponentLink15URL"; Value = "https://datasheet.octopart.com:443/C2012X7R1H104K085AA-TDK-datasheet-11730548.pdf?src-supplier=Electro+Sonic"; VariantName = "[No Variations]"
Add component (AddParameter): Name = "Composition"; Value = "Ceramic"; VariantName = "[No Variations]"
Add component (AddParameter): Name = "Depth"; Value = "1.25mm"; VariantName = "[No Variations]"
Add component (AddParameter): Name = "Dielectric"; Value = "X7R"; VariantName = "[No Variations]"
Add component (AddParameter): Name = "Dielectric Material"; Value = "Ceramic"; VariantName = "[No Variations]"
Add component (AddParameter): Name = "Export Control Classification Number (ECCN) Code"; Value = "EAR99"; VariantName = "[No Variations]"
Add component (AddParameter): Name = "Harmonized Tariff Schedule (HTS) Code"; Value = "8532.24.00.20"; VariantName = "[No Variations]"
Add component (AddParameter): Name = "Height"; Value = "850µm"; VariantName = "[No Variations]"
Add component (AddParameter): Name = "Introduction Date"; Value = "2012-08-21"; VariantName = "[No Variations]"
Add component (AddParameter): Name = "Lead Free"; Value = "Lead Free"; VariantName = "[No Variations]"
Add component (AddParameter): Name = "Length"; Value = "2mm"; VariantName = "[No Variations]"
Add component (AddParameter): Name = "Lifecycle Status"; Value = "NRND"; VariantName = "[No Variations]"
Add component (AddParameter): Name = "Manufacturer"; Value = "TDK"; VariantName = "[No Variations]"
Add component (AddParameter): Name = "Manufacturer Lifecycle Status"; Value = "PRODUCTION (NOT RECOMMENDED FOR NEW DESIGN)"; VariantName = "[No Variations]"
Add component (AddParameter): Name = "Manufacturer Part Number"; Value = "C2012X7R1H104K085AA"; VariantName = "[No Variations]"
Add component (AddParameter): Name = "Material"; Value = "Ceramic"; VariantName = "[No Variations]"
Add component (AddParameter): Name = "Max Length"; Value = "2.2mm"; VariantName = "[No Variations]"
Add component (AddParameter): Name = "Max Operating Temperature"; Value = "125°C"; VariantName = "[No Variations]"
Add component (AddParameter): Name = "Max Width"; Value = "1.45mm"; VariantName = "[No Variations]"
Add component (AddParameter): Name = "Min Length"; Value = "1.8mm"; VariantName = "[No Variations]"
Add component (AddParameter): Name = "Min Operating Temperature"; Value = "-55°C"; VariantName = "[No Variations]"
Add component (AddParameter): Name = "Min Width"; Value = "1.05mm"; VariantName = "[No Variations]"
Add component (AddParameter): Name = "Mounting Technology"; Value = "Surface Mount"; VariantName = "[No Variations]"
Add component (AddParameter): Name = "Number of Terminals"; Value = "2"; VariantName = "[No Variations]"
Add component (AddParameter): Name = "Pins"; Value = "2"; VariantName = "[No Variations]"
Add component (AddParameter): Name = "Pricing"; Value = "1=0.12, 10=0.069, 50=0.0482, 100=0.0418, 500=0.03104, 1000=0.02773 (USD)"; VariantName = "[No Variations]"
Add component (AddParameter): Name = "Radiation Hardening"; Value = "No"; VariantName = "[No Variations]"
Add component (AddParameter): Name = "REACH SVHC"; Value = "Yes"; VariantName = "[No Variations]"
Add component (AddParameter): Name = "RoHS"; Value = "Compliant"; VariantName = "[No Variations]"
Add component (AddParameter): Name = "Schedule B"; Value = "8532240020, 8532240020|8532240020|8532240020|8532240020|8532240020"; VariantName = "[No Variations]"
Add component (AddParameter): Name = "Stock"; Value = "478758"; VariantName = "[No Variations]"
Add component (AddParameter): Name = "Supplier"; Value = "DigiKey"; VariantName = "[No Variations]"
Add component (AddParameter): Name = "Supplier Part Number"; Value = "445-7534-1-ND"; VariantName = "[No Variations]"
Add component (AddParameter): Name = "Termination"; Value = "SMD/SMT"; VariantName = "[No Variations]"
Add component (AddParameter): Name = "Tolerance"; Value = "10%"; VariantName = "[No Variations]"
Add component (AddParameter): Name = "Value"; Value = "100nF"; VariantName = "[No Variations]"
Add component (AddParameter): Name = "Voltage"; Value = "50V"; VariantName = "[No Variations]"
Add component (AddParameter): Name = "Voltage Rating"; Value = "50V"; VariantName = "[No Variations]"
Add component (AddParameter): Name = "Voltage Rating (DC)"; Value = "50V"; VariantName = "[No Variations]"
Add component (AddParameter): Name = "Weight"; Value = "5.499807mg"; VariantName = "[No Variations]"
Add component (AddParameter): Name = "Width"; Value = "1.25mm"; VariantName = "[No Variations]"
Added Component: Designator=C34(C0805)
Add component (AddParameter): Name = "Case Code (Imperial)"; Value = "0805"; VariantName = "[No Variations]"
Add component (AddParameter): Name = "Case Code (Metric)"; Value = "2012"; VariantName = "[No Variations]"
Add component (AddParameter): Name = "Case/Package"; Value = "0805"; VariantName = "[No Variations]"
Add component (AddParameter): Name = "Category"; Value = "Ceramic Capacitors"; VariantName = "[No Variations]"
Add component (AddParameter): Name = "China RoHS"; Value = "Compliant"; VariantName = "[No Variations]"
Add component (AddParameter): Name = "ComponentLink1Description"; Value = "https://datasheet.octopart.com:443/C2012X5R1C106K085AC-TDK-datasheet-175423548.pdf?src-supplier=IHS"; VariantName = "[No Variations]"
Add component (AddParameter): Name = "ComponentLink1URL"; Value = "https://datasheet.octopart.com:443/C2012X5R1C106K085AC-TDK-datasheet-175423548.pdf?src-supplier=IHS"; VariantName = "[No Variations]"
Add component (AddParameter): Name = "ComponentLink2Description"; Value = "https://datasheet.octopart.com:443/C2012X5R1C106K085AC-TDK-datasheet-151546523.pdf?src-supplier=ODG+(Origin+Data+Global)"; VariantName = "[No Variations]"
Add component (AddParameter): Name = "ComponentLink2URL"; Value = "https://datasheet.octopart.com:443/C2012X5R1C106K085AC-TDK-datasheet-151546523.pdf?src-supplier=ODG+(Origin+Data+Global)"; VariantName = "[No Variations]"
Add component (AddParameter): Name = "ComponentLink3Description"; Value = "https://datasheet.octopart.com/C2012X5R1C106K085AC-TDK-datasheet-41194876.pdf"; VariantName = "[No Variations]"
Add component (AddParameter): Name = "ComponentLink3URL"; Value = "https://datasheet.octopart.com/C2012X5R1C106K085AC-TDK-datasheet-41194876.pdf"; VariantName = "[No Variations]"
Add component (AddParameter): Name = "ComponentLink4Description"; Value = "https://datasheet.octopart.com:443/C2012X5R1C106K085AC-TDK-datasheet-82475248.pdf?src-supplier=Newark"; VariantName = "[No Variations]"
Add component (AddParameter): Name = "ComponentLink4URL"; Value = "https://datasheet.octopart.com:443/C2012X5R1C106K085AC-TDK-datasheet-82475248.pdf?src-supplier=Newark"; VariantName = "[No Variations]"
Add component (AddParameter): Name = "ComponentLink5Description"; Value = "https://datasheet.octopart.com:443/C2012X5R1C106K085AC-TDK-datasheet-23766614.pdf?src-supplier=Newark"; VariantName = "[No Variations]"
Add component (AddParameter): Name = "ComponentLink5URL"; Value = "https://datasheet.octopart.com:443/C2012X5R1C106K085AC-TDK-datasheet-23766614.pdf?src-supplier=Newark"; VariantName = "[No Variations]"
Add component (AddParameter): Name = "ComponentLink6Description"; Value = "https://datasheet.octopart.com:443/C2012X5R1C106K085AC-TDK-datasheet-20681607.pdf?src-supplier=Newark"; VariantName = "[No Variations]"
Add component (AddParameter): Name = "ComponentLink6URL"; Value = "https://datasheet.octopart.com:443/C2012X5R1C106K085AC-TDK-datasheet-20681607.pdf?src-supplier=Newark"; VariantName = "[No Variations]"
Add component (AddParameter): Name = "ComponentLink7Description"; Value = "https://datasheet.octopart.com:443/C2012X5R1C106K085AC-TDK-datasheet-13444418.pdf?src-supplier=Newark"; VariantName = "[No Variations]"
Add component (AddParameter): Name = "ComponentLink7URL"; Value = "https://datasheet.octopart.com:443/C2012X5R1C106K085AC-TDK-datasheet-13444418.pdf?src-supplier=Newark"; VariantName = "[No Variations]"
Add component (AddParameter): Name = "ComponentLink8Description"; Value = "https://datasheet.octopart.com:443/C2012X5R1C106K085AC-TDK-datasheet-12509848.pdf?src-supplier=Future+Electronics"; VariantName = "[No Variations]"
Add component (AddParameter): Name = "ComponentLink8URL"; Value = "https://datasheet.octopart.com:443/C2012X5R1C106K085AC-TDK-datasheet-12509848.pdf?src-supplier=Future+Electronics"; VariantName = "[No Variations]"
Add component (AddParameter): Name = "ComponentLink9Description"; Value = "https://datasheet.octopart.com:443/C2012X5R1C106K085AC-TDK-datasheet-10978788.pdf?src-supplier=Future+Electronics"; VariantName = "[No Variations]"
Add component (AddParameter): Name = "ComponentLink9URL"; Value = "https://datasheet.octopart.com:443/C2012X5R1C106K085AC-TDK-datasheet-10978788.pdf?src-supplier=Future+Electronics"; VariantName = "[No Variations]"
Add component (AddParameter): Name = "ComponentLink10Description"; Value = "https://datasheet.octopart.com:443/C2012X5R1C106K085AC-TDK-datasheet-8852320.pdf?src-supplier=Future+Electronics"; VariantName = "[No Variations]"
Add component (AddParameter): Name = "ComponentLink10URL"; Value = "https://datasheet.octopart.com:443/C2012X5R1C106K085AC-TDK-datasheet-8852320.pdf?src-supplier=Future+Electronics"; VariantName = "[No Variations]"
Add component (AddParameter): Name = "ComponentLink11Description"; Value = "https://datasheet.octopart.com:443/C2012X5R1C106K085AC-TDK-datasheet-8359770.pdf?src-supplier=Future+Electronics"; VariantName = "[No Variations]"
Add component (AddParameter): Name = "ComponentLink11URL"; Value = "https://datasheet.octopart.com:443/C2012X5R1C106K085AC-TDK-datasheet-8359770.pdf?src-supplier=Future+Electronics"; VariantName = "[No Variations]"
Add component (AddParameter): Name = "ComponentLink12Description"; Value = "https://datasheet.octopart.com:443/C2012X5R1C106K085AC-TDK-datasheet-8324322.pdf?src-supplier=Future+Electronics"; VariantName = "[No Variations]"
Add component (AddParameter): Name = "ComponentLink12URL"; Value = "https://datasheet.octopart.com:443/C2012X5R1C106K085AC-TDK-datasheet-8324322.pdf?src-supplier=Future+Electronics"; VariantName = "[No Variations]"
Add component (AddParameter): Name = "ComponentLink13Description"; Value = "https://datasheet.octopart.com:443/C2012X5R1C106K085AC-TDK-datasheet-128946.pdf?src-supplier=Future+Electronics"; VariantName = "[No Variations]"
Add component (AddParameter): Name = "ComponentLink13URL"; Value = "https://datasheet.octopart.com:443/C2012X5R1C106K085AC-TDK-datasheet-128946.pdf?src-supplier=Future+Electronics"; VariantName = "[No Variations]"
Add component (AddParameter): Name = "Composition"; Value = "Ceramic"; VariantName = "[No Variations]"
Add component (AddParameter): Name = "Depth"; Value = "1.25mm"; VariantName = "[No Variations]"
Add component (AddParameter): Name = "Dielectric"; Value = "X5R"; VariantName = "[No Variations]"
Add component (AddParameter): Name = "Dielectric Material"; Value = "Ceramic"; VariantName = "[No Variations]"
Add component (AddParameter): Name = "Export Control Classification Number (ECCN) Code"; Value = "EAR99"; VariantName = "[No Variations]"
Add component (AddParameter): Name = "Harmonized Tariff Schedule (HTS) Code"; Value = "8532.24.00.20"; VariantName = "[No Variations]"
Add component (AddParameter): Name = "Height"; Value = "850µm"; VariantName = "[No Variations]"
Add component (AddParameter): Name = "Introduction Date"; Value = "2012-08-21"; VariantName = "[No Variations]"
Add component (AddParameter): Name = "Lead Free"; Value = "Lead Free"; VariantName = "[No Variations]"
Add component (AddParameter): Name = "Length"; Value = "2mm"; VariantName = "[No Variations]"
Add component (AddParameter): Name = "Lifecycle Status"; Value = "NRND"; VariantName = "[No Variations]"
Add component (AddParameter): Name = "Manufacturer"; Value = "TDK"; VariantName = "[No Variations]"
Add component (AddParameter): Name = "Manufacturer Lifecycle Status"; Value = "PRODUCTION (NOT RECOMMENDED FOR NEW DESIGN)"; VariantName = "[No Variations]"
Add component (AddParameter): Name = "Manufacturer Part Number"; Value = "C2012X5R1C106K085AC"; VariantName = "[No Variations]"
Add component (AddParameter): Name = "Material"; Value = "Ceramic"; VariantName = "[No Variations]"
Add component (AddParameter): Name = "Max Length"; Value = "2.2mm"; VariantName = "[No Variations]"
Add component (AddParameter): Name = "Max Operating Temperature"; Value = "85°C"; VariantName = "[No Variations]"
Add component (AddParameter): Name = "Max Width"; Value = "1.45mm"; VariantName = "[No Variations]"
Add component (AddParameter): Name = "Min Length"; Value = "1.8mm"; VariantName = "[No Variations]"
Add component (AddParameter): Name = "Min Operating Temperature"; Value = "-55°C"; VariantName = "[No Variations]"
Add component (AddParameter): Name = "Min Width"; Value = "1.05mm"; VariantName = "[No Variations]"
Add component (AddParameter): Name = "Mounting Technology"; Value = "Surface Mount"; VariantName = "[No Variations]"
Add component (AddParameter): Name = "Number of Terminals"; Value = "2"; VariantName = "[No Variations]"
Add component (AddParameter): Name = "Pins"; Value = "2"; VariantName = "[No Variations]"
Add component (AddParameter): Name = "Pricing"; Value = "1=0.21, 10=0.121, 50=0.0866, 100=0.076, 500=0.05824, 1000=0.05277 (USD)"; VariantName = "[No Variations]"
Add component (AddParameter): Name = "REACH SVHC"; Value = "Yes"; VariantName = "[No Variations]"
Add component (AddParameter): Name = "RoHS"; Value = "Compliant"; VariantName = "[No Variations]"
Add component (AddParameter): Name = "Schedule B"; Value = "8532240020, 8532240020|8532240020|8532240020|8532240020|8532240020"; VariantName = "[No Variations]"
Add component (AddParameter): Name = "Stock"; Value = "446443"; VariantName = "[No Variations]"
Add component (AddParameter): Name = "Supplier"; Value = "DigiKey"; VariantName = "[No Variations]"
Add component (AddParameter): Name = "Supplier Part Number"; Value = "445-7644-1-ND"; VariantName = "[No Variations]"
Add component (AddParameter): Name = "Termination"; Value = "SMD/SMT"; VariantName = "[No Variations]"
Add component (AddParameter): Name = "Tolerance"; Value = "10%"; VariantName = "[No Variations]"
Add component (AddParameter): Name = "Value"; Value = "10µF"; VariantName = "[No Variations]"
Add component (AddParameter): Name = "Voltage Rating"; Value = "16V"; VariantName = "[No Variations]"
Add component (AddParameter): Name = "Voltage Rating (DC)"; Value = "16V"; VariantName = "[No Variations]"
Add component (AddParameter): Name = "Weight"; Value = "5.499807mg"; VariantName = "[No Variations]"
Add component (AddParameter): Name = "Width"; Value = "1.25mm"; VariantName = "[No Variations]"
Added Component: Designator=D1(LED_0603 - green)
Add component (AddParameter): Name = "Category"; Value = "LEDs"; VariantName = "[No Variations]"
Add component (AddParameter): Name = "Manufacturer"; Value = "Osram"; VariantName = "[No Variations]"
Add component (AddParameter): Name = "Manufacturer Part Number"; Value = "LG L29K-G2J1-24-0-2-R18-Z"; VariantName = "[No Variations]"
Add component (AddParameter): Name = "Pricing"; Value = "1=0.33, 10=0.227, 100=0.1605, 500=0.13008, 1000=0.12004, 2000=0.11149 (USD)"; VariantName = "[No Variations]"
Add component (AddParameter): Name = "Stock"; Value = "574715"; VariantName = "[No Variations]"
Add component (AddParameter): Name = "Supplier"; Value = "DigiKey"; VariantName = "[No Variations]"
Add component (AddParameter): Name = "Supplier Part Number"; Value = "475-LGL29K-G2J1-24-0-2-R18-ZCT-ND"; VariantName = "[No Variations]"
Added Component: Designator=D5(SOD-323)
Add component (AddParameter): Name = "Average Rectified Current"; Value = "200mA"; VariantName = "[No Variations]"
Add component (AddParameter): Name = "Category"; Value = "Rectifier Diodes"; VariantName = "[No Variations]"
Add component (AddParameter): Name = "ComponentLink1Description"; Value = "https://datasheet.octopart.com:443/CUS520%2CH3F-Toshiba-datasheet-107241640.pdf?src-supplier=ODG+(Origin+Data+Global)"; VariantName = "[No Variations]"
Add component (AddParameter): Name = "ComponentLink1URL"; Value = "https://datasheet.octopart.com:443/CUS520%2CH3F-Toshiba-datasheet-107241640.pdf?src-supplier=ODG+(Origin+Data+Global)"; VariantName = "[No Variations]"
Add component (AddParameter): Name = "Contact Plating"; Value = "Silver, Tin"; VariantName = "[No Variations]"
Add component (AddParameter): Name = "Element Configuration"; Value = "Single"; VariantName = "[No Variations]"
Add component (AddParameter): Name = "Forward Current"; Value = "200mA"; VariantName = "[No Variations]"
Add component (AddParameter): Name = "Height"; Value = "1.15mm"; VariantName = "[No Variations]"
Add component (AddParameter): Name = "Lifecycle Status"; Value = "Production"; VariantName = "[No Variations]"
Add component (AddParameter): Name = "Manufacturer"; Value = "Toshiba"; VariantName = "[No Variations]"
Add component (AddParameter): Name = "Manufacturer Part Number"; Value = "CUS520,H3F"; VariantName = "[No Variations]"
Add component (AddParameter): Name = "Max Forward Surge Current (Ifsm)"; Value = "1A"; VariantName = "[No Variations]"
Add component (AddParameter): Name = "Max Junction Temperature (Tj)"; Value = "125°C"; VariantName = "[No Variations]"
Add component (AddParameter): Name = "Max Operating Temperature"; Value = "100°C"; VariantName = "[No Variations]"
Add component (AddParameter): Name = "Max Output current"; Value = "200mA"; VariantName = "[No Variations]"
Add component (AddParameter): Name = "Max Power Dissipation"; Value = "150mW"; VariantName = "[No Variations]"
Add component (AddParameter): Name = "Max Repetitive Reverse Voltage (Vrrm)"; Value = "30V"; VariantName = "[No Variations]"
Add component (AddParameter): Name = "Max Reverse Voltage (DC)"; Value = "30V"; VariantName = "[No Variations]"
Add component (AddParameter): Name = "Min Operating Temperature"; Value = "-40°C"; VariantName = "[No Variations]"
Add component (AddParameter): Name = "Mounting Technology"; Value = "Surface Mount"; VariantName = "[No Variations]"
Add component (AddParameter): Name = "Number of Elements"; Value = "1"; VariantName = "[No Variations]"
Add component (AddParameter): Name = "Number of Terminals"; Value = "2"; VariantName = "[No Variations]"
Add component (AddParameter): Name = "Packaging"; Value = "Tape & Reel (TR)"; VariantName = "[No Variations]"
Add component (AddParameter): Name = "Peak Non-Repetitive Surge Current"; Value = "1A"; VariantName = "[No Variations]"
Add component (AddParameter): Name = "Peak Reverse Current"; Value = "5µA"; VariantName = "[No Variations]"
Add component (AddParameter): Name = "Pins"; Value = "2"; VariantName = "[No Variations]"
Add component (AddParameter): Name = "Pricing"; Value = "1=0.19, 10=0.107, 100=0.0697, 500=0.05072, 1000=0.04457 (USD)"; VariantName = "[No Variations]"
Add component (AddParameter): Name = "REACH SVHC"; Value = "Yes"; VariantName = "[No Variations]"
Add component (AddParameter): Name = "Reverse Standoff Voltage"; Value = "30V"; VariantName = "[No Variations]"
Add component (AddParameter): Name = "Reverse Voltage"; Value = "30V"; VariantName = "[No Variations]"
Add component (AddParameter): Name = "RoHS"; Value = "Compliant"; VariantName = "[No Variations]"
Add component (AddParameter): Name = "Schedule B"; Value = "8541100070, 8541100070|8541100070|8541100070|8541100070|8541100070"; VariantName = "[No Variations]"
Add component (AddParameter): Name = "Stock"; Value = "620781"; VariantName = "[No Variations]"
Add component (AddParameter): Name = "Supplier"; Value = "DigiKey"; VariantName = "[No Variations]"
Add component (AddParameter): Name = "Supplier Part Number"; Value = "CUS520H3FCT-ND"; VariantName = "[No Variations]"
Add component (AddParameter): Name = "Value"; Value = "17pF"; VariantName = "[No Variations]"
Added Component: Designator=D6(SOD-323)
Add component (AddParameter): Name = "Average Rectified Current"; Value = "200mA"; VariantName = "[No Variations]"
Add component (AddParameter): Name = "Category"; Value = "Rectifier Diodes"; VariantName = "[No Variations]"
Add component (AddParameter): Name = "ComponentLink1Description"; Value = "https://datasheet.octopart.com:443/CUS520%2CH3F-Toshiba-datasheet-107241640.pdf?src-supplier=ODG+(Origin+Data+Global)"; VariantName = "[No Variations]"
Add component (AddParameter): Name = "ComponentLink1URL"; Value = "https://datasheet.octopart.com:443/CUS520%2CH3F-Toshiba-datasheet-107241640.pdf?src-supplier=ODG+(Origin+Data+Global)"; VariantName = "[No Variations]"
Add component (AddParameter): Name = "Contact Plating"; Value = "Silver, Tin"; VariantName = "[No Variations]"
Add component (AddParameter): Name = "Element Configuration"; Value = "Single"; VariantName = "[No Variations]"
Add component (AddParameter): Name = "Forward Current"; Value = "200mA"; VariantName = "[No Variations]"
Add component (AddParameter): Name = "Height"; Value = "1.15mm"; VariantName = "[No Variations]"
Add component (AddParameter): Name = "Lifecycle Status"; Value = "Production"; VariantName = "[No Variations]"
Add component (AddParameter): Name = "Manufacturer"; Value = "Toshiba"; VariantName = "[No Variations]"
Add component (AddParameter): Name = "Manufacturer Part Number"; Value = "CUS520,H3F"; VariantName = "[No Variations]"
Add component (AddParameter): Name = "Max Forward Surge Current (Ifsm)"; Value = "1A"; VariantName = "[No Variations]"
Add component (AddParameter): Name = "Max Junction Temperature (Tj)"; Value = "125°C"; VariantName = "[No Variations]"
Add component (AddParameter): Name = "Max Operating Temperature"; Value = "100°C"; VariantName = "[No Variations]"
Add component (AddParameter): Name = "Max Output current"; Value = "200mA"; VariantName = "[No Variations]"
Add component (AddParameter): Name = "Max Power Dissipation"; Value = "150mW"; VariantName = "[No Variations]"
Add component (AddParameter): Name = "Max Repetitive Reverse Voltage (Vrrm)"; Value = "30V"; VariantName = "[No Variations]"
Add component (AddParameter): Name = "Max Reverse Voltage (DC)"; Value = "30V"; VariantName = "[No Variations]"
Add component (AddParameter): Name = "Min Operating Temperature"; Value = "-40°C"; VariantName = "[No Variations]"
Add component (AddParameter): Name = "Mounting Technology"; Value = "Surface Mount"; VariantName = "[No Variations]"
Add component (AddParameter): Name = "Number of Elements"; Value = "1"; VariantName = "[No Variations]"
Add component (AddParameter): Name = "Number of Terminals"; Value = "2"; VariantName = "[No Variations]"
Add component (AddParameter): Name = "Packaging"; Value = "Tape & Reel (TR)"; VariantName = "[No Variations]"
Add component (AddParameter): Name = "Peak Non-Repetitive Surge Current"; Value = "1A"; VariantName = "[No Variations]"
Add component (AddParameter): Name = "Peak Reverse Current"; Value = "5µA"; VariantName = "[No Variations]"
Add component (AddParameter): Name = "Pins"; Value = "2"; VariantName = "[No Variations]"
Add component (AddParameter): Name = "Pricing"; Value = "1=0.19, 10=0.107, 100=0.0697, 500=0.05072, 1000=0.04457 (USD)"; VariantName = "[No Variations]"
Add component (AddParameter): Name = "REACH SVHC"; Value = "Yes"; VariantName = "[No Variations]"
Add component (AddParameter): Name = "Reverse Standoff Voltage"; Value = "30V"; VariantName = "[No Variations]"
Add component (AddParameter): Name = "Reverse Voltage"; Value = "30V"; VariantName = "[No Variations]"
Add component (AddParameter): Name = "RoHS"; Value = "Compliant"; VariantName = "[No Variations]"
Add component (AddParameter): Name = "Schedule B"; Value = "8541100070, 8541100070|8541100070|8541100070|8541100070|8541100070"; VariantName = "[No Variations]"
Add component (AddParameter): Name = "Stock"; Value = "620781"; VariantName = "[No Variations]"
Add component (AddParameter): Name = "Supplier"; Value = "DigiKey"; VariantName = "[No Variations]"
Add component (AddParameter): Name = "Supplier Part Number"; Value = "CUS520H3FCT-ND"; VariantName = "[No Variations]"
Add component (AddParameter): Name = "Value"; Value = "17pF"; VariantName = "[No Variations]"
Added Component: Designator=FB1(C0805)
Add component (AddParameter): Name = "Case Code (Imperial)"; Value = "0805"; VariantName = "[No Variations]"
Add component (AddParameter): Name = "Case Code (Metric)"; Value = "2012"; VariantName = "[No Variations]"
Add component (AddParameter): Name = "Case/Package"; Value = "0805"; VariantName = "[No Variations]"
Add component (AddParameter): Name = "Category"; Value = "Ferrite Beads and Chips"; VariantName = "[No Variations]"
Add component (AddParameter): Name = "China RoHS"; Value = "Compliant"; VariantName = "[No Variations]"
Add component (AddParameter): Name = "ComponentLink1Description"; Value = "https://datasheet.octopart.com:443/MPZ2012S601ATD25-TDK-datasheet-181268484.pdf?src-supplier=IHS"; VariantName = "[No Variations]"
Add component (AddParameter): Name = "ComponentLink1URL"; Value = "https://datasheet.octopart.com:443/MPZ2012S601ATD25-TDK-datasheet-181268484.pdf?src-supplier=IHS"; VariantName = "[No Variations]"
Add component (AddParameter): Name = "ComponentLink2Description"; Value = "https://datasheet.octopart.com:443/MPZ2012S601ATD25-TDK-datasheet-56871343.pdf?src-supplier=Upverter"; VariantName = "[No Variations]"
Add component (AddParameter): Name = "ComponentLink2URL"; Value = "https://datasheet.octopart.com:443/MPZ2012S601ATD25-TDK-datasheet-56871343.pdf?src-supplier=Upverter"; VariantName = "[No Variations]"
Add component (AddParameter): Name = "ComponentLink3Description"; Value = "https://datasheet.octopart.com:443/MPZ2012S601ATD25-TDK-datasheet-155380321.pdf?src-supplier=TDK"; VariantName = "[No Variations]"
Add component (AddParameter): Name = "ComponentLink3URL"; Value = "https://datasheet.octopart.com:443/MPZ2012S601ATD25-TDK-datasheet-155380321.pdf?src-supplier=TDK"; VariantName = "[No Variations]"
Add component (AddParameter): Name = "ComponentLink4Description"; Value = "https://datasheet.octopart.com:443/MPZ2012S601ATD25-TDK-datasheet-99917311.pdf?src-supplier=Farnell"; VariantName = "[No Variations]"
Add component (AddParameter): Name = "ComponentLink4URL"; Value = "https://datasheet.octopart.com:443/MPZ2012S601ATD25-TDK-datasheet-99917311.pdf?src-supplier=Farnell"; VariantName = "[No Variations]"
Add component (AddParameter): Name = "ComponentLink5Description"; Value = "https://datasheet.octopart.com:443/MPZ2012S601ATD25-TDK-datasheet-45032850.pdf?src-supplier=Future+Electronics"; VariantName = "[No Variations]"
Add component (AddParameter): Name = "ComponentLink5URL"; Value = "https://datasheet.octopart.com:443/MPZ2012S601ATD25-TDK-datasheet-45032850.pdf?src-supplier=Future+Electronics"; VariantName = "[No Variations]"
Add component (AddParameter): Name = "Core Material"; Value = "Ferrite"; VariantName = "[No Variations]"
Add component (AddParameter): Name = "Current Rating"; Value = "2A"; VariantName = "[No Variations]"
Add component (AddParameter): Name = "DC Resistance (DCR)"; Value = "100mO"; VariantName = "[No Variations]"
Add component (AddParameter): Name = "ESR"; Value = "100mO"; VariantName = "[No Variations]"
Add component (AddParameter): Name = "Export Control Classification Number (ECCN) Code"; Value = "EAR99"; VariantName = "[No Variations]"
Add component (AddParameter): Name = "Harmonized Tariff Schedule (HTS) Code"; Value = "8504.50.80.00"; VariantName = "[No Variations]"
Add component (AddParameter): Name = "Height"; Value = "850µm"; VariantName = "[No Variations]"
Add component (AddParameter): Name = "Impedance"; Value = "600O"; VariantName = "[No Variations]"
Add component (AddParameter): Name = "Introduction Date"; Value = "2013-12-04"; VariantName = "[No Variations]"
Add component (AddParameter): Name = "Lead Free"; Value = "Lead Free"; VariantName = "[No Variations]"
Add component (AddParameter): Name = "Length"; Value = "2mm"; VariantName = "[No Variations]"
Add component (AddParameter): Name = "Lifecycle Status"; Value = "Production"; VariantName = "[No Variations]"
Add component (AddParameter): Name = "Manufacturer"; Value = "TDK"; VariantName = "[No Variations]"
Add component (AddParameter): Name = "Manufacturer Lifecycle Status"; Value = "PRODUCTION"; VariantName = "[No Variations]"
Add component (AddParameter): Name = "Manufacturer Part Number"; Value = "MPZ2012S601ATD25"; VariantName = "[No Variations]"
Add component (AddParameter): Name = "Max Current Rating"; Value = "2A"; VariantName = "[No Variations]"
Add component (AddParameter): Name = "Max DC Current"; Value = "2A"; VariantName = "[No Variations]"
Add component (AddParameter): Name = "Max Length"; Value = "2.2mm"; VariantName = "[No Variations]"
Add component (AddParameter): Name = "Max Operating Temperature"; Value = "125°C"; VariantName = "[No Variations]"
Add component (AddParameter): Name = "Max Width"; Value = "1.45mm"; VariantName = "[No Variations]"
Add component (AddParameter): Name = "Min Length"; Value = "1.8mm"; VariantName = "[No Variations]"
Add component (AddParameter): Name = "Min Operating Temperature"; Value = "-55°C"; VariantName = "[No Variations]"
Add component (AddParameter): Name = "Min Width"; Value = "1.05mm"; VariantName = "[No Variations]"
Add component (AddParameter): Name = "Mounting Technology"; Value = "Surface Mount"; VariantName = "[No Variations]"
Add component (AddParameter): Name = "Number of Circuits"; Value = "1"; VariantName = "[No Variations]"
Add component (AddParameter): Name = "Number of Lines"; Value = "1"; VariantName = "[No Variations]"
Add component (AddParameter): Name = "Number of Terminals"; Value = "2"; VariantName = "[No Variations]"
Add component (AddParameter): Name = "Packaging"; Value = "Cut Tape (CT)"; VariantName = "[No Variations]"
Add component (AddParameter): Name = "Pricing"; Value = "1=0.12, 10=0.082, 25=0.0712, 50=0.064, 100=0.0573, 250=0.04928, 500=0.04374, 1000=0.03864 (USD)"; VariantName = "[No Variations]"
Add component (AddParameter): Name = "Ratings"; Value = "AEC-Q200"; VariantName = "[No Variations]"
Add component (AddParameter): Name = "REACH SVHC"; Value = "Yes"; VariantName = "[No Variations]"
Add component (AddParameter): Name = "RMS Current (Irms)"; Value = "2A"; VariantName = "[No Variations]"
Add component (AddParameter): Name = "RoHS"; Value = "Compliant"; VariantName = "[No Variations]"
Add component (AddParameter): Name = "Schedule B"; Value = "8504500000, 8504500000|8504500000|8504500000|8504500000|8504500000"; VariantName = "[No Variations]"
Add component (AddParameter): Name = "Stock"; Value = "52789"; VariantName = "[No Variations]"
Add component (AddParameter): Name = "Supplier"; Value = "DigiKey"; VariantName = "[No Variations]"
Add component (AddParameter): Name = "Supplier Part Number"; Value = "445-MPZ2012S601ATD25CT-ND"; VariantName = "[No Variations]"
Add component (AddParameter): Name = "Termination"; Value = "SMD/SMT"; VariantName = "[No Variations]"
Add component (AddParameter): Name = "Test Frequency"; Value = "100MHz"; VariantName = "[No Variations]"
Add component (AddParameter): Name = "Tolerance"; Value = "25%"; VariantName = "[No Variations]"
Add component (AddParameter): Name = "Value"; Value = "100mO"; VariantName = "[No Variations]"
Add component (AddParameter): Name = "Weight"; Value = "5.499807mg"; VariantName = "[No Variations]"
Add component (AddParameter): Name = "Width"; Value = "1.25mm"; VariantName = "[No Variations]"
Added Component: Designator=FB2(C0805)
Add component (AddParameter): Name = "Case Code (Imperial)"; Value = "0805"; VariantName = "[No Variations]"
Add component (AddParameter): Name = "Case Code (Metric)"; Value = "2012"; VariantName = "[No Variations]"
Add component (AddParameter): Name = "Case/Package"; Value = "0805"; VariantName = "[No Variations]"
Add component (AddParameter): Name = "Category"; Value = "Ferrite Beads and Chips"; VariantName = "[No Variations]"
Add component (AddParameter): Name = "China RoHS"; Value = "Compliant"; VariantName = "[No Variations]"
Add component (AddParameter): Name = "ComponentLink1Description"; Value = "https://datasheet.octopart.com:443/MPZ2012S601ATD25-TDK-datasheet-181268484.pdf?src-supplier=IHS"; VariantName = "[No Variations]"
Add component (AddParameter): Name = "ComponentLink1URL"; Value = "https://datasheet.octopart.com:443/MPZ2012S601ATD25-TDK-datasheet-181268484.pdf?src-supplier=IHS"; VariantName = "[No Variations]"
Add component (AddParameter): Name = "ComponentLink2Description"; Value = "https://datasheet.octopart.com:443/MPZ2012S601ATD25-TDK-datasheet-56871343.pdf?src-supplier=Upverter"; VariantName = "[No Variations]"
Add component (AddParameter): Name = "ComponentLink2URL"; Value = "https://datasheet.octopart.com:443/MPZ2012S601ATD25-TDK-datasheet-56871343.pdf?src-supplier=Upverter"; VariantName = "[No Variations]"
Add component (AddParameter): Name = "ComponentLink3Description"; Value = "https://datasheet.octopart.com:443/MPZ2012S601ATD25-TDK-datasheet-155380321.pdf?src-supplier=TDK"; VariantName = "[No Variations]"
Add component (AddParameter): Name = "ComponentLink3URL"; Value = "https://datasheet.octopart.com:443/MPZ2012S601ATD25-TDK-datasheet-155380321.pdf?src-supplier=TDK"; VariantName = "[No Variations]"
Add component (AddParameter): Name = "ComponentLink4Description"; Value = "https://datasheet.octopart.com:443/MPZ2012S601ATD25-TDK-datasheet-99917311.pdf?src-supplier=Farnell"; VariantName = "[No Variations]"
Add component (AddParameter): Name = "ComponentLink4URL"; Value = "https://datasheet.octopart.com:443/MPZ2012S601ATD25-TDK-datasheet-99917311.pdf?src-supplier=Farnell"; VariantName = "[No Variations]"
Add component (AddParameter): Name = "ComponentLink5Description"; Value = "https://datasheet.octopart.com:443/MPZ2012S601ATD25-TDK-datasheet-45032850.pdf?src-supplier=Future+Electronics"; VariantName = "[No Variations]"
Add component (AddParameter): Name = "ComponentLink5URL"; Value = "https://datasheet.octopart.com:443/MPZ2012S601ATD25-TDK-datasheet-45032850.pdf?src-supplier=Future+Electronics"; VariantName = "[No Variations]"
Add component (AddParameter): Name = "Core Material"; Value = "Ferrite"; VariantName = "[No Variations]"
Add component (AddParameter): Name = "Current Rating"; Value = "2A"; VariantName = "[No Variations]"
Add component (AddParameter): Name = "DC Resistance (DCR)"; Value = "100mO"; VariantName = "[No Variations]"
Add component (AddParameter): Name = "ESR"; Value = "100mO"; VariantName = "[No Variations]"
Add component (AddParameter): Name = "Export Control Classification Number (ECCN) Code"; Value = "EAR99"; VariantName = "[No Variations]"
Add component (AddParameter): Name = "Harmonized Tariff Schedule (HTS) Code"; Value = "8504.50.80.00"; VariantName = "[No Variations]"
Add component (AddParameter): Name = "Height"; Value = "850µm"; VariantName = "[No Variations]"
Add component (AddParameter): Name = "Impedance"; Value = "600O"; VariantName = "[No Variations]"
Add component (AddParameter): Name = "Introduction Date"; Value = "2013-12-04"; VariantName = "[No Variations]"
Add component (AddParameter): Name = "Lead Free"; Value = "Lead Free"; VariantName = "[No Variations]"
Add component (AddParameter): Name = "Length"; Value = "2mm"; VariantName = "[No Variations]"
Add component (AddParameter): Name = "Lifecycle Status"; Value = "Production"; VariantName = "[No Variations]"
Add component (AddParameter): Name = "Manufacturer"; Value = "TDK"; VariantName = "[No Variations]"
Add component (AddParameter): Name = "Manufacturer Lifecycle Status"; Value = "PRODUCTION"; VariantName = "[No Variations]"
Add component (AddParameter): Name = "Manufacturer Part Number"; Value = "MPZ2012S601ATD25"; VariantName = "[No Variations]"
Add component (AddParameter): Name = "Max Current Rating"; Value = "2A"; VariantName = "[No Variations]"
Add component (AddParameter): Name = "Max DC Current"; Value = "2A"; VariantName = "[No Variations]"
Add component (AddParameter): Name = "Max Length"; Value = "2.2mm"; VariantName = "[No Variations]"
Add component (AddParameter): Name = "Max Operating Temperature"; Value = "125°C"; VariantName = "[No Variations]"
Add component (AddParameter): Name = "Max Width"; Value = "1.45mm"; VariantName = "[No Variations]"
Add component (AddParameter): Name = "Min Length"; Value = "1.8mm"; VariantName = "[No Variations]"
Add component (AddParameter): Name = "Min Operating Temperature"; Value = "-55°C"; VariantName = "[No Variations]"
Add component (AddParameter): Name = "Min Width"; Value = "1.05mm"; VariantName = "[No Variations]"
Add component (AddParameter): Name = "Mounting Technology"; Value = "Surface Mount"; VariantName = "[No Variations]"
Add component (AddParameter): Name = "Number of Circuits"; Value = "1"; VariantName = "[No Variations]"
Add component (AddParameter): Name = "Number of Lines"; Value = "1"; VariantName = "[No Variations]"
Add component (AddParameter): Name = "Number of Terminals"; Value = "2"; VariantName = "[No Variations]"
Add component (AddParameter): Name = "Packaging"; Value = "Cut Tape (CT)"; VariantName = "[No Variations]"
Add component (AddParameter): Name = "Pricing"; Value = "1=0.12, 10=0.082, 25=0.0712, 50=0.064, 100=0.0573, 250=0.04928, 500=0.04374, 1000=0.03864 (USD)"; VariantName = "[No Variations]"
Add component (AddParameter): Name = "Ratings"; Value = "AEC-Q200"; VariantName = "[No Variations]"
Add component (AddParameter): Name = "REACH SVHC"; Value = "Yes"; VariantName = "[No Variations]"
Add component (AddParameter): Name = "RMS Current (Irms)"; Value = "2A"; VariantName = "[No Variations]"
Add component (AddParameter): Name = "RoHS"; Value = "Compliant"; VariantName = "[No Variations]"
Add component (AddParameter): Name = "Schedule B"; Value = "8504500000, 8504500000|8504500000|8504500000|8504500000|8504500000"; VariantName = "[No Variations]"
Add component (AddParameter): Name = "Stock"; Value = "52789"; VariantName = "[No Variations]"
Add component (AddParameter): Name = "Supplier"; Value = "DigiKey"; VariantName = "[No Variations]"
Add component (AddParameter): Name = "Supplier Part Number"; Value = "445-MPZ2012S601ATD25CT-ND"; VariantName = "[No Variations]"
Add component (AddParameter): Name = "Termination"; Value = "SMD/SMT"; VariantName = "[No Variations]"
Add component (AddParameter): Name = "Test Frequency"; Value = "100MHz"; VariantName = "[No Variations]"
Add component (AddParameter): Name = "Tolerance"; Value = "25%"; VariantName = "[No Variations]"
Add component (AddParameter): Name = "Value"; Value = "100mO"; VariantName = "[No Variations]"
Add component (AddParameter): Name = "Weight"; Value = "5.499807mg"; VariantName = "[No Variations]"
Add component (AddParameter): Name = "Width"; Value = "1.25mm"; VariantName = "[No Variations]"
Added Component: Designator=FB3(C0805)
Add component (AddParameter): Name = "Case Code (Imperial)"; Value = "0805"; VariantName = "[No Variations]"
Add component (AddParameter): Name = "Case Code (Metric)"; Value = "2012"; VariantName = "[No Variations]"
Add component (AddParameter): Name = "Case/Package"; Value = "0805"; VariantName = "[No Variations]"
Add component (AddParameter): Name = "Category"; Value = "Ferrite Beads and Chips"; VariantName = "[No Variations]"
Add component (AddParameter): Name = "China RoHS"; Value = "Compliant"; VariantName = "[No Variations]"
Add component (AddParameter): Name = "ComponentLink1Description"; Value = "https://datasheet.octopart.com:443/MPZ2012S601ATD25-TDK-datasheet-181268484.pdf?src-supplier=IHS"; VariantName = "[No Variations]"
Add component (AddParameter): Name = "ComponentLink1URL"; Value = "https://datasheet.octopart.com:443/MPZ2012S601ATD25-TDK-datasheet-181268484.pdf?src-supplier=IHS"; VariantName = "[No Variations]"
Add component (AddParameter): Name = "ComponentLink2Description"; Value = "https://datasheet.octopart.com:443/MPZ2012S601ATD25-TDK-datasheet-56871343.pdf?src-supplier=Upverter"; VariantName = "[No Variations]"
Add component (AddParameter): Name = "ComponentLink2URL"; Value = "https://datasheet.octopart.com:443/MPZ2012S601ATD25-TDK-datasheet-56871343.pdf?src-supplier=Upverter"; VariantName = "[No Variations]"
Add component (AddParameter): Name = "ComponentLink3Description"; Value = "https://datasheet.octopart.com:443/MPZ2012S601ATD25-TDK-datasheet-155380321.pdf?src-supplier=TDK"; VariantName = "[No Variations]"
Add component (AddParameter): Name = "ComponentLink3URL"; Value = "https://datasheet.octopart.com:443/MPZ2012S601ATD25-TDK-datasheet-155380321.pdf?src-supplier=TDK"; VariantName = "[No Variations]"
Add component (AddParameter): Name = "ComponentLink4Description"; Value = "https://datasheet.octopart.com:443/MPZ2012S601ATD25-TDK-datasheet-99917311.pdf?src-supplier=Farnell"; VariantName = "[No Variations]"
Add component (AddParameter): Name = "ComponentLink4URL"; Value = "https://datasheet.octopart.com:443/MPZ2012S601ATD25-TDK-datasheet-99917311.pdf?src-supplier=Farnell"; VariantName = "[No Variations]"
Add component (AddParameter): Name = "ComponentLink5Description"; Value = "https://datasheet.octopart.com:443/MPZ2012S601ATD25-TDK-datasheet-45032850.pdf?src-supplier=Future+Electronics"; VariantName = "[No Variations]"
Add component (AddParameter): Name = "ComponentLink5URL"; Value = "https://datasheet.octopart.com:443/MPZ2012S601ATD25-TDK-datasheet-45032850.pdf?src-supplier=Future+Electronics"; VariantName = "[No Variations]"
Add component (AddParameter): Name = "Core Material"; Value = "Ferrite"; VariantName = "[No Variations]"
Add component (AddParameter): Name = "Current Rating"; Value = "2A"; VariantName = "[No Variations]"
Add component (AddParameter): Name = "DC Resistance (DCR)"; Value = "100mO"; VariantName = "[No Variations]"
Add component (AddParameter): Name = "ESR"; Value = "100mO"; VariantName = "[No Variations]"
Add component (AddParameter): Name = "Export Control Classification Number (ECCN) Code"; Value = "EAR99"; VariantName = "[No Variations]"
Add component (AddParameter): Name = "Harmonized Tariff Schedule (HTS) Code"; Value = "8504.50.80.00"; VariantName = "[No Variations]"
Add component (AddParameter): Name = "Height"; Value = "850µm"; VariantName = "[No Variations]"
Add component (AddParameter): Name = "Impedance"; Value = "600O"; VariantName = "[No Variations]"
Add component (AddParameter): Name = "Introduction Date"; Value = "2013-12-04"; VariantName = "[No Variations]"
Add component (AddParameter): Name = "Lead Free"; Value = "Lead Free"; VariantName = "[No Variations]"
Add component (AddParameter): Name = "Length"; Value = "2mm"; VariantName = "[No Variations]"
Add component (AddParameter): Name = "Lifecycle Status"; Value = "Production"; VariantName = "[No Variations]"
Add component (AddParameter): Name = "Manufacturer"; Value = "TDK"; VariantName = "[No Variations]"
Add component (AddParameter): Name = "Manufacturer Lifecycle Status"; Value = "PRODUCTION"; VariantName = "[No Variations]"
Add component (AddParameter): Name = "Manufacturer Part Number"; Value = "MPZ2012S601ATD25"; VariantName = "[No Variations]"
Add component (AddParameter): Name = "Max Current Rating"; Value = "2A"; VariantName = "[No Variations]"
Add component (AddParameter): Name = "Max DC Current"; Value = "2A"; VariantName = "[No Variations]"
Add component (AddParameter): Name = "Max Length"; Value = "2.2mm"; VariantName = "[No Variations]"
Add component (AddParameter): Name = "Max Operating Temperature"; Value = "125°C"; VariantName = "[No Variations]"
Add component (AddParameter): Name = "Max Width"; Value = "1.45mm"; VariantName = "[No Variations]"
Add component (AddParameter): Name = "Min Length"; Value = "1.8mm"; VariantName = "[No Variations]"
Add component (AddParameter): Name = "Min Operating Temperature"; Value = "-55°C"; VariantName = "[No Variations]"
Add component (AddParameter): Name = "Min Width"; Value = "1.05mm"; VariantName = "[No Variations]"
Add component (AddParameter): Name = "Mounting Technology"; Value = "Surface Mount"; VariantName = "[No Variations]"
Add component (AddParameter): Name = "Number of Circuits"; Value = "1"; VariantName = "[No Variations]"
Add component (AddParameter): Name = "Number of Lines"; Value = "1"; VariantName = "[No Variations]"
Add component (AddParameter): Name = "Number of Terminals"; Value = "2"; VariantName = "[No Variations]"
Add component (AddParameter): Name = "Packaging"; Value = "Cut Tape (CT)"; VariantName = "[No Variations]"
Add component (AddParameter): Name = "Pricing"; Value = "1=0.12, 10=0.082, 25=0.0712, 50=0.064, 100=0.0573, 250=0.04928, 500=0.04374, 1000=0.03864 (USD)"; VariantName = "[No Variations]"
Add component (AddParameter): Name = "Ratings"; Value = "AEC-Q200"; VariantName = "[No Variations]"
Add component (AddParameter): Name = "REACH SVHC"; Value = "Yes"; VariantName = "[No Variations]"
Add component (AddParameter): Name = "RMS Current (Irms)"; Value = "2A"; VariantName = "[No Variations]"
Add component (AddParameter): Name = "RoHS"; Value = "Compliant"; VariantName = "[No Variations]"
Add component (AddParameter): Name = "Schedule B"; Value = "8504500000, 8504500000|8504500000|8504500000|8504500000|8504500000"; VariantName = "[No Variations]"
Add component (AddParameter): Name = "Stock"; Value = "52789"; VariantName = "[No Variations]"
Add component (AddParameter): Name = "Supplier"; Value = "DigiKey"; VariantName = "[No Variations]"
Add component (AddParameter): Name = "Supplier Part Number"; Value = "445-MPZ2012S601ATD25CT-ND"; VariantName = "[No Variations]"
Add component (AddParameter): Name = "Termination"; Value = "SMD/SMT"; VariantName = "[No Variations]"
Add component (AddParameter): Name = "Test Frequency"; Value = "100MHz"; VariantName = "[No Variations]"
Add component (AddParameter): Name = "Tolerance"; Value = "25%"; VariantName = "[No Variations]"
Add component (AddParameter): Name = "Value"; Value = "100mO"; VariantName = "[No Variations]"
Add component (AddParameter): Name = "Weight"; Value = "5.499807mg"; VariantName = "[No Variations]"
Add component (AddParameter): Name = "Width"; Value = "1.25mm"; VariantName = "[No Variations]"
Added Component: Designator=J1(HDR FEMALE 2.54mm 1x8)
Add component (AddParameter): Name = "Case/Package"; Value = "SIL"; VariantName = "[No Variations]"
Add component (AddParameter): Name = "Category"; Value = "Card Edge Connectors"; VariantName = "[No Variations]"
Add component (AddParameter): Name = "Color"; Value = "Black"; VariantName = "[No Variations]"
Add component (AddParameter): Name = "ComponentLink1Description"; Value = "https://datasheet.octopart.com:443/M20-7820842-Harwin-datasheet-176383844.pdf?src-supplier=Newark"; VariantName = "[No Variations]"
Add component (AddParameter): Name = "ComponentLink1URL"; Value = "https://datasheet.octopart.com:443/M20-7820842-Harwin-datasheet-176383844.pdf?src-supplier=Newark"; VariantName = "[No Variations]"
Add component (AddParameter): Name = "ComponentLink2Description"; Value = "https://datasheet.octopart.com:443/M20-7820842-Harwin-datasheet-99119574.pdf?src-supplier=HQonline"; VariantName = "[No Variations]"
Add component (AddParameter): Name = "ComponentLink2URL"; Value = "https://datasheet.octopart.com:443/M20-7820842-Harwin-datasheet-99119574.pdf?src-supplier=HQonline"; VariantName = "[No Variations]"
Add component (AddParameter): Name = "ComponentLink3Description"; Value = "http://sigma.octopart.com:80/15888290/rohs_statement/Harwin-M20-7820842.pdf?src-supplier=Compliance+Statements"; VariantName = "[No Variations]"
Add component (AddParameter): Name = "ComponentLink3URL"; Value = "http://sigma.octopart.com:80/15888290/rohs_statement/Harwin-M20-7820842.pdf?src-supplier=Compliance+Statements"; VariantName = "[No Variations]"
Add component (AddParameter): Name = "Connector Type"; Value = "Receptacle, Socket"; VariantName = "[No Variations]"
Add component (AddParameter): Name = "Contact Gender"; Value = "Female"; VariantName = "[No Variations]"
Add component (AddParameter): Name = "Contact Material"; Value = "Bronze"; VariantName = "[No Variations]"
Add component (AddParameter): Name = "Contact Plating"; Value = "Gold, Tin"; VariantName = "[No Variations]"
Add component (AddParameter): Name = "Contact Resistance"; Value = "20mO"; VariantName = "[No Variations]"
Add component (AddParameter): Name = "Country of Origin"; Value = "Mainland China"; VariantName = "[No Variations]"
Add component (AddParameter): Name = "Current Rating"; Value = "3A"; VariantName = "[No Variations]"
Add component (AddParameter): Name = "Depth"; Value = "2.5mm"; VariantName = "[No Variations]"
Add component (AddParameter): Name = "Dielectric Material"; Value = "Polyamide"; VariantName = "[No Variations]"
Add component (AddParameter): Name = "Export Control Classification Number (ECCN) Code"; Value = "EAR99"; VariantName = "[No Variations]"
Add component (AddParameter): Name = "Gender"; Value = "Female"; VariantName = "[No Variations]"
Add component (AddParameter): Name = "Harmonized Tariff Schedule (HTS) Code"; Value = "8536.69.40.40"; VariantName = "[No Variations]"
Add component (AddParameter): Name = "Housing Color"; Value = "Black"; VariantName = "[No Variations]"
Add component (AddParameter): Name = "Housing Material"; Value = "Polyamide"; VariantName = "[No Variations]"
Add component (AddParameter): Name = "Insulation Resistance"; Value = "1GO"; VariantName = "[No Variations]"
Add component (AddParameter): Name = "Introduction Date"; Value = "2005-06-27"; VariantName = "[No Variations]"
Add component (AddParameter): Name = "Length"; Value = "20.72mm"; VariantName = "[No Variations]"
Add component (AddParameter): Name = "Lifecycle Status"; Value = "Production"; VariantName = "[No Variations]"
Add component (AddParameter): Name = "Manufacturer"; Value = "Harwin"; VariantName = "[No Variations]"
Add component (AddParameter): Name = "Manufacturer Part Number"; Value = "M20-7820842"; VariantName = "[No Variations]"
Add component (AddParameter): Name = "Max Current Rating"; Value = "3A"; VariantName = "[No Variations]"
Add component (AddParameter): Name = "Max Operating Temperature"; Value = "105°C"; VariantName = "[No Variations]"
Add component (AddParameter): Name = "Min Operating Temperature"; Value = "-40°C"; VariantName = "[No Variations]"
Add component (AddParameter): Name = "Mounting Technology"; Value = "Through Hole"; VariantName = "[No Variations]"
Add component (AddParameter): Name = "Number of Contacts"; Value = "8"; VariantName = "[No Variations]"
Add component (AddParameter): Name = "Number of Positions"; Value = "8"; VariantName = "[No Variations]"
Add component (AddParameter): Name = "Number of Rows"; Value = "1"; VariantName = "[No Variations]"
Add component (AddParameter): Name = "Orientation"; Value = "Straight"; VariantName = "[No Variations]"
Add component (AddParameter): Name = "Pins"; Value = "8"; VariantName = "[No Variations]"
Add component (AddParameter): Name = "Pitch"; Value = "2.54mm"; VariantName = "[No Variations]"
Add component (AddParameter): Name = "Pricing"; Value = "1=1.27, 27=1.0063, 108=0.91231, 513=0.81725, 1026=0.77824, 5022=0.69577, 10017=0.66272 (USD)"; VariantName = "[No Variations]"
Add component (AddParameter): Name = "Radiation Hardening"; Value = "No"; VariantName = "[No Variations]"
Add component (AddParameter): Name = "REACH SVHC"; Value = "Yes"; VariantName = "[No Variations]"
Add component (AddParameter): Name = "RoHS"; Value = "Compliant"; VariantName = "[No Variations]"
Add component (AddParameter): Name = "Stock"; Value = "3340"; VariantName = "[No Variations]"
Add component (AddParameter): Name = "Supplier"; Value = "DigiKey"; VariantName = "[No Variations]"
Add component (AddParameter): Name = "Supplier Part Number"; Value = "952-1823-ND"; VariantName = "[No Variations]"
Add component (AddParameter): Name = "Terminal Pitch"; Value = "2.54mm"; VariantName = "[No Variations]"
Add component (AddParameter): Name = "Termination"; Value = "Solder"; VariantName = "[No Variations]"
Add component (AddParameter): Name = "Weight"; Value = "719.992839mg"; VariantName = "[No Variations]"
Added Component: Designator=J2(HDR FEMALE 2.54mm 1x6)
Add component (AddParameter): Name = "Case/Package"; Value = "SIL"; VariantName = "[No Variations]"
Add component (AddParameter): Name = "Category"; Value = "Card Edge Connectors"; VariantName = "[No Variations]"
Add component (AddParameter): Name = "Color"; Value = "Black"; VariantName = "[No Variations]"
Add component (AddParameter): Name = "ComponentLink1Description"; Value = "https://datasheet.octopart.com:443/M20-7820646-Harwin-datasheet-176383844.pdf?src-supplier=Newark"; VariantName = "[No Variations]"
Add component (AddParameter): Name = "ComponentLink1URL"; Value = "https://datasheet.octopart.com:443/M20-7820646-Harwin-datasheet-176383844.pdf?src-supplier=Newark"; VariantName = "[No Variations]"
Add component (AddParameter): Name = "ComponentLink2Description"; Value = "https://datasheet.octopart.com:443/M20-7820646-Harwin-datasheet-99119574.pdf?src-supplier=HQonline"; VariantName = "[No Variations]"
Add component (AddParameter): Name = "ComponentLink2URL"; Value = "https://datasheet.octopart.com:443/M20-7820646-Harwin-datasheet-99119574.pdf?src-supplier=HQonline"; VariantName = "[No Variations]"
Add component (AddParameter): Name = "ComponentLink3Description"; Value = "https://datasheet.octopart.com:443/M20-7820646-Harwin-datasheet-188872139.pdf?src-supplier=TME"; VariantName = "[No Variations]"
Add component (AddParameter): Name = "ComponentLink3URL"; Value = "https://datasheet.octopart.com:443/M20-7820646-Harwin-datasheet-188872139.pdf?src-supplier=TME"; VariantName = "[No Variations]"
Add component (AddParameter): Name = "ComponentLink4Description"; Value = "https://datasheet.octopart.com:443/M20-7820646-Harwin-datasheet-137074310.pdf?src-supplier=X-ON"; VariantName = "[No Variations]"
Add component (AddParameter): Name = "ComponentLink4URL"; Value = "https://datasheet.octopart.com:443/M20-7820646-Harwin-datasheet-137074310.pdf?src-supplier=X-ON"; VariantName = "[No Variations]"
Add component (AddParameter): Name = "ComponentLink5Description"; Value = "http://sigma.octopart.com:80/15888285/rohs_statement/Harwin-M20-7820646.pdf?src-supplier=Compliance+Statements"; VariantName = "[No Variations]"
Add component (AddParameter): Name = "ComponentLink5URL"; Value = "http://sigma.octopart.com:80/15888285/rohs_statement/Harwin-M20-7820646.pdf?src-supplier=Compliance+Statements"; VariantName = "[No Variations]"
Add component (AddParameter): Name = "Connector Type"; Value = "Receptacle, Socket"; VariantName = "[No Variations]"
Add component (AddParameter): Name = "Contact Gender"; Value = "Female"; VariantName = "[No Variations]"
Add component (AddParameter): Name = "Contact Material"; Value = "Bronze"; VariantName = "[No Variations]"
Add component (AddParameter): Name = "Contact Plating"; Value = "Tin"; VariantName = "[No Variations]"
Add component (AddParameter): Name = "Contact Resistance"; Value = "20mO"; VariantName = "[No Variations]"
Add component (AddParameter): Name = "Country of Origin"; Value = "Mainland China"; VariantName = "[No Variations]"
Add component (AddParameter): Name = "Current Rating"; Value = "3A"; VariantName = "[No Variations]"
Add component (AddParameter): Name = "Depth"; Value = "2.5mm"; VariantName = "[No Variations]"
Add component (AddParameter): Name = "Dielectric Material"; Value = "Polyamide"; VariantName = "[No Variations]"
Add component (AddParameter): Name = "Export Control Classification Number (ECCN) Code"; Value = "EAR99"; VariantName = "[No Variations]"
Add component (AddParameter): Name = "Gender"; Value = "Female"; VariantName = "[No Variations]"
Add component (AddParameter): Name = "Harmonized Tariff Schedule (HTS) Code"; Value = "8536.69.40.40"; VariantName = "[No Variations]"
Add component (AddParameter): Name = "Housing Color"; Value = "Black"; VariantName = "[No Variations]"
Add component (AddParameter): Name = "Housing Material"; Value = "Nylon"; VariantName = "[No Variations]"
Add component (AddParameter): Name = "Insulation Resistance"; Value = "1GO"; VariantName = "[No Variations]"
Add component (AddParameter): Name = "Introduction Date"; Value = "2005-06-27"; VariantName = "[No Variations]"
Add component (AddParameter): Name = "Length"; Value = "15.64mm"; VariantName = "[No Variations]"
Add component (AddParameter): Name = "Lifecycle Status"; Value = "Production"; VariantName = "[No Variations]"
Add component (AddParameter): Name = "Manufacturer"; Value = "Harwin"; VariantName = "[No Variations]"
Add component (AddParameter): Name = "Manufacturer Part Number"; Value = "M20-7820646"; VariantName = "[No Variations]"
Add component (AddParameter): Name = "Max Current Rating"; Value = "3A"; VariantName = "[No Variations]"
Add component (AddParameter): Name = "Max Operating Temperature"; Value = "105°C"; VariantName = "[No Variations]"
Add component (AddParameter): Name = "Min Operating Temperature"; Value = "-40°C"; VariantName = "[No Variations]"
Add component (AddParameter): Name = "Mounting Technology"; Value = "Through Hole"; VariantName = "[No Variations]"
Add component (AddParameter): Name = "Number of Contacts"; Value = "6"; VariantName = "[No Variations]"
Add component (AddParameter): Name = "Number of Positions"; Value = "6"; VariantName = "[No Variations]"
Add component (AddParameter): Name = "Number of Rows"; Value = "1"; VariantName = "[No Variations]"
Add component (AddParameter): Name = "Orientation"; Value = "Straight"; VariantName = "[No Variations]"
Add component (AddParameter): Name = "Pins"; Value = "6"; VariantName = "[No Variations]"
Add component (AddParameter): Name = "Pitch"; Value = "2.54mm"; VariantName = "[No Variations]"
Add component (AddParameter): Name = "Pricing"; Value = "1=1.11, 36=0.86417, 108=0.79954, 504=0.7171, 1008=0.68287, 5004=0.60989, 10008=0.58081 (USD)"; VariantName = "[No Variations]"
Add component (AddParameter): Name = "Radiation Hardening"; Value = "No"; VariantName = "[No Variations]"
Add component (AddParameter): Name = "REACH SVHC"; Value = "Yes"; VariantName = "[No Variations]"
Add component (AddParameter): Name = "RoHS"; Value = "Compliant"; VariantName = "[No Variations]"
Add component (AddParameter): Name = "Stock"; Value = "1304"; VariantName = "[No Variations]"
Add component (AddParameter): Name = "Supplier"; Value = "DigiKey"; VariantName = "[No Variations]"
Add component (AddParameter): Name = "Supplier Part Number"; Value = "952-1809-ND"; VariantName = "[No Variations]"
Add component (AddParameter): Name = "Terminal Pitch"; Value = "2.54mm"; VariantName = "[No Variations]"
Add component (AddParameter): Name = "Termination"; Value = "Solder"; VariantName = "[No Variations]"
Added Component: Designator=J3(HDR FEMALE 2.54mm 1x8)
Add component (AddParameter): Name = "Case/Package"; Value = "SIL"; VariantName = "[No Variations]"
Add component (AddParameter): Name = "Category"; Value = "Card Edge Connectors"; VariantName = "[No Variations]"
Add component (AddParameter): Name = "Color"; Value = "Black"; VariantName = "[No Variations]"
Add component (AddParameter): Name = "ComponentLink1Description"; Value = "https://datasheet.octopart.com:443/M20-7820842-Harwin-datasheet-176383844.pdf?src-supplier=Newark"; VariantName = "[No Variations]"
Add component (AddParameter): Name = "ComponentLink1URL"; Value = "https://datasheet.octopart.com:443/M20-7820842-Harwin-datasheet-176383844.pdf?src-supplier=Newark"; VariantName = "[No Variations]"
Add component (AddParameter): Name = "ComponentLink2Description"; Value = "https://datasheet.octopart.com:443/M20-7820842-Harwin-datasheet-99119574.pdf?src-supplier=HQonline"; VariantName = "[No Variations]"
Add component (AddParameter): Name = "ComponentLink2URL"; Value = "https://datasheet.octopart.com:443/M20-7820842-Harwin-datasheet-99119574.pdf?src-supplier=HQonline"; VariantName = "[No Variations]"
Add component (AddParameter): Name = "ComponentLink3Description"; Value = "http://sigma.octopart.com:80/15888290/rohs_statement/Harwin-M20-7820842.pdf?src-supplier=Compliance+Statements"; VariantName = "[No Variations]"
Add component (AddParameter): Name = "ComponentLink3URL"; Value = "http://sigma.octopart.com:80/15888290/rohs_statement/Harwin-M20-7820842.pdf?src-supplier=Compliance+Statements"; VariantName = "[No Variations]"
Add component (AddParameter): Name = "Connector Type"; Value = "Receptacle, Socket"; VariantName = "[No Variations]"
Add component (AddParameter): Name = "Contact Gender"; Value = "Female"; VariantName = "[No Variations]"
Add component (AddParameter): Name = "Contact Material"; Value = "Bronze"; VariantName = "[No Variations]"
Add component (AddParameter): Name = "Contact Plating"; Value = "Gold, Tin"; VariantName = "[No Variations]"
Add component (AddParameter): Name = "Contact Resistance"; Value = "20mO"; VariantName = "[No Variations]"
Add component (AddParameter): Name = "Country of Origin"; Value = "Mainland China"; VariantName = "[No Variations]"
Add component (AddParameter): Name = "Current Rating"; Value = "3A"; VariantName = "[No Variations]"
Add component (AddParameter): Name = "Depth"; Value = "2.5mm"; VariantName = "[No Variations]"
Add component (AddParameter): Name = "Dielectric Material"; Value = "Polyamide"; VariantName = "[No Variations]"
Add component (AddParameter): Name = "Export Control Classification Number (ECCN) Code"; Value = "EAR99"; VariantName = "[No Variations]"
Add component (AddParameter): Name = "Gender"; Value = "Female"; VariantName = "[No Variations]"
Add component (AddParameter): Name = "Harmonized Tariff Schedule (HTS) Code"; Value = "8536.69.40.40"; VariantName = "[No Variations]"
Add component (AddParameter): Name = "Housing Color"; Value = "Black"; VariantName = "[No Variations]"
Add component (AddParameter): Name = "Housing Material"; Value = "Polyamide"; VariantName = "[No Variations]"
Add component (AddParameter): Name = "Insulation Resistance"; Value = "1GO"; VariantName = "[No Variations]"
Add component (AddParameter): Name = "Introduction Date"; Value = "2005-06-27"; VariantName = "[No Variations]"
Add component (AddParameter): Name = "Length"; Value = "20.72mm"; VariantName = "[No Variations]"
Add component (AddParameter): Name = "Lifecycle Status"; Value = "Production"; VariantName = "[No Variations]"
Add component (AddParameter): Name = "Manufacturer"; Value = "Harwin"; VariantName = "[No Variations]"
Add component (AddParameter): Name = "Manufacturer Part Number"; Value = "M20-7820842"; VariantName = "[No Variations]"
Add component (AddParameter): Name = "Max Current Rating"; Value = "3A"; VariantName = "[No Variations]"
Add component (AddParameter): Name = "Max Operating Temperature"; Value = "105°C"; VariantName = "[No Variations]"
Add component (AddParameter): Name = "Min Operating Temperature"; Value = "-40°C"; VariantName = "[No Variations]"
Add component (AddParameter): Name = "Mounting Technology"; Value = "Through Hole"; VariantName = "[No Variations]"
Add component (AddParameter): Name = "Number of Contacts"; Value = "8"; VariantName = "[No Variations]"
Add component (AddParameter): Name = "Number of Positions"; Value = "8"; VariantName = "[No Variations]"
Add component (AddParameter): Name = "Number of Rows"; Value = "1"; VariantName = "[No Variations]"
Add component (AddParameter): Name = "Orientation"; Value = "Straight"; VariantName = "[No Variations]"
Add component (AddParameter): Name = "Pins"; Value = "8"; VariantName = "[No Variations]"
Add component (AddParameter): Name = "Pitch"; Value = "2.54mm"; VariantName = "[No Variations]"
Add component (AddParameter): Name = "Pricing"; Value = "1=1.27, 27=1.0063, 108=0.91231, 513=0.81725, 1026=0.77824, 5022=0.69577, 10017=0.66272 (USD)"; VariantName = "[No Variations]"
Add component (AddParameter): Name = "Radiation Hardening"; Value = "No"; VariantName = "[No Variations]"
Add component (AddParameter): Name = "REACH SVHC"; Value = "Yes"; VariantName = "[No Variations]"
Add component (AddParameter): Name = "RoHS"; Value = "Compliant"; VariantName = "[No Variations]"
Add component (AddParameter): Name = "Stock"; Value = "3340"; VariantName = "[No Variations]"
Add component (AddParameter): Name = "Supplier"; Value = "DigiKey"; VariantName = "[No Variations]"
Add component (AddParameter): Name = "Supplier Part Number"; Value = "952-1823-ND"; VariantName = "[No Variations]"
Add component (AddParameter): Name = "Terminal Pitch"; Value = "2.54mm"; VariantName = "[No Variations]"
Add component (AddParameter): Name = "Termination"; Value = "Solder"; VariantName = "[No Variations]"
Add component (AddParameter): Name = "Weight"; Value = "719.992839mg"; VariantName = "[No Variations]"
Added Component: Designator=J4(HDR FEMALE 2.54mm 1x10)
Add component (AddParameter): Name = "Case/Package"; Value = "SIL"; VariantName = "[No Variations]"
Add component (AddParameter): Name = "Category"; Value = "Card Edge Connectors"; VariantName = "[No Variations]"
Add component (AddParameter): Name = "Color"; Value = "Black"; VariantName = "[No Variations]"
Add component (AddParameter): Name = "ComponentLink1Description"; Value = "https://datasheet.octopart.com:443/M20-7821046-Harwin-datasheet-176383844.pdf?src-supplier=Electro+Sonic"; VariantName = "[No Variations]"
Add component (AddParameter): Name = "ComponentLink1URL"; Value = "https://datasheet.octopart.com:443/M20-7821046-Harwin-datasheet-176383844.pdf?src-supplier=Electro+Sonic"; VariantName = "[No Variations]"
Add component (AddParameter): Name = "ComponentLink2Description"; Value = "https://datasheet.octopart.com:443/M20-7821046-Harwin-datasheet-99119574.pdf?src-supplier=Upverter"; VariantName = "[No Variations]"
Add component (AddParameter): Name = "ComponentLink2URL"; Value = "https://datasheet.octopart.com:443/M20-7821046-Harwin-datasheet-99119574.pdf?src-supplier=Upverter"; VariantName = "[No Variations]"
Add component (AddParameter): Name = "ComponentLink3Description"; Value = "https://datasheet.octopart.com:443/M20-7821046-Harwin-datasheet-526273.pdf?src-supplier=Upverter"; VariantName = "[No Variations]"
Add component (AddParameter): Name = "ComponentLink3URL"; Value = "https://datasheet.octopart.com:443/M20-7821046-Harwin-datasheet-526273.pdf?src-supplier=Upverter"; VariantName = "[No Variations]"
Add component (AddParameter): Name = "ComponentLink4Description"; Value = "https://datasheet.octopart.com:443/M20-7821046-Harwin-datasheet-96624206.pdf?src-supplier=element14+APAC"; VariantName = "[No Variations]"
Add component (AddParameter): Name = "ComponentLink4URL"; Value = "https://datasheet.octopart.com:443/M20-7821046-Harwin-datasheet-96624206.pdf?src-supplier=element14+APAC"; VariantName = "[No Variations]"
Add component (AddParameter): Name = "ComponentLink5Description"; Value = "https://datasheet.octopart.com:443/M20-7821046-Harwin-datasheet-6396485.pdf?src-supplier=Newark"; VariantName = "[No Variations]"
Add component (AddParameter): Name = "ComponentLink5URL"; Value = "https://datasheet.octopart.com:443/M20-7821046-Harwin-datasheet-6396485.pdf?src-supplier=Newark"; VariantName = "[No Variations]"
Add component (AddParameter): Name = "ComponentLink6Description"; Value = "https://datasheet.octopart.com:443/M20-7821046-Harwin-datasheet-32864534.pdf?src-supplier=Newark"; VariantName = "[No Variations]"
Add component (AddParameter): Name = "ComponentLink6URL"; Value = "https://datasheet.octopart.com:443/M20-7821046-Harwin-datasheet-32864534.pdf?src-supplier=Newark"; VariantName = "[No Variations]"
Add component (AddParameter): Name = "ComponentLink7Description"; Value = "https://datasheet.octopart.com:443/M20-7821046-Harwin-datasheet-15888280.pdf?src-supplier=Newark"; VariantName = "[No Variations]"
Add component (AddParameter): Name = "ComponentLink7URL"; Value = "https://datasheet.octopart.com:443/M20-7821046-Harwin-datasheet-15888280.pdf?src-supplier=Newark"; VariantName = "[No Variations]"
Add component (AddParameter): Name = "ComponentLink8Description"; Value = "https://datasheet.octopart.com:443/M20-7821046-Harwin-datasheet-188872139.pdf?src-supplier=TME"; VariantName = "[No Variations]"
Add component (AddParameter): Name = "ComponentLink8URL"; Value = "https://datasheet.octopart.com:443/M20-7821046-Harwin-datasheet-188872139.pdf?src-supplier=TME"; VariantName = "[No Variations]"
Add component (AddParameter): Name = "ComponentLink9Description"; Value = "https://datasheet.octopart.com:443/M20-7821046-Harwin-datasheet-14706651.pdf?src-supplier=Farnell"; VariantName = "[No Variations]"
Add component (AddParameter): Name = "ComponentLink9URL"; Value = "https://datasheet.octopart.com:443/M20-7821046-Harwin-datasheet-14706651.pdf?src-supplier=Farnell"; VariantName = "[No Variations]"
Add component (AddParameter): Name = "ComponentLink10Description"; Value = "http://sigma.octopart.com:80/15888295/rohs_statement/Harwin-M20-7821046.pdf?src-supplier=Compliance+Statements"; VariantName = "[No Variations]"
Add component (AddParameter): Name = "ComponentLink10URL"; Value = "http://sigma.octopart.com:80/15888295/rohs_statement/Harwin-M20-7821046.pdf?src-supplier=Compliance+Statements"; VariantName = "[No Variations]"
Add component (AddParameter): Name = "Connector Type"; Value = "Receptacle, Socket"; VariantName = "[No Variations]"
Add component (AddParameter): Name = "Contact Gender"; Value = "Female"; VariantName = "[No Variations]"
Add component (AddParameter): Name = "Contact Material"; Value = "Bronze"; VariantName = "[No Variations]"
Add component (AddParameter): Name = "Contact Plating"; Value = "Tin"; VariantName = "[No Variations]"
Add component (AddParameter): Name = "Contact Resistance"; Value = "20mO"; VariantName = "[No Variations]"
Add component (AddParameter): Name = "Current Rating"; Value = "3A"; VariantName = "[No Variations]"
Add component (AddParameter): Name = "Depth"; Value = "2.5mm"; VariantName = "[No Variations]"
Add component (AddParameter): Name = "Dielectric Material"; Value = "Polyamide"; VariantName = "[No Variations]"
Add component (AddParameter): Name = "Gender"; Value = "Female"; VariantName = "[No Variations]"
Add component (AddParameter): Name = "Hole Diameter"; Value = "800µm"; VariantName = "[No Variations]"
Add component (AddParameter): Name = "Housing Color"; Value = "Black"; VariantName = "[No Variations]"
Add component (AddParameter): Name = "Housing Material"; Value = "Polyamide"; VariantName = "[No Variations]"
Add component (AddParameter): Name = "Insulation Resistance"; Value = "1GO"; VariantName = "[No Variations]"
Add component (AddParameter): Name = "Lead Pitch"; Value = "2.54mm"; VariantName = "[No Variations]"
Add component (AddParameter): Name = "Length"; Value = "25.8mm"; VariantName = "[No Variations]"
Add component (AddParameter): Name = "Lifecycle Status"; Value = "Production"; VariantName = "[No Variations]"
Add component (AddParameter): Name = "Manufacturer"; Value = "Harwin"; VariantName = "[No Variations]"
Add component (AddParameter): Name = "Manufacturer Part Number"; Value = "M20-7821046"; VariantName = "[No Variations]"
Add component (AddParameter): Name = "Max Current Rating"; Value = "3A"; VariantName = "[No Variations]"
Add component (AddParameter): Name = "Max Operating Temperature"; Value = "105°C"; VariantName = "[No Variations]"
Add component (AddParameter): Name = "Min Operating Temperature"; Value = "-40°C"; VariantName = "[No Variations]"
Add component (AddParameter): Name = "Mounting Technology"; Value = "Through Hole"; VariantName = "[No Variations]"
Add component (AddParameter): Name = "Number of Contacts"; Value = "10"; VariantName = "[No Variations]"
Add component (AddParameter): Name = "Number of Positions"; Value = "10"; VariantName = "[No Variations]"
Add component (AddParameter): Name = "Number of Rows"; Value = "1"; VariantName = "[No Variations]"
Add component (AddParameter): Name = "Operating Force"; Value = "4.8928N"; VariantName = "[No Variations]"
Add component (AddParameter): Name = "Orientation"; Value = "Straight"; VariantName = "[No Variations]"
Add component (AddParameter): Name = "Pins"; Value = "10"; VariantName = "[No Variations]"
Add component (AddParameter): Name = "Pitch"; Value = "2.54mm"; VariantName = "[No Variations]"
Add component (AddParameter): Name = "Pricing"; Value = "1=2.12, 10=1.94, 100=1.74, 250=1.57, 500=1.51, 1000=1.44, 2500=1.38 (CAD)"; VariantName = "[No Variations]"
Add component (AddParameter): Name = "Radiation Hardening"; Value = "No"; VariantName = "[No Variations]"
Add component (AddParameter): Name = "REACH SVHC"; Value = "Yes"; VariantName = "[No Variations]"
Add component (AddParameter): Name = "RoHS"; Value = "Compliant"; VariantName = "[No Variations]"
Add component (AddParameter): Name = "Stock"; Value = "1798"; VariantName = "[No Variations]"
Add component (AddParameter): Name = "Supplier"; Value = "Newark"; VariantName = "[No Variations]"
Add component (AddParameter): Name = "Supplier Part Number"; Value = "M20-7821046"; VariantName = "[No Variations]"
Add component (AddParameter): Name = "Terminal Pitch"; Value = "2.54mm"; VariantName = "[No Variations]"
Add component (AddParameter): Name = "Termination"; Value = "Solder"; VariantName = "[No Variations]"
Added Component: Designator=J5(HDR_MALE_2X3_2.54mm)
Add component (AddParameter): Name = "Category"; Value = "Headers and Wire Housings"; VariantName = "[No Variations]"
Add component (AddParameter): Name = "China RoHS"; Value = "Compliant"; VariantName = "[No Variations]"
Add component (AddParameter): Name = "Color"; Value = "Black"; VariantName = "[No Variations]"
Add component (AddParameter): Name = "ComponentLink1Description"; Value = "https://datasheet.octopart.com:443/67997-106HLF-Amphenol-Communications-Solutions-datasheet-10288749.pdf?src-supplier=Newark"; VariantName = "[No Variations]"
Add component (AddParameter): Name = "ComponentLink1URL"; Value = "https://datasheet.octopart.com:443/67997-106HLF-Amphenol-Communications-Solutions-datasheet-10288749.pdf?src-supplier=Newark"; VariantName = "[No Variations]"
Add component (AddParameter): Name = "ComponentLink2Description"; Value = "https://datasheet.octopart.com:443/67997-106HLF-Areva-datasheet-10052131.pdf?src-supplier=Newark"; VariantName = "[No Variations]"
Add component (AddParameter): Name = "ComponentLink2URL"; Value = "https://datasheet.octopart.com:443/67997-106HLF-Areva-datasheet-10052131.pdf?src-supplier=Newark"; VariantName = "[No Variations]"
Add component (AddParameter): Name = "ComponentLink3Description"; Value = "https://datasheet.octopart.com:443/67997-106HLF-Areva-datasheet-8877144.pdf?src-supplier=Newark"; VariantName = "[No Variations]"
Add component (AddParameter): Name = "ComponentLink3URL"; Value = "https://datasheet.octopart.com:443/67997-106HLF-Areva-datasheet-8877144.pdf?src-supplier=Newark"; VariantName = "[No Variations]"
Add component (AddParameter): Name = "ComponentLink4Description"; Value = "https://datasheet.octopart.com:443/67997-106HLF-Areva-datasheet-8731571.pdf?src-supplier=Newark"; VariantName = "[No Variations]"
Add component (AddParameter): Name = "ComponentLink4URL"; Value = "https://datasheet.octopart.com:443/67997-106HLF-Areva-datasheet-8731571.pdf?src-supplier=Newark"; VariantName = "[No Variations]"
Add component (AddParameter): Name = "ComponentLink5Description"; Value = "https://datasheet.octopart.com:443/67997-106HLF-Areva-datasheet-8486089.pdf?src-supplier=Newark"; VariantName = "[No Variations]"
Add component (AddParameter): Name = "ComponentLink5URL"; Value = "https://datasheet.octopart.com:443/67997-106HLF-Areva-datasheet-8486089.pdf?src-supplier=Newark"; VariantName = "[No Variations]"
Add component (AddParameter): Name = "ComponentLink6Description"; Value = "https://datasheet.octopart.com:443/67997-106HLF-Amphenol-ICC---FCI-datasheet-188474449.pdf?src-supplier=JRH+Electronics"; VariantName = "[No Variations]"
Add component (AddParameter): Name = "ComponentLink6URL"; Value = "https://datasheet.octopart.com:443/67997-106HLF-Amphenol-ICC---FCI-datasheet-188474449.pdf?src-supplier=JRH+Electronics"; VariantName = "[No Variations]"
Add component (AddParameter): Name = "ComponentLink7Description"; Value = "https://datasheet.octopart.com:443/67997-106HLF-Amphenol-Communications-Solutions-datasheet-36854132.pdf?src-supplier=Farnell"; VariantName = "[No Variations]"
Add component (AddParameter): Name = "ComponentLink7URL"; Value = "https://datasheet.octopart.com:443/67997-106HLF-Amphenol-Communications-Solutions-datasheet-36854132.pdf?src-supplier=Farnell"; VariantName = "[No Variations]"
Add component (AddParameter): Name = "ComponentLink8Description"; Value = "https://datasheet.octopart.com:443/67997-106HLF-Amphenol-Communications-Solutions-datasheet-20739478.pdf?src-supplier=RS+(Formerly+Allied+Electronics)"; VariantName = "[No Variations]"
Add component (AddParameter): Name = "ComponentLink8URL"; Value = "https://datasheet.octopart.com:443/67997-106HLF-Amphenol-Communications-Solutions-datasheet-20739478.pdf?src-supplier=RS+(Formerly+Allied+Electronics)"; VariantName = "[No Variations]"
Add component (AddParameter): Name = "ComponentLink9Description"; Value = "https://datasheet.octopart.com:443/67997-106HLF-Areva-datasheet-118652.pdf?src-supplier=DigiKey"; VariantName = "[No Variations]"
Add component (AddParameter): Name = "ComponentLink9URL"; Value = "https://datasheet.octopart.com:443/67997-106HLF-Areva-datasheet-118652.pdf?src-supplier=DigiKey"; VariantName = "[No Variations]"
Add component (AddParameter): Name = "Connector Type"; Value = "Male Pin"; VariantName = "[No Variations]"
Add component (AddParameter): Name = "Contact Gender"; Value = "Male"; VariantName = "[No Variations]"
Add component (AddParameter): Name = "Contact Material"; Value = "Bronze"; VariantName = "[No Variations]"
Add component (AddParameter): Name = "Contact Mating Length"; Value = "5.842mm"; VariantName = "[No Variations]"
Add component (AddParameter): Name = "Contact Plating"; Value = "Gold"; VariantName = "[No Variations]"
Add component (AddParameter): Name = "Current Rating"; Value = "5A"; VariantName = "[No Variations]"
Add component (AddParameter): Name = "Depth"; Value = "4.83mm"; VariantName = "[No Variations]"
Add component (AddParameter): Name = "Dielectric Material"; Value = "Polyethylene"; VariantName = "[No Variations]"
Add component (AddParameter): Name = "Export Control Classification Number (ECCN) Code"; Value = "EAR99"; VariantName = "[No Variations]"
Add component (AddParameter): Name = "Flammability Rating"; Value = "UL94 V-0"; VariantName = "[No Variations]"
Add component (AddParameter): Name = "Gender"; Value = "Male"; VariantName = "[No Variations]"
Add component (AddParameter): Name = "Harmonized Tariff Schedule (HTS) Code"; Value = "8536.69.40.40"; VariantName = "[No Variations]"
Add component (AddParameter): Name = "Housing Color"; Value = "Black"; VariantName = "[No Variations]"
Add component (AddParameter): Name = "Housing Material"; Value = "Thermoplastic"; VariantName = "[No Variations]"
Add component (AddParameter): Name = "Insulation Resistance"; Value = "5GO"; VariantName = "[No Variations]"
Add component (AddParameter): Name = "Introduction Date"; Value = "2005-07-24"; VariantName = "[No Variations]"
Add component (AddParameter): Name = "Lead Free"; Value = "Lead Free"; VariantName = "[No Variations]"
Add component (AddParameter): Name = "Lead Length"; Value = "3.05mm"; VariantName = "[No Variations]"
Add component (AddParameter): Name = "Lead Pitch"; Value = "2.54mm"; VariantName = "[No Variations]"
Add component (AddParameter): Name = "Length"; Value = "7.62mm"; VariantName = "[No Variations]"
Add component (AddParameter): Name = "Lifecycle Status"; Value = "Production"; VariantName = "[No Variations]"
Add component (AddParameter): Name = "Manufacturer"; Value = "Amphenol Communications Solutions"; VariantName = "[No Variations]"
Add component (AddParameter): Name = "Manufacturer Part Number"; Value = "67997-106HLF"; VariantName = "[No Variations]"
Add component (AddParameter): Name = "Mating Post Length"; Value = "5.84mm"; VariantName = "[No Variations]"
Add component (AddParameter): Name = "Max Operating Temperature"; Value = "130°C"; VariantName = "[No Variations]"
Add component (AddParameter): Name = "Max Voltage Rating (AC)"; Value = "1.5kV"; VariantName = "[No Variations]"
Add component (AddParameter): Name = "Min Operating Temperature"; Value = "-65°C"; VariantName = "[No Variations]"
Add component (AddParameter): Name = "Mounting Technology"; Value = "Through Hole"; VariantName = "[No Variations]"
Add component (AddParameter): Name = "Number of Contacts"; Value = "6"; VariantName = "[No Variations]"
Add component (AddParameter): Name = "Number of Positions"; Value = "6"; VariantName = "[No Variations]"
Add component (AddParameter): Name = "Number of Rows"; Value = "2"; VariantName = "[No Variations]"
Add component (AddParameter): Name = "Orientation"; Value = "Straight"; VariantName = "[No Variations]"
Add component (AddParameter): Name = "Pins"; Value = "6"; VariantName = "[No Variations]"
Add component (AddParameter): Name = "Pitch"; Value = "2.54mm"; VariantName = "[No Variations]"
Add component (AddParameter): Name = "Pricing"; Value = "1=0.61, 10=0.521, 400=0.40155, 800=0.38238, 1200=0.37158, 5200=0.33505, 10000=0.31995 (USD)"; VariantName = "[No Variations]"
Add component (AddParameter): Name = "Radiation Hardening"; Value = "No"; VariantName = "[No Variations]"
Add component (AddParameter): Name = "REACH SVHC"; Value = "Yes"; VariantName = "[No Variations]"
Add component (AddParameter): Name = "RoHS"; Value = "Compliant"; VariantName = "[No Variations]"
Add component (AddParameter): Name = "Row Spacing"; Value = "2.54mm"; VariantName = "[No Variations]"
Add component (AddParameter): Name = "Schedule B"; Value = "8535908040, 8535908040|8535908040|8535908040|8535908040|8535908040|8535908040|8535908040|8535908040|8535908040|8535908040|8535908040|8535908040|8535908040|8535908040|8535908040|8535908040|8535908040|8535908040|8535908040|8535908040|8535908040|8535908040|8535908040|85"; VariantName = "[No Variations]"
Add component (AddParameter): Name = "Stock"; Value = "2731"; VariantName = "[No Variations]"
Add component (AddParameter): Name = "Supplier"; Value = "DigiKey"; VariantName = "[No Variations]"
Add component (AddParameter): Name = "Supplier Part Number"; Value = "609-3393-ND"; VariantName = "[No Variations]"
Add component (AddParameter): Name = "Terminal Pitch"; Value = "2.54mm"; VariantName = "[No Variations]"
Add component (AddParameter): Name = "Termination"; Value = "Through Hole"; VariantName = "[No Variations]"
Add component (AddParameter): Name = "Voltage Rating"; Value = "1.5kV"; VariantName = "[No Variations]"
Added Component: Designator=J6(HDR_MALE_2X3_2.54mm)
Add component (AddParameter): Name = "Category"; Value = "Headers and Wire Housings"; VariantName = "[No Variations]"
Add component (AddParameter): Name = "China RoHS"; Value = "Compliant"; VariantName = "[No Variations]"
Add component (AddParameter): Name = "Color"; Value = "Black"; VariantName = "[No Variations]"
Add component (AddParameter): Name = "ComponentLink1Description"; Value = "https://datasheet.octopart.com:443/67997-106HLF-Amphenol-Communications-Solutions-datasheet-10288749.pdf?src-supplier=Newark"; VariantName = "[No Variations]"
Add component (AddParameter): Name = "ComponentLink1URL"; Value = "https://datasheet.octopart.com:443/67997-106HLF-Amphenol-Communications-Solutions-datasheet-10288749.pdf?src-supplier=Newark"; VariantName = "[No Variations]"
Add component (AddParameter): Name = "ComponentLink2Description"; Value = "https://datasheet.octopart.com:443/67997-106HLF-Areva-datasheet-10052131.pdf?src-supplier=Newark"; VariantName = "[No Variations]"
Add component (AddParameter): Name = "ComponentLink2URL"; Value = "https://datasheet.octopart.com:443/67997-106HLF-Areva-datasheet-10052131.pdf?src-supplier=Newark"; VariantName = "[No Variations]"
Add component (AddParameter): Name = "ComponentLink3Description"; Value = "https://datasheet.octopart.com:443/67997-106HLF-Areva-datasheet-8877144.pdf?src-supplier=Newark"; VariantName = "[No Variations]"
Add component (AddParameter): Name = "ComponentLink3URL"; Value = "https://datasheet.octopart.com:443/67997-106HLF-Areva-datasheet-8877144.pdf?src-supplier=Newark"; VariantName = "[No Variations]"
Add component (AddParameter): Name = "ComponentLink4Description"; Value = "https://datasheet.octopart.com:443/67997-106HLF-Areva-datasheet-8731571.pdf?src-supplier=Newark"; VariantName = "[No Variations]"
Add component (AddParameter): Name = "ComponentLink4URL"; Value = "https://datasheet.octopart.com:443/67997-106HLF-Areva-datasheet-8731571.pdf?src-supplier=Newark"; VariantName = "[No Variations]"
Add component (AddParameter): Name = "ComponentLink5Description"; Value = "https://datasheet.octopart.com:443/67997-106HLF-Areva-datasheet-8486089.pdf?src-supplier=Newark"; VariantName = "[No Variations]"
Add component (AddParameter): Name = "ComponentLink5URL"; Value = "https://datasheet.octopart.com:443/67997-106HLF-Areva-datasheet-8486089.pdf?src-supplier=Newark"; VariantName = "[No Variations]"
Add component (AddParameter): Name = "ComponentLink6Description"; Value = "https://datasheet.octopart.com:443/67997-106HLF-Amphenol-ICC---FCI-datasheet-188474449.pdf?src-supplier=JRH+Electronics"; VariantName = "[No Variations]"
Add component (AddParameter): Name = "ComponentLink6URL"; Value = "https://datasheet.octopart.com:443/67997-106HLF-Amphenol-ICC---FCI-datasheet-188474449.pdf?src-supplier=JRH+Electronics"; VariantName = "[No Variations]"
Add component (AddParameter): Name = "ComponentLink7Description"; Value = "https://datasheet.octopart.com:443/67997-106HLF-Amphenol-Communications-Solutions-datasheet-36854132.pdf?src-supplier=Farnell"; VariantName = "[No Variations]"
Add component (AddParameter): Name = "ComponentLink7URL"; Value = "https://datasheet.octopart.com:443/67997-106HLF-Amphenol-Communications-Solutions-datasheet-36854132.pdf?src-supplier=Farnell"; VariantName = "[No Variations]"
Add component (AddParameter): Name = "ComponentLink8Description"; Value = "https://datasheet.octopart.com:443/67997-106HLF-Amphenol-Communications-Solutions-datasheet-20739478.pdf?src-supplier=RS+(Formerly+Allied+Electronics)"; VariantName = "[No Variations]"
Add component (AddParameter): Name = "ComponentLink8URL"; Value = "https://datasheet.octopart.com:443/67997-106HLF-Amphenol-Communications-Solutions-datasheet-20739478.pdf?src-supplier=RS+(Formerly+Allied+Electronics)"; VariantName = "[No Variations]"
Add component (AddParameter): Name = "ComponentLink9Description"; Value = "https://datasheet.octopart.com:443/67997-106HLF-Areva-datasheet-118652.pdf?src-supplier=DigiKey"; VariantName = "[No Variations]"
Add component (AddParameter): Name = "ComponentLink9URL"; Value = "https://datasheet.octopart.com:443/67997-106HLF-Areva-datasheet-118652.pdf?src-supplier=DigiKey"; VariantName = "[No Variations]"
Add component (AddParameter): Name = "Connector Type"; Value = "Male Pin"; VariantName = "[No Variations]"
Add component (AddParameter): Name = "Contact Gender"; Value = "Male"; VariantName = "[No Variations]"
Add component (AddParameter): Name = "Contact Material"; Value = "Bronze"; VariantName = "[No Variations]"
Add component (AddParameter): Name = "Contact Mating Length"; Value = "5.842mm"; VariantName = "[No Variations]"
Add component (AddParameter): Name = "Contact Plating"; Value = "Gold"; VariantName = "[No Variations]"
Add component (AddParameter): Name = "Current Rating"; Value = "5A"; VariantName = "[No Variations]"
Add component (AddParameter): Name = "Depth"; Value = "4.83mm"; VariantName = "[No Variations]"
Add component (AddParameter): Name = "Dielectric Material"; Value = "Polyethylene"; VariantName = "[No Variations]"
Add component (AddParameter): Name = "Export Control Classification Number (ECCN) Code"; Value = "EAR99"; VariantName = "[No Variations]"
Add component (AddParameter): Name = "Flammability Rating"; Value = "UL94 V-0"; VariantName = "[No Variations]"
Add component (AddParameter): Name = "Gender"; Value = "Male"; VariantName = "[No Variations]"
Add component (AddParameter): Name = "Harmonized Tariff Schedule (HTS) Code"; Value = "8536.69.40.40"; VariantName = "[No Variations]"
Add component (AddParameter): Name = "Housing Color"; Value = "Black"; VariantName = "[No Variations]"
Add component (AddParameter): Name = "Housing Material"; Value = "Thermoplastic"; VariantName = "[No Variations]"
Add component (AddParameter): Name = "Insulation Resistance"; Value = "5GO"; VariantName = "[No Variations]"
Add component (AddParameter): Name = "Introduction Date"; Value = "2005-07-24"; VariantName = "[No Variations]"
Add component (AddParameter): Name = "Lead Free"; Value = "Lead Free"; VariantName = "[No Variations]"
Add component (AddParameter): Name = "Lead Length"; Value = "3.05mm"; VariantName = "[No Variations]"
Add component (AddParameter): Name = "Lead Pitch"; Value = "2.54mm"; VariantName = "[No Variations]"
Add component (AddParameter): Name = "Length"; Value = "7.62mm"; VariantName = "[No Variations]"
Add component (AddParameter): Name = "Lifecycle Status"; Value = "Production"; VariantName = "[No Variations]"
Add component (AddParameter): Name = "Manufacturer"; Value = "Amphenol Communications Solutions"; VariantName = "[No Variations]"
Add component (AddParameter): Name = "Manufacturer Part Number"; Value = "67997-106HLF"; VariantName = "[No Variations]"
Add component (AddParameter): Name = "Mating Post Length"; Value = "5.84mm"; VariantName = "[No Variations]"
Add component (AddParameter): Name = "Max Operating Temperature"; Value = "130°C"; VariantName = "[No Variations]"
Add component (AddParameter): Name = "Max Voltage Rating (AC)"; Value = "1.5kV"; VariantName = "[No Variations]"
Add component (AddParameter): Name = "Min Operating Temperature"; Value = "-65°C"; VariantName = "[No Variations]"
Add component (AddParameter): Name = "Mounting Technology"; Value = "Through Hole"; VariantName = "[No Variations]"
Add component (AddParameter): Name = "Number of Contacts"; Value = "6"; VariantName = "[No Variations]"
Add component (AddParameter): Name = "Number of Positions"; Value = "6"; VariantName = "[No Variations]"
Add component (AddParameter): Name = "Number of Rows"; Value = "2"; VariantName = "[No Variations]"
Add component (AddParameter): Name = "Orientation"; Value = "Straight"; VariantName = "[No Variations]"
Add component (AddParameter): Name = "Pins"; Value = "6"; VariantName = "[No Variations]"
Add component (AddParameter): Name = "Pitch"; Value = "2.54mm"; VariantName = "[No Variations]"
Add component (AddParameter): Name = "Pricing"; Value = "1=0.61, 10=0.521, 400=0.40155, 800=0.38238, 1200=0.37158, 5200=0.33505, 10000=0.31995 (USD)"; VariantName = "[No Variations]"
Add component (AddParameter): Name = "Radiation Hardening"; Value = "No"; VariantName = "[No Variations]"
Add component (AddParameter): Name = "REACH SVHC"; Value = "Yes"; VariantName = "[No Variations]"
Add component (AddParameter): Name = "RoHS"; Value = "Compliant"; VariantName = "[No Variations]"
Add component (AddParameter): Name = "Row Spacing"; Value = "2.54mm"; VariantName = "[No Variations]"
Add component (AddParameter): Name = "Schedule B"; Value = "8535908040, 8535908040|8535908040|8535908040|8535908040|8535908040|8535908040|8535908040|8535908040|8535908040|8535908040|8535908040|8535908040|8535908040|8535908040|8535908040|8535908040|8535908040|8535908040|8535908040|8535908040|8535908040|8535908040|8535908040|85"; VariantName = "[No Variations]"
Add component (AddParameter): Name = "Stock"; Value = "2731"; VariantName = "[No Variations]"
Add component (AddParameter): Name = "Supplier"; Value = "DigiKey"; VariantName = "[No Variations]"
Add component (AddParameter): Name = "Supplier Part Number"; Value = "609-3393-ND"; VariantName = "[No Variations]"
Add component (AddParameter): Name = "Terminal Pitch"; Value = "2.54mm"; VariantName = "[No Variations]"
Add component (AddParameter): Name = "Termination"; Value = "Through Hole"; VariantName = "[No Variations]"
Add component (AddParameter): Name = "Voltage Rating"; Value = "1.5kV"; VariantName = "[No Variations]"
Added Component: Designator=J7(GCT_USB4085-GF-A_REVA4)
Add component (AddParameter): Name = "Category"; Value = "USB Connectors"; VariantName = "[No Variations]"
Add component (AddParameter): Name = "China RoHS"; Value = "Compliant"; VariantName = "[No Variations]"
Add component (AddParameter): Name = "ComponentLink1Description"; Value = "https://datasheet.octopart.com:443/USB4085-GF-A-GCT-datasheet-188869075.pdf?src-supplier=TME"; VariantName = "[No Variations]"
Add component (AddParameter): Name = "ComponentLink1URL"; Value = "https://datasheet.octopart.com:443/USB4085-GF-A-GCT-datasheet-188869075.pdf?src-supplier=TME"; VariantName = "[No Variations]"
Add component (AddParameter): Name = "ComponentLink2Description"; Value = "https://datasheet.octopart.com:443/USB4085-GF-A-GCT-datasheet-166929322.pdf?src-supplier=TME"; VariantName = "[No Variations]"
Add component (AddParameter): Name = "ComponentLink2URL"; Value = "https://datasheet.octopart.com:443/USB4085-GF-A-GCT-datasheet-166929322.pdf?src-supplier=TME"; VariantName = "[No Variations]"
Add component (AddParameter): Name = "ComponentLink3Description"; Value = "https://datasheet.octopart.com:443/USB4085-GF-A-Global-Connector-Technology-datasheet-155825551.pdf?src-supplier=Future+Electronics"; VariantName = "[No Variations]"
Add component (AddParameter): Name = "ComponentLink3URL"; Value = "https://datasheet.octopart.com:443/USB4085-GF-A-Global-Connector-Technology-datasheet-155825551.pdf?src-supplier=Future+Electronics"; VariantName = "[No Variations]"
Add component (AddParameter): Name = "ComponentLink4Description"; Value = "https://datasheet.octopart.com:443/USB4085-GF-A-Global-Connector-Technology-datasheet-115130528.pdf?src-supplier=Future+Electronics"; VariantName = "[No Variations]"
Add component (AddParameter): Name = "ComponentLink4URL"; Value = "https://datasheet.octopart.com:443/USB4085-GF-A-Global-Connector-Technology-datasheet-115130528.pdf?src-supplier=Future+Electronics"; VariantName = "[No Variations]"
Add component (AddParameter): Name = "Contact Material"; Value = "Gold, Nickel"; VariantName = "[No Variations]"
Add component (AddParameter): Name = "Contact Resistance"; Value = "50mO"; VariantName = "[No Variations]"
Add component (AddParameter): Name = "Country of Origin"; Value = "Mainland China"; VariantName = "[No Variations]"
Add component (AddParameter): Name = "Current Rating"; Value = "250mA"; VariantName = "[No Variations]"
Add component (AddParameter): Name = "Dielectric Material"; Value = "Liquid Crystal Polymer"; VariantName = "[No Variations]"
Add component (AddParameter): Name = "Export Control Classification Number (ECCN) Code"; Value = "EAR99"; VariantName = "[No Variations]"
Add component (AddParameter): Name = "Gender"; Value = "Female"; VariantName = "[No Variations]"
Add component (AddParameter): Name = "Harmonized Tariff Schedule (HTS) Code"; Value = "8536.69.40.30"; VariantName = "[No Variations]"
Add component (AddParameter): Name = "Height"; Value = "3.66mm"; VariantName = "[No Variations]"
Add component (AddParameter): Name = "Insulation Color"; Value = "Black"; VariantName = "[No Variations]"
Add component (AddParameter): Name = "Insulation Resistance"; Value = "100MO"; VariantName = "[No Variations]"
Add component (AddParameter): Name = "Introduction Date"; Value = "2018-08-17"; VariantName = "[No Variations]"
Add component (AddParameter): Name = "Lifecycle Status"; Value = "Production"; VariantName = "[No Variations]"
Add component (AddParameter): Name = "Manufacturer"; Value = "Global Connector Technology"; VariantName = "[No Variations]"
Add component (AddParameter): Name = "Manufacturer Part Number"; Value = "USB4085-GF-A"; VariantName = "[No Variations]"
Add component (AddParameter): Name = "Max Operating Temperature"; Value = "85°C"; VariantName = "[No Variations]"
Add component (AddParameter): Name = "Min Operating Temperature"; Value = "-40°C"; VariantName = "[No Variations]"
Add component (AddParameter): Name = "Number of Contacts"; Value = "16"; VariantName = "[No Variations]"
Add component (AddParameter): Name = "Number of Ports"; Value = "1"; VariantName = "[No Variations]"
Add component (AddParameter): Name = "Number of Positions"; Value = "16"; VariantName = "[No Variations]"
Add component (AddParameter): Name = "Number of Rows"; Value = "2"; VariantName = "[No Variations]"
Add component (AddParameter): Name = "Operating Force"; Value = "20N"; VariantName = "[No Variations]"
Add component (AddParameter): Name = "Orientation"; Value = "Right Angle"; VariantName = "[No Variations]"
Add component (AddParameter): Name = "Pins"; Value = "16"; VariantName = "[No Variations]"
Add component (AddParameter): Name = "Pricing"; Value = "1=0.91, 10=0.772, 25=0.7236, 50=0.689, 100=0.6561, 250=0.61492 (USD)"; VariantName = "[No Variations]"
Add component (AddParameter): Name = "REACH SVHC"; Value = "Yes"; VariantName = "[No Variations]"
Add component (AddParameter): Name = "RoHS"; Value = "Compliant"; VariantName = "[No Variations]"
Add component (AddParameter): Name = "Row Spacing"; Value = "1.35mm"; VariantName = "[No Variations]"
Add component (AddParameter): Name = "Shell Finish"; Value = "Nickel"; VariantName = "[No Variations]"
Add component (AddParameter): Name = "Shell Material"; Value = "Stainless Steel"; VariantName = "[No Variations]"
Add component (AddParameter): Name = "Stock"; Value = "112079"; VariantName = "[No Variations]"
Add component (AddParameter): Name = "Supplier"; Value = "DigiKey"; VariantName = "[No Variations]"
Add component (AddParameter): Name = "Supplier Part Number"; Value = "2073-USB4085-GF-ACT-ND"; VariantName = "[No Variations]"
Add component (AddParameter): Name = "Terminal Pitch"; Value = "850µm"; VariantName = "[No Variations]"
Add component (AddParameter): Name = "Termination"; Value = "Solder"; VariantName = "[No Variations]"
Add component (AddParameter): Name = "USB Standard"; Value = "USB 2.0"; VariantName = "[No Variations]"
Add component (AddParameter): Name = "Voltage Rating"; Value = "20V"; VariantName = "[No Variations]"
Added Component: Designator=JP1(HDR MALE 2.54mm 1x3)
Add component (AddParameter): Name = "Category"; Value = "Headers and Wire Housings"; VariantName = "[No Variations]"
Add component (AddParameter): Name = "China RoHS"; Value = "Compliant"; VariantName = "[No Variations]"
Add component (AddParameter): Name = "Color"; Value = "Black"; VariantName = "[No Variations]"
Add component (AddParameter): Name = "ComponentLink1Description"; Value = "https://datasheet.octopart.com:443/68001-203HLF-Amphenol-Communications-Solutions-datasheet-100449246.pdf?src-supplier=Upverter"; VariantName = "[No Variations]"
Add component (AddParameter): Name = "ComponentLink1URL"; Value = "https://datasheet.octopart.com:443/68001-203HLF-Amphenol-Communications-Solutions-datasheet-100449246.pdf?src-supplier=Upverter"; VariantName = "[No Variations]"
Add component (AddParameter): Name = "ComponentLink2Description"; Value = "https://datasheet.octopart.com:443/68001-203HLF-Amphenol-Communications-Solutions-datasheet-151206381.pdf?src-supplier=Newark"; VariantName = "[No Variations]"
Add component (AddParameter): Name = "ComponentLink2URL"; Value = "https://datasheet.octopart.com:443/68001-203HLF-Amphenol-Communications-Solutions-datasheet-151206381.pdf?src-supplier=Newark"; VariantName = "[No Variations]"
Add component (AddParameter): Name = "ComponentLink3Description"; Value = "https://datasheet.octopart.com:443/68001-203HLF-Areva-datasheet-10088795.pdf?src-supplier=Newark"; VariantName = "[No Variations]"
Add component (AddParameter): Name = "ComponentLink3URL"; Value = "https://datasheet.octopart.com:443/68001-203HLF-Areva-datasheet-10088795.pdf?src-supplier=Newark"; VariantName = "[No Variations]"
Add component (AddParameter): Name = "ComponentLink4Description"; Value = "https://datasheet.octopart.com:443/68001-203HLF-Areva-datasheet-8861575.pdf?src-supplier=Newark"; VariantName = "[No Variations]"
Add component (AddParameter): Name = "ComponentLink4URL"; Value = "https://datasheet.octopart.com:443/68001-203HLF-Areva-datasheet-8861575.pdf?src-supplier=Newark"; VariantName = "[No Variations]"
Add component (AddParameter): Name = "ComponentLink5Description"; Value = "https://datasheet.octopart.com:443/68001-203HLF-Areva-datasheet-8713716.pdf?src-supplier=Newark"; VariantName = "[No Variations]"
Add component (AddParameter): Name = "ComponentLink5URL"; Value = "https://datasheet.octopart.com:443/68001-203HLF-Areva-datasheet-8713716.pdf?src-supplier=Newark"; VariantName = "[No Variations]"
Add component (AddParameter): Name = "ComponentLink6Description"; Value = "https://datasheet.octopart.com:443/68001-203HLF-Areva-datasheet-8449737.pdf?src-supplier=Newark"; VariantName = "[No Variations]"
Add component (AddParameter): Name = "ComponentLink6URL"; Value = "https://datasheet.octopart.com:443/68001-203HLF-Areva-datasheet-8449737.pdf?src-supplier=Newark"; VariantName = "[No Variations]"
Add component (AddParameter): Name = "ComponentLink7Description"; Value = "https://datasheet.octopart.com:443/68001-203HLF-Amphenol-Communications-Solutions-datasheet-41232361.pdf?src-supplier=Farnell"; VariantName = "[No Variations]"
Add component (AddParameter): Name = "ComponentLink7URL"; Value = "https://datasheet.octopart.com:443/68001-203HLF-Amphenol-Communications-Solutions-datasheet-41232361.pdf?src-supplier=Farnell"; VariantName = "[No Variations]"
Add component (AddParameter): Name = "ComponentLink8Description"; Value = "https://datasheet.octopart.com:443/68001-203HLF-Amphenol-Communications-Solutions-datasheet-154727322.pdf?src-supplier=Electro+Sonic"; VariantName = "[No Variations]"
Add component (AddParameter): Name = "ComponentLink8URL"; Value = "https://datasheet.octopart.com:443/68001-203HLF-Amphenol-Communications-Solutions-datasheet-154727322.pdf?src-supplier=Electro+Sonic"; VariantName = "[No Variations]"
Add component (AddParameter): Name = "ComponentLink9Description"; Value = "https://datasheet.octopart.com:443/68001-203HLF-Amphenol-Communications-Solutions-datasheet-20739500.pdf?src-supplier=RS+(Formerly+Allied+Electronics)"; VariantName = "[No Variations]"
Add component (AddParameter): Name = "ComponentLink9URL"; Value = "https://datasheet.octopart.com:443/68001-203HLF-Amphenol-Communications-Solutions-datasheet-20739500.pdf?src-supplier=RS+(Formerly+Allied+Electronics)"; VariantName = "[No Variations]"
Add component (AddParameter): Name = "Connector Type"; Value = "Male Pin"; VariantName = "[No Variations]"
Add component (AddParameter): Name = "Contact Gender"; Value = "Male"; VariantName = "[No Variations]"
Add component (AddParameter): Name = "Contact Material"; Value = "Gold, Nickel"; VariantName = "[No Variations]"
Add component (AddParameter): Name = "Contact Mating Length"; Value = "5.842mm"; VariantName = "[No Variations]"
Add component (AddParameter): Name = "Contact Plating"; Value = "Gold"; VariantName = "[No Variations]"
Add component (AddParameter): Name = "Country of Origin"; Value = "India"; VariantName = "[No Variations]"
Add component (AddParameter): Name = "Current Rating"; Value = "3A"; VariantName = "[No Variations]"
Add component (AddParameter): Name = "Depth"; Value = "2.41mm"; VariantName = "[No Variations]"
Add component (AddParameter): Name = "Export Control Classification Number (ECCN) Code"; Value = "EAR99"; VariantName = "[No Variations]"
Add component (AddParameter): Name = "Flammability Rating"; Value = "UL94 V-0"; VariantName = "[No Variations]"
Add component (AddParameter): Name = "Gender"; Value = "Male"; VariantName = "[No Variations]"
Add component (AddParameter): Name = "Harmonized Tariff Schedule (HTS) Code"; Value = "8536.69.40.40"; VariantName = "[No Variations]"
Add component (AddParameter): Name = "Height"; Value = "8.73mm"; VariantName = "[No Variations]"
Add component (AddParameter): Name = "Housing Color"; Value = "Black"; VariantName = "[No Variations]"
Add component (AddParameter): Name = "Housing Material"; Value = "Thermoplastic"; VariantName = "[No Variations]"
Add component (AddParameter): Name = "Insulation Resistance"; Value = "5GO"; VariantName = "[No Variations]"
Add component (AddParameter): Name = "Introduction Date"; Value = "2002-04-24"; VariantName = "[No Variations]"
Add component (AddParameter): Name = "Lead Length"; Value = "3.05mm"; VariantName = "[No Variations]"
Add component (AddParameter): Name = "Lead Pitch"; Value = "2.54mm"; VariantName = "[No Variations]"
Add component (AddParameter): Name = "Length"; Value = "7.62mm"; VariantName = "[No Variations]"
Add component (AddParameter): Name = "Lifecycle Status"; Value = "Production"; VariantName = "[No Variations]"
Add component (AddParameter): Name = "Manufacturer"; Value = "Amphenol Communications Solutions"; VariantName = "[No Variations]"
Add component (AddParameter): Name = "Manufacturer Part Number"; Value = "68001-203HLF"; VariantName = "[No Variations]"
Add component (AddParameter): Name = "Mating Post Length"; Value = "5.84mm"; VariantName = "[No Variations]"
Add component (AddParameter): Name = "Max Operating Temperature"; Value = "130°C"; VariantName = "[No Variations]"
Add component (AddParameter): Name = "Max Voltage Rating (AC)"; Value = "1.5kV"; VariantName = "[No Variations]"
Add component (AddParameter): Name = "Min Operating Temperature"; Value = "-65°C"; VariantName = "[No Variations]"
Add component (AddParameter): Name = "Mounting Technology"; Value = "Through Hole"; VariantName = "[No Variations]"
Add component (AddParameter): Name = "Number of Contacts"; Value = "3"; VariantName = "[No Variations]"
Add component (AddParameter): Name = "Number of Positions"; Value = "3"; VariantName = "[No Variations]"
Add component (AddParameter): Name = "Number of Rows"; Value = "1"; VariantName = "[No Variations]"
Add component (AddParameter): Name = "Orientation"; Value = "Straight"; VariantName = "[No Variations]"
Add component (AddParameter): Name = "Packaging"; Value = "Bulk"; VariantName = "[No Variations]"
Add component (AddParameter): Name = "Pins"; Value = "3"; VariantName = "[No Variations]"
Add component (AddParameter): Name = "Pitch"; Value = "2.54mm"; VariantName = "[No Variations]"
Add component (AddParameter): Name = "Pricing"; Value = "1=0.24, 10=0.2, 100=0.1697, 500=0.1514, 4000=0.13072, 8000=0.12448, 12000=0.12097 (USD)"; VariantName = "[No Variations]"
Add component (AddParameter): Name = "Radiation Hardening"; Value = "No"; VariantName = "[No Variations]"
Add component (AddParameter): Name = "REACH SVHC"; Value = "Yes"; VariantName = "[No Variations]"
Add component (AddParameter): Name = "RoHS"; Value = "Compliant"; VariantName = "[No Variations]"
Add component (AddParameter): Name = "Schedule B"; Value = "8535908040, 8535908040|8535908040, 8535908040|8535908040|8535908040, 8535908040|8535908040|8535908040|8535908040"; VariantName = "[No Variations]"
Add component (AddParameter): Name = "Stock"; Value = "58333"; VariantName = "[No Variations]"
Add component (AddParameter): Name = "Supplier"; Value = "DigiKey"; VariantName = "[No Variations]"
Add component (AddParameter): Name = "Supplier Part Number"; Value = "609-3470-ND"; VariantName = "[No Variations]"
Add component (AddParameter): Name = "Terminal Pitch"; Value = "2.54mm"; VariantName = "[No Variations]"
Add component (AddParameter): Name = "Termination"; Value = "Solder"; VariantName = "[No Variations]"
Add component (AddParameter): Name = "Voltage Rating"; Value = "1.5kV"; VariantName = "[No Variations]"
Added Component: Designator=JP2(HDR_MALE_2X2_2.54mm)
Add component (AddParameter): Name = "Category"; Value = "Card Edge Connectors"; VariantName = "[No Variations]"
Add component (AddParameter): Name = "Color"; Value = "Black"; VariantName = "[No Variations]"
Add component (AddParameter): Name = "ComponentLink1Description"; Value = "https://datasheet.octopart.com:443/77313-124-04LF-Amphenol-Communications-Solutions-datasheet-154727349.pdf?src-supplier=IHS"; VariantName = "[No Variations]"
Add component (AddParameter): Name = "ComponentLink1URL"; Value = "https://datasheet.octopart.com:443/77313-124-04LF-Amphenol-Communications-Solutions-datasheet-154727349.pdf?src-supplier=IHS"; VariantName = "[No Variations]"
Add component (AddParameter): Name = "ComponentLink2Description"; Value = "https://datasheet.octopart.com:443/77313-124-04LF-FCI-datasheet-41338624.pdf?src-supplier=Newark"; VariantName = "[No Variations]"
Add component (AddParameter): Name = "ComponentLink2URL"; Value = "https://datasheet.octopart.com:443/77313-124-04LF-FCI-datasheet-41338624.pdf?src-supplier=Newark"; VariantName = "[No Variations]"
Add component (AddParameter): Name = "ComponentLink3Description"; Value = "https://datasheet.octopart.com:443/77313-124-04LF-Areva-datasheet-8461548.pdf?src-supplier=Newark"; VariantName = "[No Variations]"
Add component (AddParameter): Name = "ComponentLink3URL"; Value = "https://datasheet.octopart.com:443/77313-124-04LF-Areva-datasheet-8461548.pdf?src-supplier=Newark"; VariantName = "[No Variations]"
Add component (AddParameter): Name = "ComponentLink4Description"; Value = "https://datasheet.octopart.com:443/77313-124-04LF-Amphenol-Communications-Solutions-datasheet-168215136.pdf?src-supplier=TME"; VariantName = "[No Variations]"
Add component (AddParameter): Name = "ComponentLink4URL"; Value = "https://datasheet.octopart.com:443/77313-124-04LF-Amphenol-Communications-Solutions-datasheet-168215136.pdf?src-supplier=TME"; VariantName = "[No Variations]"
Add component (AddParameter): Name = "ComponentLink5Description"; Value = "https://datasheet.octopart.com:443/77313-124-04LF-FCI-datasheet-13533417.pdf?src-supplier=element14+APAC"; VariantName = "[No Variations]"
Add component (AddParameter): Name = "ComponentLink5URL"; Value = "https://datasheet.octopart.com:443/77313-124-04LF-FCI-datasheet-13533417.pdf?src-supplier=element14+APAC"; VariantName = "[No Variations]"
Add component (AddParameter): Name = "ComponentLink6Description"; Value = "https://datasheet.octopart.com:443/77313-124-04LF-Areva-datasheet-118936.pdf?src-supplier=DigiKey"; VariantName = "[No Variations]"
Add component (AddParameter): Name = "ComponentLink6URL"; Value = "https://datasheet.octopart.com:443/77313-124-04LF-Areva-datasheet-118936.pdf?src-supplier=DigiKey"; VariantName = "[No Variations]"
Add component (AddParameter): Name = "Connector Type"; Value = "Male Pin"; VariantName = "[No Variations]"
Add component (AddParameter): Name = "Contact Gender"; Value = "Male"; VariantName = "[No Variations]"
Add component (AddParameter): Name = "Contact Material"; Value = "Bronze"; VariantName = "[No Variations]"
Add component (AddParameter): Name = "Contact Mating Length"; Value = "6.7564mm"; VariantName = "[No Variations]"
Add component (AddParameter): Name = "Contact Plating"; Value = "Gold"; VariantName = "[No Variations]"
Add component (AddParameter): Name = "Current Rating"; Value = "3A"; VariantName = "[No Variations]"
Add component (AddParameter): Name = "Depth"; Value = "4.83mm"; VariantName = "[No Variations]"
Add component (AddParameter): Name = "Dielectric Material"; Value = "Polyethylene"; VariantName = "[No Variations]"
Add component (AddParameter): Name = "Export Control Classification Number (ECCN) Code"; Value = "EAR99"; VariantName = "[No Variations]"
Add component (AddParameter): Name = "Flammability Rating"; Value = "UL94 V-0"; VariantName = "[No Variations]"
Add component (AddParameter): Name = "Gender"; Value = "Male"; VariantName = "[No Variations]"
Add component (AddParameter): Name = "Harmonized Tariff Schedule (HTS) Code"; Value = "8536.69.40.40"; VariantName = "[No Variations]"
Add component (AddParameter): Name = "Housing Color"; Value = "Black"; VariantName = "[No Variations]"
Add component (AddParameter): Name = "Housing Material"; Value = "Thermoplastic"; VariantName = "[No Variations]"
Add component (AddParameter): Name = "Insulation Resistance"; Value = "5GO"; VariantName = "[No Variations]"
Add component (AddParameter): Name = "Introduction Date"; Value = "2017-02-27"; VariantName = "[No Variations]"
Add component (AddParameter): Name = "Lead Free"; Value = "Lead Free"; VariantName = "[No Variations]"
Add component (AddParameter): Name = "Lead Length"; Value = "2.9mm"; VariantName = "[No Variations]"
Add component (AddParameter): Name = "Length"; Value = "5.08mm"; VariantName = "[No Variations]"
Add component (AddParameter): Name = "Lifecycle Status"; Value = "Production"; VariantName = "[No Variations]"
Add component (AddParameter): Name = "Manufacturer"; Value = "Amphenol Communications Solutions"; VariantName = "[No Variations]"
Add component (AddParameter): Name = "Manufacturer Part Number"; Value = "77313-124-04LF"; VariantName = "[No Variations]"
Add component (AddParameter): Name = "Material"; Value = "Thermoplastic"; VariantName = "[No Variations]"
Add component (AddParameter): Name = "Mating Post Length"; Value = "6.75mm"; VariantName = "[No Variations]"
Add component (AddParameter): Name = "Max Operating Temperature"; Value = "130°C"; VariantName = "[No Variations]"
Add component (AddParameter): Name = "Max Voltage Rating (AC)"; Value = "1.5kV"; VariantName = "[No Variations]"
Add component (AddParameter): Name = "Min Operating Temperature"; Value = "-65°C"; VariantName = "[No Variations]"
Add component (AddParameter): Name = "Mounting Technology"; Value = "Through Hole"; VariantName = "[No Variations]"
Add component (AddParameter): Name = "Number of Contacts"; Value = "4"; VariantName = "[No Variations]"
Add component (AddParameter): Name = "Number of Positions"; Value = "4"; VariantName = "[No Variations]"
Add component (AddParameter): Name = "Number of Rows"; Value = "2"; VariantName = "[No Variations]"
Add component (AddParameter): Name = "Orientation"; Value = "Straight"; VariantName = "[No Variations]"
Add component (AddParameter): Name = "Pins"; Value = "4"; VariantName = "[No Variations]"
Add component (AddParameter): Name = "Pitch"; Value = "2.54mm"; VariantName = "[No Variations]"
Add component (AddParameter): Name = "Plating Thickness"; Value = "762nm"; VariantName = "[No Variations]"
Add component (AddParameter): Name = "Pricing"; Value = "1=0.33, 10=0.283, 100=0.2406, 500=0.21476, 1000=0.2045, 5000=0.18253, 10000=0.17382 (USD)"; VariantName = "[No Variations]"
Add component (AddParameter): Name = "Radiation Hardening"; Value = "No"; VariantName = "[No Variations]"
Add component (AddParameter): Name = "REACH SVHC"; Value = "Yes"; VariantName = "[No Variations]"
Add component (AddParameter): Name = "RoHS"; Value = "Compliant"; VariantName = "[No Variations]"
Add component (AddParameter): Name = "Row Spacing"; Value = "2.54mm"; VariantName = "[No Variations]"
Add component (AddParameter): Name = "Stock"; Value = "15980"; VariantName = "[No Variations]"
Add component (AddParameter): Name = "Supplier"; Value = "DigiKey"; VariantName = "[No Variations]"
Add component (AddParameter): Name = "Supplier Part Number"; Value = "609-77313-124-04LF-ND"; VariantName = "[No Variations]"
Add component (AddParameter): Name = "Terminal Pitch"; Value = "2.54mm"; VariantName = "[No Variations]"
Add component (AddParameter): Name = "Termination"; Value = "Solder"; VariantName = "[No Variations]"
Add component (AddParameter): Name = "Voltage Rating"; Value = "1.5kV"; VariantName = "[No Variations]"
Added Component: Designator=JP3(HDR MALE 2.54mm 1x4)
Add component (AddParameter): Name = "Category"; Value = "Card Edge Connectors"; VariantName = "[No Variations]"
Add component (AddParameter): Name = "China RoHS"; Value = "Compliant"; VariantName = "[No Variations]"
Add component (AddParameter): Name = "Color"; Value = "Black"; VariantName = "[No Variations]"
Add component (AddParameter): Name = "ComponentLink1Description"; Value = "https://datasheet.octopart.com:443/68001-104HLF-Amphenol-Communications-Solutions-datasheet-151206381.pdf?src-supplier=IHS"; VariantName = "[No Variations]"
Add component (AddParameter): Name = "ComponentLink1URL"; Value = "https://datasheet.octopart.com:443/68001-104HLF-Amphenol-Communications-Solutions-datasheet-151206381.pdf?src-supplier=IHS"; VariantName = "[No Variations]"
Add component (AddParameter): Name = "ComponentLink2Description"; Value = "https://datasheet.octopart.com:443/68001-104HLF-Areva-datasheet-8449737.pdf?src-supplier=Farnell"; VariantName = "[No Variations]"
Add component (AddParameter): Name = "ComponentLink2URL"; Value = "https://datasheet.octopart.com:443/68001-104HLF-Areva-datasheet-8449737.pdf?src-supplier=Farnell"; VariantName = "[No Variations]"
Add component (AddParameter): Name = "ComponentLink3Description"; Value = "https://datasheet.octopart.com:443/68001-104HLF-Amphenol-Communications-Solutions-datasheet-41232361.pdf?src-supplier=Farnell"; VariantName = "[No Variations]"
Add component (AddParameter): Name = "ComponentLink3URL"; Value = "https://datasheet.octopart.com:443/68001-104HLF-Amphenol-Communications-Solutions-datasheet-41232361.pdf?src-supplier=Farnell"; VariantName = "[No Variations]"
Add component (AddParameter): Name = "ComponentLink4Description"; Value = "https://datasheet.octopart.com:443/68001-104HLF-Areva-datasheet-10088795.pdf?src-supplier=Farnell"; VariantName = "[No Variations]"
Add component (AddParameter): Name = "ComponentLink4URL"; Value = "https://datasheet.octopart.com:443/68001-104HLF-Areva-datasheet-10088795.pdf?src-supplier=Farnell"; VariantName = "[No Variations]"
Add component (AddParameter): Name = "ComponentLink5Description"; Value = "https://datasheet.octopart.com:443/68001-104HLF-Areva-datasheet-8861575.pdf?src-supplier=Farnell"; VariantName = "[No Variations]"
Add component (AddParameter): Name = "ComponentLink5URL"; Value = "https://datasheet.octopart.com:443/68001-104HLF-Areva-datasheet-8861575.pdf?src-supplier=Farnell"; VariantName = "[No Variations]"
Add component (AddParameter): Name = "ComponentLink6Description"; Value = "https://datasheet.octopart.com:443/68001-104HLF-Areva-datasheet-8713716.pdf?src-supplier=Farnell"; VariantName = "[No Variations]"
Add component (AddParameter): Name = "ComponentLink6URL"; Value = "https://datasheet.octopart.com:443/68001-104HLF-Areva-datasheet-8713716.pdf?src-supplier=Farnell"; VariantName = "[No Variations]"
Add component (AddParameter): Name = "ComponentLink7Description"; Value = "https://datasheet.octopart.com:443/68001-104HLF-Amphenol-Communications-Solutions-datasheet-154727322.pdf?src-supplier=Electro+Sonic"; VariantName = "[No Variations]"
Add component (AddParameter): Name = "ComponentLink7URL"; Value = "https://datasheet.octopart.com:443/68001-104HLF-Amphenol-Communications-Solutions-datasheet-154727322.pdf?src-supplier=Electro+Sonic"; VariantName = "[No Variations]"
Add component (AddParameter): Name = "ComponentLink8Description"; Value = "https://datasheet.octopart.com:443/68001-104HLF-Amphenol-Communications-Solutions-datasheet-100449246.pdf?src-supplier=Future+Electronics"; VariantName = "[No Variations]"
Add component (AddParameter): Name = "ComponentLink8URL"; Value = "https://datasheet.octopart.com:443/68001-104HLF-Amphenol-Communications-Solutions-datasheet-100449246.pdf?src-supplier=Future+Electronics"; VariantName = "[No Variations]"
Add component (AddParameter): Name = "ComponentLink9Description"; Value = "https://datasheet.octopart.com:443/68001-104HLF-Amphenol-Communications-Solutions-datasheet-20739493.pdf?src-supplier=RS+(Formerly+Allied+Electronics)"; VariantName = "[No Variations]"
Add component (AddParameter): Name = "ComponentLink9URL"; Value = "https://datasheet.octopart.com:443/68001-104HLF-Amphenol-Communications-Solutions-datasheet-20739493.pdf?src-supplier=RS+(Formerly+Allied+Electronics)"; VariantName = "[No Variations]"
Add component (AddParameter): Name = "Connector Type"; Value = "Male Pin"; VariantName = "[No Variations]"
Add component (AddParameter): Name = "Contact Gender"; Value = "Male"; VariantName = "[No Variations]"
Add component (AddParameter): Name = "Contact Material"; Value = "Bronze"; VariantName = "[No Variations]"
Add component (AddParameter): Name = "Contact Mating Length"; Value = "5.842mm"; VariantName = "[No Variations]"
Add component (AddParameter): Name = "Contact Plating"; Value = "Gold"; VariantName = "[No Variations]"
Add component (AddParameter): Name = "Current Rating"; Value = "3A"; VariantName = "[No Variations]"
Add component (AddParameter): Name = "Depth"; Value = "2.41mm"; VariantName = "[No Variations]"
Add component (AddParameter): Name = "Gender"; Value = "Male"; VariantName = "[No Variations]"
Add component (AddParameter): Name = "Housing Color"; Value = "Black"; VariantName = "[No Variations]"
Add component (AddParameter): Name = "Housing Material"; Value = "Thermoplastic"; VariantName = "[No Variations]"
Add component (AddParameter): Name = "Insulation Resistance"; Value = "5GO"; VariantName = "[No Variations]"
Add component (AddParameter): Name = "Lead Length"; Value = "3.05mm"; VariantName = "[No Variations]"
Add component (AddParameter): Name = "Lead Pitch"; Value = "2.54mm"; VariantName = "[No Variations]"
Add component (AddParameter): Name = "Length"; Value = "10.16mm"; VariantName = "[No Variations]"
Add component (AddParameter): Name = "Lifecycle Status"; Value = "Production"; VariantName = "[No Variations]"
Add component (AddParameter): Name = "Manufacturer"; Value = "Amphenol Communications Solutions"; VariantName = "[No Variations]"
Add component (AddParameter): Name = "Manufacturer Part Number"; Value = "68001-104HLF"; VariantName = "[No Variations]"
Add component (AddParameter): Name = "Mating Post Length"; Value = "5.84mm"; VariantName = "[No Variations]"
Add component (AddParameter): Name = "Max Operating Temperature"; Value = "130°C"; VariantName = "[No Variations]"
Add component (AddParameter): Name = "Max Voltage Rating (AC)"; Value = "1.5kV"; VariantName = "[No Variations]"
Add component (AddParameter): Name = "Min Operating Temperature"; Value = "-65°C"; VariantName = "[No Variations]"
Add component (AddParameter): Name = "Mounting Technology"; Value = "Through Hole"; VariantName = "[No Variations]"
Add component (AddParameter): Name = "Number of Contacts"; Value = "4"; VariantName = "[No Variations]"
Add component (AddParameter): Name = "Number of Positions"; Value = "4"; VariantName = "[No Variations]"
Add component (AddParameter): Name = "Number of Rows"; Value = "1"; VariantName = "[No Variations]"
Add component (AddParameter): Name = "Orientation"; Value = "Straight"; VariantName = "[No Variations]"
Add component (AddParameter): Name = "Pins"; Value = "4"; VariantName = "[No Variations]"
Add component (AddParameter): Name = "Pitch"; Value = "2.54mm"; VariantName = "[No Variations]"
Add component (AddParameter): Name = "Pricing"; Value = "1=0.43, 10=0.361, 100=0.307, 500=0.27402, 1000=0.26093, 5000=0.23291, 10000=0.2218 (USD)"; VariantName = "[No Variations]"
Add component (AddParameter): Name = "Radiation Hardening"; Value = "No"; VariantName = "[No Variations]"
Add component (AddParameter): Name = "REACH SVHC"; Value = "Yes"; VariantName = "[No Variations]"
Add component (AddParameter): Name = "RoHS"; Value = "Compliant"; VariantName = "[No Variations]"
Add component (AddParameter): Name = "Stock"; Value = "16450"; VariantName = "[No Variations]"
Add component (AddParameter): Name = "Supplier"; Value = "DigiKey"; VariantName = "[No Variations]"
Add component (AddParameter): Name = "Supplier Part Number"; Value = "609-3271-ND"; VariantName = "[No Variations]"
Add component (AddParameter): Name = "Terminal Pitch"; Value = "2.54mm"; VariantName = "[No Variations]"
Add component (AddParameter): Name = "Termination"; Value = "Solder"; VariantName = "[No Variations]"
Add component (AddParameter): Name = "Voltage Rating"; Value = "1.5kV"; VariantName = "[No Variations]"
Added Component: Designator=JP4(HDR MALE 2.54mm 1x3)
Add component (AddParameter): Name = "Category"; Value = "Headers and Wire Housings"; VariantName = "[No Variations]"
Add component (AddParameter): Name = "China RoHS"; Value = "Compliant"; VariantName = "[No Variations]"
Add component (AddParameter): Name = "Color"; Value = "Black"; VariantName = "[No Variations]"
Add component (AddParameter): Name = "ComponentLink1Description"; Value = "https://datasheet.octopart.com:443/68001-203HLF-Amphenol-Communications-Solutions-datasheet-100449246.pdf?src-supplier=Upverter"; VariantName = "[No Variations]"
Add component (AddParameter): Name = "ComponentLink1URL"; Value = "https://datasheet.octopart.com:443/68001-203HLF-Amphenol-Communications-Solutions-datasheet-100449246.pdf?src-supplier=Upverter"; VariantName = "[No Variations]"
Add component (AddParameter): Name = "ComponentLink2Description"; Value = "https://datasheet.octopart.com:443/68001-203HLF-Amphenol-Communications-Solutions-datasheet-151206381.pdf?src-supplier=Newark"; VariantName = "[No Variations]"
Add component (AddParameter): Name = "ComponentLink2URL"; Value = "https://datasheet.octopart.com:443/68001-203HLF-Amphenol-Communications-Solutions-datasheet-151206381.pdf?src-supplier=Newark"; VariantName = "[No Variations]"
Add component (AddParameter): Name = "ComponentLink3Description"; Value = "https://datasheet.octopart.com:443/68001-203HLF-Areva-datasheet-10088795.pdf?src-supplier=Newark"; VariantName = "[No Variations]"
Add component (AddParameter): Name = "ComponentLink3URL"; Value = "https://datasheet.octopart.com:443/68001-203HLF-Areva-datasheet-10088795.pdf?src-supplier=Newark"; VariantName = "[No Variations]"
Add component (AddParameter): Name = "ComponentLink4Description"; Value = "https://datasheet.octopart.com:443/68001-203HLF-Areva-datasheet-8861575.pdf?src-supplier=Newark"; VariantName = "[No Variations]"
Add component (AddParameter): Name = "ComponentLink4URL"; Value = "https://datasheet.octopart.com:443/68001-203HLF-Areva-datasheet-8861575.pdf?src-supplier=Newark"; VariantName = "[No Variations]"
Add component (AddParameter): Name = "ComponentLink5Description"; Value = "https://datasheet.octopart.com:443/68001-203HLF-Areva-datasheet-8713716.pdf?src-supplier=Newark"; VariantName = "[No Variations]"
Add component (AddParameter): Name = "ComponentLink5URL"; Value = "https://datasheet.octopart.com:443/68001-203HLF-Areva-datasheet-8713716.pdf?src-supplier=Newark"; VariantName = "[No Variations]"
Add component (AddParameter): Name = "ComponentLink6Description"; Value = "https://datasheet.octopart.com:443/68001-203HLF-Areva-datasheet-8449737.pdf?src-supplier=Newark"; VariantName = "[No Variations]"
Add component (AddParameter): Name = "ComponentLink6URL"; Value = "https://datasheet.octopart.com:443/68001-203HLF-Areva-datasheet-8449737.pdf?src-supplier=Newark"; VariantName = "[No Variations]"
Add component (AddParameter): Name = "ComponentLink7Description"; Value = "https://datasheet.octopart.com:443/68001-203HLF-Amphenol-Communications-Solutions-datasheet-41232361.pdf?src-supplier=Farnell"; VariantName = "[No Variations]"
Add component (AddParameter): Name = "ComponentLink7URL"; Value = "https://datasheet.octopart.com:443/68001-203HLF-Amphenol-Communications-Solutions-datasheet-41232361.pdf?src-supplier=Farnell"; VariantName = "[No Variations]"
Add component (AddParameter): Name = "ComponentLink8Description"; Value = "https://datasheet.octopart.com:443/68001-203HLF-Amphenol-Communications-Solutions-datasheet-154727322.pdf?src-supplier=Electro+Sonic"; VariantName = "[No Variations]"
Add component (AddParameter): Name = "ComponentLink8URL"; Value = "https://datasheet.octopart.com:443/68001-203HLF-Amphenol-Communications-Solutions-datasheet-154727322.pdf?src-supplier=Electro+Sonic"; VariantName = "[No Variations]"
Add component (AddParameter): Name = "ComponentLink9Description"; Value = "https://datasheet.octopart.com:443/68001-203HLF-Amphenol-Communications-Solutions-datasheet-20739500.pdf?src-supplier=RS+(Formerly+Allied+Electronics)"; VariantName = "[No Variations]"
Add component (AddParameter): Name = "ComponentLink9URL"; Value = "https://datasheet.octopart.com:443/68001-203HLF-Amphenol-Communications-Solutions-datasheet-20739500.pdf?src-supplier=RS+(Formerly+Allied+Electronics)"; VariantName = "[No Variations]"
Add component (AddParameter): Name = "Connector Type"; Value = "Male Pin"; VariantName = "[No Variations]"
Add component (AddParameter): Name = "Contact Gender"; Value = "Male"; VariantName = "[No Variations]"
Add component (AddParameter): Name = "Contact Material"; Value = "Gold, Nickel"; VariantName = "[No Variations]"
Add component (AddParameter): Name = "Contact Mating Length"; Value = "5.842mm"; VariantName = "[No Variations]"
Add component (AddParameter): Name = "Contact Plating"; Value = "Gold"; VariantName = "[No Variations]"
Add component (AddParameter): Name = "Country of Origin"; Value = "India"; VariantName = "[No Variations]"
Add component (AddParameter): Name = "Current Rating"; Value = "3A"; VariantName = "[No Variations]"
Add component (AddParameter): Name = "Depth"; Value = "2.41mm"; VariantName = "[No Variations]"
Add component (AddParameter): Name = "Export Control Classification Number (ECCN) Code"; Value = "EAR99"; VariantName = "[No Variations]"
Add component (AddParameter): Name = "Flammability Rating"; Value = "UL94 V-0"; VariantName = "[No Variations]"
Add component (AddParameter): Name = "Gender"; Value = "Male"; VariantName = "[No Variations]"
Add component (AddParameter): Name = "Harmonized Tariff Schedule (HTS) Code"; Value = "8536.69.40.40"; VariantName = "[No Variations]"
Add component (AddParameter): Name = "Height"; Value = "8.73mm"; VariantName = "[No Variations]"
Add component (AddParameter): Name = "Housing Color"; Value = "Black"; VariantName = "[No Variations]"
Add component (AddParameter): Name = "Housing Material"; Value = "Thermoplastic"; VariantName = "[No Variations]"
Add component (AddParameter): Name = "Insulation Resistance"; Value = "5GO"; VariantName = "[No Variations]"
Add component (AddParameter): Name = "Introduction Date"; Value = "2002-04-24"; VariantName = "[No Variations]"
Add component (AddParameter): Name = "Lead Length"; Value = "3.05mm"; VariantName = "[No Variations]"
Add component (AddParameter): Name = "Lead Pitch"; Value = "2.54mm"; VariantName = "[No Variations]"
Add component (AddParameter): Name = "Length"; Value = "7.62mm"; VariantName = "[No Variations]"
Add component (AddParameter): Name = "Lifecycle Status"; Value = "Production"; VariantName = "[No Variations]"
Add component (AddParameter): Name = "Manufacturer"; Value = "Amphenol Communications Solutions"; VariantName = "[No Variations]"
Add component (AddParameter): Name = "Manufacturer Part Number"; Value = "68001-203HLF"; VariantName = "[No Variations]"
Add component (AddParameter): Name = "Mating Post Length"; Value = "5.84mm"; VariantName = "[No Variations]"
Add component (AddParameter): Name = "Max Operating Temperature"; Value = "130°C"; VariantName = "[No Variations]"
Add component (AddParameter): Name = "Max Voltage Rating (AC)"; Value = "1.5kV"; VariantName = "[No Variations]"
Add component (AddParameter): Name = "Min Operating Temperature"; Value = "-65°C"; VariantName = "[No Variations]"
Add component (AddParameter): Name = "Mounting Technology"; Value = "Through Hole"; VariantName = "[No Variations]"
Add component (AddParameter): Name = "Number of Contacts"; Value = "3"; VariantName = "[No Variations]"
Add component (AddParameter): Name = "Number of Positions"; Value = "3"; VariantName = "[No Variations]"
Add component (AddParameter): Name = "Number of Rows"; Value = "1"; VariantName = "[No Variations]"
Add component (AddParameter): Name = "Orientation"; Value = "Straight"; VariantName = "[No Variations]"
Add component (AddParameter): Name = "Packaging"; Value = "Bulk"; VariantName = "[No Variations]"
Add component (AddParameter): Name = "Pins"; Value = "3"; VariantName = "[No Variations]"
Add component (AddParameter): Name = "Pitch"; Value = "2.54mm"; VariantName = "[No Variations]"
Add component (AddParameter): Name = "Pricing"; Value = "1=0.24, 10=0.2, 100=0.1697, 500=0.1514, 4000=0.13072, 8000=0.12448, 12000=0.12097 (USD)"; VariantName = "[No Variations]"
Add component (AddParameter): Name = "Radiation Hardening"; Value = "No"; VariantName = "[No Variations]"
Add component (AddParameter): Name = "REACH SVHC"; Value = "Yes"; VariantName = "[No Variations]"
Add component (AddParameter): Name = "RoHS"; Value = "Compliant"; VariantName = "[No Variations]"
Add component (AddParameter): Name = "Schedule B"; Value = "8535908040, 8535908040|8535908040, 8535908040|8535908040|8535908040, 8535908040|8535908040|8535908040|8535908040"; VariantName = "[No Variations]"
Add component (AddParameter): Name = "Stock"; Value = "58333"; VariantName = "[No Variations]"
Add component (AddParameter): Name = "Supplier"; Value = "DigiKey"; VariantName = "[No Variations]"
Add component (AddParameter): Name = "Supplier Part Number"; Value = "609-3470-ND"; VariantName = "[No Variations]"
Add component (AddParameter): Name = "Terminal Pitch"; Value = "2.54mm"; VariantName = "[No Variations]"
Add component (AddParameter): Name = "Termination"; Value = "Solder"; VariantName = "[No Variations]"
Add component (AddParameter): Name = "Voltage Rating"; Value = "1.5kV"; VariantName = "[No Variations]"
Added Component: Designator=L1(C2520_IND)
Add component (AddParameter): Name = "Category"; Value = "Fixed Inductors"; VariantName = "[No Variations]"
Add component (AddParameter): Name = "ComponentLink1Description"; Value = "https://datasheet.octopart.com:443/CIGT252008LM2R2MNE-Samsung-Electro-Mechanics-datasheet-181233562.pdf?src-supplier=IHS"; VariantName = "[No Variations]"
Add component (AddParameter): Name = "ComponentLink1URL"; Value = "https://datasheet.octopart.com:443/CIGT252008LM2R2MNE-Samsung-Electro-Mechanics-datasheet-181233562.pdf?src-supplier=IHS"; VariantName = "[No Variations]"
Add component (AddParameter): Name = "ComponentLink2Description"; Value = "https://datasheet.octopart.com:443/CIGT252008LM2R2MNE-Samsung-Electro-Mechanics-datasheet-168494664.pdf?src-supplier=Future+Electronics"; VariantName = "[No Variations]"
Add component (AddParameter): Name = "ComponentLink2URL"; Value = "https://datasheet.octopart.com:443/CIGT252008LM2R2MNE-Samsung-Electro-Mechanics-datasheet-168494664.pdf?src-supplier=Future+Electronics"; VariantName = "[No Variations]"
Add component (AddParameter): Name = "DC Resistance (DCR)"; Value = "97mO"; VariantName = "[No Variations]"
Add component (AddParameter): Name = "Lifecycle Status"; Value = "Production"; VariantName = "[No Variations]"
Add component (AddParameter): Name = "Manufacturer"; Value = "Samsung Electro-Mechanics"; VariantName = "[No Variations]"
Add component (AddParameter): Name = "Manufacturer Part Number"; Value = "CIGT252008LM2R2MNE"; VariantName = "[No Variations]"
Add component (AddParameter): Name = "Max Current Rating"; Value = "2A"; VariantName = "[No Variations]"
Add component (AddParameter): Name = "Max Operating Temperature"; Value = "125°C"; VariantName = "[No Variations]"
Add component (AddParameter): Name = "Min Operating Temperature"; Value = "-40°C"; VariantName = "[No Variations]"
Add component (AddParameter): Name = "Number of Circuits"; Value = "1"; VariantName = "[No Variations]"
Add component (AddParameter): Name = "Number of Terminals"; Value = "2"; VariantName = "[No Variations]"
Add component (AddParameter): Name = "Pricing"; Value = "1=0.19, 10=0.159, 100=0.1306, 1000=0.10743 (USD)"; VariantName = "[No Variations]"
Add component (AddParameter): Name = "REACH SVHC"; Value = "Yes"; VariantName = "[No Variations]"
Add component (AddParameter): Name = "RoHS"; Value = "Compliant"; VariantName = "[No Variations]"
Add component (AddParameter): Name = "Shielding"; Value = "Unshielded"; VariantName = "[No Variations]"
Add component (AddParameter): Name = "Stock"; Value = "51920"; VariantName = "[No Variations]"
Add component (AddParameter): Name = "Supplier"; Value = "DigiKey"; VariantName = "[No Variations]"
Add component (AddParameter): Name = "Supplier Part Number"; Value = "1276-6925-6-ND"; VariantName = "[No Variations]"
Add component (AddParameter): Name = "Test Frequency"; Value = "1MHz"; VariantName = "[No Variations]"
Add component (AddParameter): Name = "Tolerance"; Value = "20%"; VariantName = "[No Variations]"
Add component (AddParameter): Name = "Value"; Value = "2.2µH"; VariantName = "[No Variations]"
Added Component: Designator=MH1(MH_7.4MMC_3.2MMD)
Added Component: Designator=MH2(MH_7.4MMC_3.2MMD)
Added Component: Designator=MH3(MH_7.4MMC_3.2MMD)
Added Component: Designator=MH4(MH_7.4MMNC_3.2MMD)
Added Component: Designator=R1(R0805)
Add component (AddParameter): Name = "Case/Package"; Value = "0805"; VariantName = "[No Variations]"
Add component (AddParameter): Name = "Category"; Value = "Chip SMD Resistors"; VariantName = "[No Variations]"
Add component (AddParameter): Name = "China RoHS"; Value = "Non-Compliant"; VariantName = "[No Variations]"
Add component (AddParameter): Name = "ComponentLink1Description"; Value = "https://datasheet.octopart.com:443/AC0805FR-13100KL-Yageo-datasheet-182189377.pdf?src-supplier=IHS"; VariantName = "[No Variations]"
Add component (AddParameter): Name = "ComponentLink1URL"; Value = "https://datasheet.octopart.com:443/AC0805FR-13100KL-Yageo-datasheet-182189377.pdf?src-supplier=IHS"; VariantName = "[No Variations]"
Add component (AddParameter): Name = "ComponentLink2Description"; Value = "https://datasheet.octopart.com:443/AC0805FR-13100KL-Yageo-datasheet-83209224.pdf?src-supplier=Upverter"; VariantName = "[No Variations]"
Add component (AddParameter): Name = "ComponentLink2URL"; Value = "https://datasheet.octopart.com:443/AC0805FR-13100KL-Yageo-datasheet-83209224.pdf?src-supplier=Upverter"; VariantName = "[No Variations]"
Add component (AddParameter): Name = "ComponentLink3Description"; Value = "https://datasheet.octopart.com:443/AC0805FR-13100KL-Yageo-datasheet-178509465.pdf?src-supplier=Newark"; VariantName = "[No Variations]"
Add component (AddParameter): Name = "ComponentLink3URL"; Value = "https://datasheet.octopart.com:443/AC0805FR-13100KL-Yageo-datasheet-178509465.pdf?src-supplier=Newark"; VariantName = "[No Variations]"
Add component (AddParameter): Name = "ComponentLink4Description"; Value = "https://datasheet.octopart.com:443/AC0805FR-13100KL-Yageo-datasheet-166720450.pdf?src-supplier=Future+Electronics"; VariantName = "[No Variations]"
Add component (AddParameter): Name = "ComponentLink4URL"; Value = "https://datasheet.octopart.com:443/AC0805FR-13100KL-Yageo-datasheet-166720450.pdf?src-supplier=Future+Electronics"; VariantName = "[No Variations]"
Add component (AddParameter): Name = "ComponentLink5Description"; Value = "https://datasheet.octopart.com:443/AC0805FR-13100KL-Yageo-datasheet-151884373.pdf?src-supplier=Future+Electronics"; VariantName = "[No Variations]"
Add component (AddParameter): Name = "ComponentLink5URL"; Value = "https://datasheet.octopart.com:443/AC0805FR-13100KL-Yageo-datasheet-151884373.pdf?src-supplier=Future+Electronics"; VariantName = "[No Variations]"
Add component (AddParameter): Name = "ComponentLink6Description"; Value = "https://datasheet.octopart.com:443/AC0805FR-13100KL-Yageo-datasheet-137699919.pdf?src-supplier=Future+Electronics"; VariantName = "[No Variations]"
Add component (AddParameter): Name = "ComponentLink6URL"; Value = "https://datasheet.octopart.com:443/AC0805FR-13100KL-Yageo-datasheet-137699919.pdf?src-supplier=Future+Electronics"; VariantName = "[No Variations]"
Add component (AddParameter): Name = "ComponentLink7Description"; Value = "https://datasheet.octopart.com/AC0805FR-13100KL-Yageo-datasheet-12512238.pdf"; VariantName = "[No Variations]"
Add component (AddParameter): Name = "ComponentLink7URL"; Value = "https://datasheet.octopart.com/AC0805FR-13100KL-Yageo-datasheet-12512238.pdf"; VariantName = "[No Variations]"
Add component (AddParameter): Name = "ComponentLink8Description"; Value = "http://sigma.octopart.com:80/conflict_mineral_statement/Yageo-company-3.pdf?src-supplier=Compliance+Statements"; VariantName = "[No Variations]"
Add component (AddParameter): Name = "ComponentLink8URL"; Value = "http://sigma.octopart.com:80/conflict_mineral_statement/Yageo-company-3.pdf?src-supplier=Compliance+Statements"; VariantName = "[No Variations]"
Add component (AddParameter): Name = "ComponentLink9Description"; Value = "http://sigma.octopart.com:80/rohs_statement/Yageo-company-2.pdf?src-supplier=Compliance+Statements"; VariantName = "[No Variations]"
Add component (AddParameter): Name = "ComponentLink9URL"; Value = "http://sigma.octopart.com:80/rohs_statement/Yageo-company-2.pdf?src-supplier=Compliance+Statements"; VariantName = "[No Variations]"
Add component (AddParameter): Name = "Composition"; Value = "Thick Film"; VariantName = "[No Variations]"
Add component (AddParameter): Name = "Country of Origin"; Value = "Mainland China, Taiwan"; VariantName = "[No Variations]"
Add component (AddParameter): Name = "Depth"; Value = "1.25mm"; VariantName = "[No Variations]"
Add component (AddParameter): Name = "Export Control Classification Number (ECCN) Code"; Value = "EAR99"; VariantName = "[No Variations]"
Add component (AddParameter): Name = "Harmonized Tariff Schedule (HTS) Code"; Value = "8533.21.00.30"; VariantName = "[No Variations]"
Add component (AddParameter): Name = "Height"; Value = "500µm"; VariantName = "[No Variations]"
Add component (AddParameter): Name = "Introduction Date"; Value = "2012-04-10"; VariantName = "[No Variations]"
Add component (AddParameter): Name = "Length"; Value = "2mm"; VariantName = "[No Variations]"
Add component (AddParameter): Name = "Lifecycle Status"; Value = "Production"; VariantName = "[No Variations]"
Add component (AddParameter): Name = "Manufacturer"; Value = "Yageo Group"; VariantName = "[No Variations]"
Add component (AddParameter): Name = "Manufacturer Part Number"; Value = "AC0805FR-13100KL"; VariantName = "[No Variations]"
Add component (AddParameter): Name = "Max Operating Temperature"; Value = "155°C"; VariantName = "[No Variations]"
Add component (AddParameter): Name = "Military Standard"; Value = "Not"; VariantName = "[No Variations]"
Add component (AddParameter): Name = "Min Operating Temperature"; Value = "-55°C"; VariantName = "[No Variations]"
Add component (AddParameter): Name = "Mounting Technology"; Value = "Surface Mount"; VariantName = "[No Variations]"
Add component (AddParameter): Name = "Number of Terminals"; Value = "2"; VariantName = "[No Variations]"
Add component (AddParameter): Name = "Power Rating"; Value = "125mW"; VariantName = "[No Variations]"
Add component (AddParameter): Name = "Pricing"; Value = "1=0.1, 10=0.037, 25=0.028, 50=0.0228, 100=0.0188, 250=0.01484, 500=0.0126, 1000=0.01083, 5000=0.00803 (USD)"; VariantName = "[No Variations]"
Add component (AddParameter): Name = "Ratings"; Value = "AEC-Q200"; VariantName = "[No Variations]"
Add component (AddParameter): Name = "REACH SVHC"; Value = "Yes"; VariantName = "[No Variations]"
Add component (AddParameter): Name = "RoHS"; Value = "Compliant"; VariantName = "[No Variations]"
Add component (AddParameter): Name = "Stock"; Value = "276323"; VariantName = "[No Variations]"
Add component (AddParameter): Name = "Supplier"; Value = "DigiKey"; VariantName = "[No Variations]"
Add component (AddParameter): Name = "Supplier Part Number"; Value = "13-AC0805FR-13100KLCT-ND"; VariantName = "[No Variations]"
Add component (AddParameter): Name = "Temperature Coefficient"; Value = "100ppm/°C"; VariantName = "[No Variations]"
Add component (AddParameter): Name = "Tolerance"; Value = "1%"; VariantName = "[No Variations]"
Add component (AddParameter): Name = "Value"; Value = "100kO"; VariantName = "[No Variations]"
Add component (AddParameter): Name = "Voltage Rating"; Value = "150V"; VariantName = "[No Variations]"
Add component (AddParameter): Name = "Width"; Value = "1.25mm"; VariantName = "[No Variations]"
Add component (AddParameter): Name = "Working Voltage"; Value = "150V"; VariantName = "[No Variations]"
Added Component: Designator=R2(R0805)
Add component (AddParameter): Name = "Case Code (Imperial)"; Value = "0805"; VariantName = "[No Variations]"
Add component (AddParameter): Name = "Case Code (Metric)"; Value = "2012"; VariantName = "[No Variations]"
Add component (AddParameter): Name = "Case/Package"; Value = "0805"; VariantName = "[No Variations]"
Add component (AddParameter): Name = "Category"; Value = "Chip SMD Resistors"; VariantName = "[No Variations]"
Add component (AddParameter): Name = "China RoHS"; Value = "Non-Compliant"; VariantName = "[No Variations]"
Add component (AddParameter): Name = "ComponentLink1Description"; Value = "https://datasheet.octopart.com:443/AC0805FR-07560RL-Yageo-datasheet-182189377.pdf?src-supplier=IHS"; VariantName = "[No Variations]"
Add component (AddParameter): Name = "ComponentLink1URL"; Value = "https://datasheet.octopart.com:443/AC0805FR-07560RL-Yageo-datasheet-182189377.pdf?src-supplier=IHS"; VariantName = "[No Variations]"
Add component (AddParameter): Name = "ComponentLink2Description"; Value = "https://datasheet.octopart.com:443/AC0805FR-07560RL-Yageo-datasheet-83209224.pdf?src-supplier=Upverter"; VariantName = "[No Variations]"
Add component (AddParameter): Name = "ComponentLink2URL"; Value = "https://datasheet.octopart.com:443/AC0805FR-07560RL-Yageo-datasheet-83209224.pdf?src-supplier=Upverter"; VariantName = "[No Variations]"
Add component (AddParameter): Name = "ComponentLink3Description"; Value = "https://datasheet.octopart.com:443/AC0805FR-07560RL-Yageo-datasheet-178509465.pdf?src-supplier=Newark"; VariantName = "[No Variations]"
Add component (AddParameter): Name = "ComponentLink3URL"; Value = "https://datasheet.octopart.com:443/AC0805FR-07560RL-Yageo-datasheet-178509465.pdf?src-supplier=Newark"; VariantName = "[No Variations]"
Add component (AddParameter): Name = "ComponentLink4Description"; Value = "https://datasheet.octopart.com:443/AC0805FR-07560RL-Yageo-Group-datasheet-188689268.pdf?src-supplier=LCSC"; VariantName = "[No Variations]"
Add component (AddParameter): Name = "ComponentLink4URL"; Value = "https://datasheet.octopart.com:443/AC0805FR-07560RL-Yageo-Group-datasheet-188689268.pdf?src-supplier=LCSC"; VariantName = "[No Variations]"
Add component (AddParameter): Name = "ComponentLink5Description"; Value = "https://datasheet.octopart.com:443/AC0805FR-07560RL-Yageo-datasheet-166720450.pdf?src-supplier=Future+Electronics"; VariantName = "[No Variations]"
Add component (AddParameter): Name = "ComponentLink5URL"; Value = "https://datasheet.octopart.com:443/AC0805FR-07560RL-Yageo-datasheet-166720450.pdf?src-supplier=Future+Electronics"; VariantName = "[No Variations]"
Add component (AddParameter): Name = "ComponentLink6Description"; Value = "https://datasheet.octopart.com:443/AC0805FR-07560RL-Yageo-datasheet-151884373.pdf?src-supplier=Future+Electronics"; VariantName = "[No Variations]"
Add component (AddParameter): Name = "ComponentLink6URL"; Value = "https://datasheet.octopart.com:443/AC0805FR-07560RL-Yageo-datasheet-151884373.pdf?src-supplier=Future+Electronics"; VariantName = "[No Variations]"
Add component (AddParameter): Name = "ComponentLink7Description"; Value = "https://datasheet.octopart.com:443/AC0805FR-07560RL-Yageo-datasheet-137699919.pdf?src-supplier=Future+Electronics"; VariantName = "[No Variations]"
Add component (AddParameter): Name = "ComponentLink7URL"; Value = "https://datasheet.octopart.com:443/AC0805FR-07560RL-Yageo-datasheet-137699919.pdf?src-supplier=Future+Electronics"; VariantName = "[No Variations]"
Add component (AddParameter): Name = "ComponentLink8Description"; Value = "https://datasheet.octopart.com:443/AC0805FR-07560RL-Yageo-datasheet-86786639.pdf?src-supplier=Future+Electronics"; VariantName = "[No Variations]"
Add component (AddParameter): Name = "ComponentLink8URL"; Value = "https://datasheet.octopart.com:443/AC0805FR-07560RL-Yageo-datasheet-86786639.pdf?src-supplier=Future+Electronics"; VariantName = "[No Variations]"
Add component (AddParameter): Name = "ComponentLink9Description"; Value = "https://datasheet.octopart.com:443/AC0805FR-07560RL-Yageo-datasheet-159083007.pdf?src-supplier=TME"; VariantName = "[No Variations]"
Add component (AddParameter): Name = "ComponentLink9URL"; Value = "https://datasheet.octopart.com:443/AC0805FR-07560RL-Yageo-datasheet-159083007.pdf?src-supplier=TME"; VariantName = "[No Variations]"
Add component (AddParameter): Name = "ComponentLink10Description"; Value = "https://datasheet.octopart.com:443/AC0805FR-07560RL-Yageo-datasheet-128680628.pdf?src-supplier=X-ON"; VariantName = "[No Variations]"
Add component (AddParameter): Name = "ComponentLink10URL"; Value = "https://datasheet.octopart.com:443/AC0805FR-07560RL-Yageo-datasheet-128680628.pdf?src-supplier=X-ON"; VariantName = "[No Variations]"
Add component (AddParameter): Name = "ComponentLink11Description"; Value = "https://datasheet.octopart.com/AC0805FR-07560RL-Yageo-datasheet-12512238.pdf"; VariantName = "[No Variations]"
Add component (AddParameter): Name = "ComponentLink11URL"; Value = "https://datasheet.octopart.com/AC0805FR-07560RL-Yageo-datasheet-12512238.pdf"; VariantName = "[No Variations]"
Add component (AddParameter): Name = "ComponentLink12Description"; Value = "http://sigma.octopart.com:80/conflict_mineral_statement/Yageo-company-3.pdf?src-supplier=Compliance+Statements"; VariantName = "[No Variations]"
Add component (AddParameter): Name = "ComponentLink12URL"; Value = "http://sigma.octopart.com:80/conflict_mineral_statement/Yageo-company-3.pdf?src-supplier=Compliance+Statements"; VariantName = "[No Variations]"
Add component (AddParameter): Name = "ComponentLink13Description"; Value = "http://sigma.octopart.com:80/rohs_statement/Yageo-company-2.pdf?src-supplier=Compliance+Statements"; VariantName = "[No Variations]"
Add component (AddParameter): Name = "ComponentLink13URL"; Value = "http://sigma.octopart.com:80/rohs_statement/Yageo-company-2.pdf?src-supplier=Compliance+Statements"; VariantName = "[No Variations]"
Add component (AddParameter): Name = "Composition"; Value = "Thick Film"; VariantName = "[No Variations]"
Add component (AddParameter): Name = "Features"; Value = "Automotive AEC-Q200, Moisture Resistant"; VariantName = "[No Variations]"
Add component (AddParameter): Name = "Height"; Value = "500µm"; VariantName = "[No Variations]"
Add component (AddParameter): Name = "Length"; Value = "2mm"; VariantName = "[No Variations]"
Add component (AddParameter): Name = "Lifecycle Status"; Value = "Production"; VariantName = "[No Variations]"
Add component (AddParameter): Name = "Manufacturer"; Value = "Yageo Group"; VariantName = "[No Variations]"
Add component (AddParameter): Name = "Manufacturer Package Identifier"; Value = "0805 (2012 metric)"; VariantName = "[No Variations]"
Add component (AddParameter): Name = "Manufacturer Part Number"; Value = "AC0805FR-07560RL"; VariantName = "[No Variations]"
Add component (AddParameter): Name = "Max Operating Temperature"; Value = "155°C"; VariantName = "[No Variations]"
Add component (AddParameter): Name = "Max Power Dissipation"; Value = "125mW"; VariantName = "[No Variations]"
Add component (AddParameter): Name = "Min Operating Temperature"; Value = "-55°C"; VariantName = "[No Variations]"
Add component (AddParameter): Name = "Mounting Technology"; Value = "Surface Mount"; VariantName = "[No Variations]"
Add component (AddParameter): Name = "Number of Terminals"; Value = "2"; VariantName = "[No Variations]"
Add component (AddParameter): Name = "Number of Terminations"; Value = "2"; VariantName = "[No Variations]"
Add component (AddParameter): Name = "Packaging"; Value = "Tape & Reel"; VariantName = "[No Variations]"
Add component (AddParameter): Name = "Power Rating"; Value = "125mW"; VariantName = "[No Variations]"
Add component (AddParameter): Name = "Pricing"; Value = "1=0.1, 10=0.037, 25=0.028, 50=0.0228, 100=0.0188, 250=0.01484, 500=0.0126, 1000=0.01083 (USD)"; VariantName = "[No Variations]"
Add component (AddParameter): Name = "Ratings"; Value = "AEC-Q200"; VariantName = "[No Variations]"
Add component (AddParameter): Name = "REACH SVHC"; Value = "Yes"; VariantName = "[No Variations]"
Add component (AddParameter): Name = "RoHS"; Value = "Compliant"; VariantName = "[No Variations]"
Add component (AddParameter): Name = "Schedule B"; Value = "8533210045, 8533210045|8533210045, 8533210045|8533210045|8533210045, 8533210045|8533210045|8533210045|8533210045"; VariantName = "[No Variations]"
Add component (AddParameter): Name = "Stock"; Value = "36111"; VariantName = "[No Variations]"
Add component (AddParameter): Name = "Supplier"; Value = "DigiKey"; VariantName = "[No Variations]"
Add component (AddParameter): Name = "Supplier Part Number"; Value = "YAG3743DKR-ND"; VariantName = "[No Variations]"
Add component (AddParameter): Name = "Temperature Coefficient"; Value = "100ppm/°C"; VariantName = "[No Variations]"
Add component (AddParameter): Name = "Termination"; Value = "SMD/SMT"; VariantName = "[No Variations]"
Add component (AddParameter): Name = "Tolerance"; Value = "1%"; VariantName = "[No Variations]"
Add component (AddParameter): Name = "Value"; Value = "560O"; VariantName = "[No Variations]"
Add component (AddParameter): Name = "Voltage Rating"; Value = "150V"; VariantName = "[No Variations]"
Add component (AddParameter): Name = "Weight"; Value = "5.499807mg"; VariantName = "[No Variations]"
Add component (AddParameter): Name = "Width"; Value = "1.25mm"; VariantName = "[No Variations]"
Add component (AddParameter): Name = "Working Voltage"; Value = "150V"; VariantName = "[No Variations]"
Added Component: Designator=R3(R0805)
Add component (AddParameter): Name = "Case Code (Imperial)"; Value = "0805"; VariantName = "[No Variations]"
Add component (AddParameter): Name = "Case Code (Metric)"; Value = "2012"; VariantName = "[No Variations]"
Add component (AddParameter): Name = "Case/Package"; Value = "0805"; VariantName = "[No Variations]"
Add component (AddParameter): Name = "Category"; Value = "Chip SMD Resistors"; VariantName = "[No Variations]"
Add component (AddParameter): Name = "China RoHS"; Value = "Non-Compliant"; VariantName = "[No Variations]"
Add component (AddParameter): Name = "ComponentLink1Description"; Value = "https://datasheet.octopart.com:443/AC0805FR-07560RL-Yageo-datasheet-182189377.pdf?src-supplier=IHS"; VariantName = "[No Variations]"
Add component (AddParameter): Name = "ComponentLink1URL"; Value = "https://datasheet.octopart.com:443/AC0805FR-07560RL-Yageo-datasheet-182189377.pdf?src-supplier=IHS"; VariantName = "[No Variations]"
Add component (AddParameter): Name = "ComponentLink2Description"; Value = "https://datasheet.octopart.com:443/AC0805FR-07560RL-Yageo-datasheet-83209224.pdf?src-supplier=Upverter"; VariantName = "[No Variations]"
Add component (AddParameter): Name = "ComponentLink2URL"; Value = "https://datasheet.octopart.com:443/AC0805FR-07560RL-Yageo-datasheet-83209224.pdf?src-supplier=Upverter"; VariantName = "[No Variations]"
Add component (AddParameter): Name = "ComponentLink3Description"; Value = "https://datasheet.octopart.com:443/AC0805FR-07560RL-Yageo-datasheet-178509465.pdf?src-supplier=Newark"; VariantName = "[No Variations]"
Add component (AddParameter): Name = "ComponentLink3URL"; Value = "https://datasheet.octopart.com:443/AC0805FR-07560RL-Yageo-datasheet-178509465.pdf?src-supplier=Newark"; VariantName = "[No Variations]"
Add component (AddParameter): Name = "ComponentLink4Description"; Value = "https://datasheet.octopart.com:443/AC0805FR-07560RL-Yageo-Group-datasheet-188689268.pdf?src-supplier=LCSC"; VariantName = "[No Variations]"
Add component (AddParameter): Name = "ComponentLink4URL"; Value = "https://datasheet.octopart.com:443/AC0805FR-07560RL-Yageo-Group-datasheet-188689268.pdf?src-supplier=LCSC"; VariantName = "[No Variations]"
Add component (AddParameter): Name = "ComponentLink5Description"; Value = "https://datasheet.octopart.com:443/AC0805FR-07560RL-Yageo-datasheet-166720450.pdf?src-supplier=Future+Electronics"; VariantName = "[No Variations]"
Add component (AddParameter): Name = "ComponentLink5URL"; Value = "https://datasheet.octopart.com:443/AC0805FR-07560RL-Yageo-datasheet-166720450.pdf?src-supplier=Future+Electronics"; VariantName = "[No Variations]"
Add component (AddParameter): Name = "ComponentLink6Description"; Value = "https://datasheet.octopart.com:443/AC0805FR-07560RL-Yageo-datasheet-151884373.pdf?src-supplier=Future+Electronics"; VariantName = "[No Variations]"
Add component (AddParameter): Name = "ComponentLink6URL"; Value = "https://datasheet.octopart.com:443/AC0805FR-07560RL-Yageo-datasheet-151884373.pdf?src-supplier=Future+Electronics"; VariantName = "[No Variations]"
Add component (AddParameter): Name = "ComponentLink7Description"; Value = "https://datasheet.octopart.com:443/AC0805FR-07560RL-Yageo-datasheet-137699919.pdf?src-supplier=Future+Electronics"; VariantName = "[No Variations]"
Add component (AddParameter): Name = "ComponentLink7URL"; Value = "https://datasheet.octopart.com:443/AC0805FR-07560RL-Yageo-datasheet-137699919.pdf?src-supplier=Future+Electronics"; VariantName = "[No Variations]"
Add component (AddParameter): Name = "ComponentLink8Description"; Value = "https://datasheet.octopart.com:443/AC0805FR-07560RL-Yageo-datasheet-86786639.pdf?src-supplier=Future+Electronics"; VariantName = "[No Variations]"
Add component (AddParameter): Name = "ComponentLink8URL"; Value = "https://datasheet.octopart.com:443/AC0805FR-07560RL-Yageo-datasheet-86786639.pdf?src-supplier=Future+Electronics"; VariantName = "[No Variations]"
Add component (AddParameter): Name = "ComponentLink9Description"; Value = "https://datasheet.octopart.com:443/AC0805FR-07560RL-Yageo-datasheet-159083007.pdf?src-supplier=TME"; VariantName = "[No Variations]"
Add component (AddParameter): Name = "ComponentLink9URL"; Value = "https://datasheet.octopart.com:443/AC0805FR-07560RL-Yageo-datasheet-159083007.pdf?src-supplier=TME"; VariantName = "[No Variations]"
Add component (AddParameter): Name = "ComponentLink10Description"; Value = "https://datasheet.octopart.com:443/AC0805FR-07560RL-Yageo-datasheet-128680628.pdf?src-supplier=X-ON"; VariantName = "[No Variations]"
Add component (AddParameter): Name = "ComponentLink10URL"; Value = "https://datasheet.octopart.com:443/AC0805FR-07560RL-Yageo-datasheet-128680628.pdf?src-supplier=X-ON"; VariantName = "[No Variations]"
Add component (AddParameter): Name = "ComponentLink11Description"; Value = "https://datasheet.octopart.com/AC0805FR-07560RL-Yageo-datasheet-12512238.pdf"; VariantName = "[No Variations]"
Add component (AddParameter): Name = "ComponentLink11URL"; Value = "https://datasheet.octopart.com/AC0805FR-07560RL-Yageo-datasheet-12512238.pdf"; VariantName = "[No Variations]"
Add component (AddParameter): Name = "ComponentLink12Description"; Value = "http://sigma.octopart.com:80/conflict_mineral_statement/Yageo-company-3.pdf?src-supplier=Compliance+Statements"; VariantName = "[No Variations]"
Add component (AddParameter): Name = "ComponentLink12URL"; Value = "http://sigma.octopart.com:80/conflict_mineral_statement/Yageo-company-3.pdf?src-supplier=Compliance+Statements"; VariantName = "[No Variations]"
Add component (AddParameter): Name = "ComponentLink13Description"; Value = "http://sigma.octopart.com:80/rohs_statement/Yageo-company-2.pdf?src-supplier=Compliance+Statements"; VariantName = "[No Variations]"
Add component (AddParameter): Name = "ComponentLink13URL"; Value = "http://sigma.octopart.com:80/rohs_statement/Yageo-company-2.pdf?src-supplier=Compliance+Statements"; VariantName = "[No Variations]"
Add component (AddParameter): Name = "Composition"; Value = "Thick Film"; VariantName = "[No Variations]"
Add component (AddParameter): Name = "Features"; Value = "Automotive AEC-Q200, Moisture Resistant"; VariantName = "[No Variations]"
Add component (AddParameter): Name = "Height"; Value = "500µm"; VariantName = "[No Variations]"
Add component (AddParameter): Name = "Length"; Value = "2mm"; VariantName = "[No Variations]"
Add component (AddParameter): Name = "Lifecycle Status"; Value = "Production"; VariantName = "[No Variations]"
Add component (AddParameter): Name = "Manufacturer"; Value = "Yageo Group"; VariantName = "[No Variations]"
Add component (AddParameter): Name = "Manufacturer Package Identifier"; Value = "0805 (2012 metric)"; VariantName = "[No Variations]"
Add component (AddParameter): Name = "Manufacturer Part Number"; Value = "AC0805FR-07560RL"; VariantName = "[No Variations]"
Add component (AddParameter): Name = "Max Operating Temperature"; Value = "155°C"; VariantName = "[No Variations]"
Add component (AddParameter): Name = "Max Power Dissipation"; Value = "125mW"; VariantName = "[No Variations]"
Add component (AddParameter): Name = "Min Operating Temperature"; Value = "-55°C"; VariantName = "[No Variations]"
Add component (AddParameter): Name = "Mounting Technology"; Value = "Surface Mount"; VariantName = "[No Variations]"
Add component (AddParameter): Name = "Number of Terminals"; Value = "2"; VariantName = "[No Variations]"
Add component (AddParameter): Name = "Number of Terminations"; Value = "2"; VariantName = "[No Variations]"
Add component (AddParameter): Name = "Packaging"; Value = "Tape & Reel"; VariantName = "[No Variations]"
Add component (AddParameter): Name = "Power Rating"; Value = "125mW"; VariantName = "[No Variations]"
Add component (AddParameter): Name = "Pricing"; Value = "1=0.1, 10=0.037, 25=0.028, 50=0.0228, 100=0.0188, 250=0.01484, 500=0.0126, 1000=0.01083 (USD)"; VariantName = "[No Variations]"
Add component (AddParameter): Name = "Ratings"; Value = "AEC-Q200"; VariantName = "[No Variations]"
Add component (AddParameter): Name = "REACH SVHC"; Value = "Yes"; VariantName = "[No Variations]"
Add component (AddParameter): Name = "RoHS"; Value = "Compliant"; VariantName = "[No Variations]"
Add component (AddParameter): Name = "Schedule B"; Value = "8533210045, 8533210045|8533210045, 8533210045|8533210045|8533210045, 8533210045|8533210045|8533210045|8533210045"; VariantName = "[No Variations]"
Add component (AddParameter): Name = "Stock"; Value = "36111"; VariantName = "[No Variations]"
Add component (AddParameter): Name = "Supplier"; Value = "DigiKey"; VariantName = "[No Variations]"
Add component (AddParameter): Name = "Supplier Part Number"; Value = "YAG3743DKR-ND"; VariantName = "[No Variations]"
Add component (AddParameter): Name = "Temperature Coefficient"; Value = "100ppm/°C"; VariantName = "[No Variations]"
Add component (AddParameter): Name = "Termination"; Value = "SMD/SMT"; VariantName = "[No Variations]"
Add component (AddParameter): Name = "Tolerance"; Value = "1%"; VariantName = "[No Variations]"
Add component (AddParameter): Name = "Value"; Value = "560O"; VariantName = "[No Variations]"
Add component (AddParameter): Name = "Voltage Rating"; Value = "150V"; VariantName = "[No Variations]"
Add component (AddParameter): Name = "Weight"; Value = "5.499807mg"; VariantName = "[No Variations]"
Add component (AddParameter): Name = "Width"; Value = "1.25mm"; VariantName = "[No Variations]"
Add component (AddParameter): Name = "Working Voltage"; Value = "150V"; VariantName = "[No Variations]"
Added Component: Designator=R4(R0805)
Add component (AddParameter): Name = "Case Code (Imperial)"; Value = "0805"; VariantName = "[No Variations]"
Add component (AddParameter): Name = "Case/Package"; Value = "0805"; VariantName = "[No Variations]"
Add component (AddParameter): Name = "Category"; Value = "Chip SMD Resistors"; VariantName = "[No Variations]"
Add component (AddParameter): Name = "China RoHS"; Value = "Non-Compliant"; VariantName = "[No Variations]"
Add component (AddParameter): Name = "ComponentLink1Description"; Value = "https://datasheet.octopart.com:443/RC0805FR-0710KL-Yageo-datasheet-175887523.pdf?src-supplier=Newark"; VariantName = "[No Variations]"
Add component (AddParameter): Name = "ComponentLink1URL"; Value = "https://datasheet.octopart.com:443/RC0805FR-0710KL-Yageo-datasheet-175887523.pdf?src-supplier=Newark"; VariantName = "[No Variations]"
Add component (AddParameter): Name = "ComponentLink2Description"; Value = "https://datasheet.octopart.com:443/RC0805FR-0710KL-Yageo-datasheet-62067350.pdf?src-supplier=Farnell"; VariantName = "[No Variations]"
Add component (AddParameter): Name = "ComponentLink2URL"; Value = "https://datasheet.octopart.com:443/RC0805FR-0710KL-Yageo-datasheet-62067350.pdf?src-supplier=Farnell"; VariantName = "[No Variations]"
Add component (AddParameter): Name = "ComponentLink3Description"; Value = "https://datasheet.octopart.com:443/RC0805FR-0710KL-Yageo-datasheet-13691069.pdf?src-supplier=Farnell"; VariantName = "[No Variations]"
Add component (AddParameter): Name = "ComponentLink3URL"; Value = "https://datasheet.octopart.com:443/RC0805FR-0710KL-Yageo-datasheet-13691069.pdf?src-supplier=Farnell"; VariantName = "[No Variations]"
Add component (AddParameter): Name = "ComponentLink4Description"; Value = "https://datasheet.octopart.com:443/RC0805FR-0710KL-Yageo-datasheet-103092701.pdf?src-supplier=Upverter"; VariantName = "[No Variations]"
Add component (AddParameter): Name = "ComponentLink4URL"; Value = "https://datasheet.octopart.com:443/RC0805FR-0710KL-Yageo-datasheet-103092701.pdf?src-supplier=Upverter"; VariantName = "[No Variations]"
Add component (AddParameter): Name = "ComponentLink5Description"; Value = "https://datasheet.octopart.com:443/RC0805FR-0710KL-Yageo-datasheet-98239111.pdf?src-supplier=Upverter"; VariantName = "[No Variations]"
Add component (AddParameter): Name = "ComponentLink5URL"; Value = "https://datasheet.octopart.com:443/RC0805FR-0710KL-Yageo-datasheet-98239111.pdf?src-supplier=Upverter"; VariantName = "[No Variations]"
Add component (AddParameter): Name = "ComponentLink6Description"; Value = "https://datasheet.octopart.com:443/RC0805FR-0710KL-Yageo---Phycomp-datasheet-67302840.pdf?src-supplier=Upverter"; VariantName = "[No Variations]"
Add component (AddParameter): Name = "ComponentLink6URL"; Value = "https://datasheet.octopart.com:443/RC0805FR-0710KL-Yageo---Phycomp-datasheet-67302840.pdf?src-supplier=Upverter"; VariantName = "[No Variations]"
Add component (AddParameter): Name = "ComponentLink7Description"; Value = "https://datasheet.octopart.com:443/RC0805FR-0710KL-Yageo-datasheet-8330313.pdf?src-supplier=element14+APAC"; VariantName = "[No Variations]"
Add component (AddParameter): Name = "ComponentLink7URL"; Value = "https://datasheet.octopart.com:443/RC0805FR-0710KL-Yageo-datasheet-8330313.pdf?src-supplier=element14+APAC"; VariantName = "[No Variations]"
Add component (AddParameter): Name = "ComponentLink8Description"; Value = "https://datasheet.octopart.com:443/RC0805FR-0710KL-Yageo-datasheet-12592811.pdf?src-supplier=element14+APAC"; VariantName = "[No Variations]"
Add component (AddParameter): Name = "ComponentLink8URL"; Value = "https://datasheet.octopart.com:443/RC0805FR-0710KL-Yageo-datasheet-12592811.pdf?src-supplier=element14+APAC"; VariantName = "[No Variations]"
Add component (AddParameter): Name = "ComponentLink9Description"; Value = "https://datasheet.octopart.com:443/RC0805FR-0710KL-Yageo-Group-datasheet-190305687.pdf?src-supplier=Future+Electronics"; VariantName = "[No Variations]"
Add component (AddParameter): Name = "ComponentLink9URL"; Value = "https://datasheet.octopart.com:443/RC0805FR-0710KL-Yageo-Group-datasheet-190305687.pdf?src-supplier=Future+Electronics"; VariantName = "[No Variations]"
Add component (AddParameter): Name = "ComponentLink10Description"; Value = "https://datasheet.octopart.com:443/RC0805FR-0710KL-Yageo-datasheet-164759695.pdf?src-supplier=Future+Electronics"; VariantName = "[No Variations]"
Add component (AddParameter): Name = "ComponentLink10URL"; Value = "https://datasheet.octopart.com:443/RC0805FR-0710KL-Yageo-datasheet-164759695.pdf?src-supplier=Future+Electronics"; VariantName = "[No Variations]"
Add component (AddParameter): Name = "ComponentLink11Description"; Value = "https://datasheet.octopart.com:443/RC0805FR-0710KL-Yageo-datasheet-15800360.pdf?src-supplier=Future+Electronics"; VariantName = "[No Variations]"
Add component (AddParameter): Name = "ComponentLink11URL"; Value = "https://datasheet.octopart.com:443/RC0805FR-0710KL-Yageo-datasheet-15800360.pdf?src-supplier=Future+Electronics"; VariantName = "[No Variations]"
Add component (AddParameter): Name = "ComponentLink12Description"; Value = "https://datasheet.octopart.com:443/RC0805FR-0710KL-Yageo-datasheet-8324252.pdf?src-supplier=Future+Electronics"; VariantName = "[No Variations]"
Add component (AddParameter): Name = "ComponentLink12URL"; Value = "https://datasheet.octopart.com:443/RC0805FR-0710KL-Yageo-datasheet-8324252.pdf?src-supplier=Future+Electronics"; VariantName = "[No Variations]"
Add component (AddParameter): Name = "ComponentLink13Description"; Value = "https://datasheet.octopart.com:443/RC0805FR-0710KL-Yageo-datasheet-79472498.pdf?src-supplier=Megastar"; VariantName = "[No Variations]"
Add component (AddParameter): Name = "ComponentLink13URL"; Value = "https://datasheet.octopart.com:443/RC0805FR-0710KL-Yageo-datasheet-79472498.pdf?src-supplier=Megastar"; VariantName = "[No Variations]"
Add component (AddParameter): Name = "ComponentLink14Description"; Value = "https://datasheet.octopart.com:443/RC0805FR-0710KL-Yageo-datasheet-27714392.pdf?src-supplier=Seeed+Studio"; VariantName = "[No Variations]"
Add component (AddParameter): Name = "ComponentLink14URL"; Value = "https://datasheet.octopart.com:443/RC0805FR-0710KL-Yageo-datasheet-27714392.pdf?src-supplier=Seeed+Studio"; VariantName = "[No Variations]"
Add component (AddParameter): Name = "ComponentLink15Description"; Value = "https://datasheet.octopart.com/RC0805FR-0710KL-Yageo-datasheet-73766026.pdf"; VariantName = "[No Variations]"
Add component (AddParameter): Name = "ComponentLink15URL"; Value = "https://datasheet.octopart.com/RC0805FR-0710KL-Yageo-datasheet-73766026.pdf"; VariantName = "[No Variations]"
Add component (AddParameter): Name = "ComponentLink16Description"; Value = "https://datasheet.octopart.com:443/RC0805FR-0710KL-Yageo-datasheet-118657.pdf?src-supplier=DigiKey"; VariantName = "[No Variations]"
Add component (AddParameter): Name = "ComponentLink16URL"; Value = "https://datasheet.octopart.com:443/RC0805FR-0710KL-Yageo-datasheet-118657.pdf?src-supplier=DigiKey"; VariantName = "[No Variations]"
Add component (AddParameter): Name = "ComponentLink17Description"; Value = "https://datasheet.octopart.com:443/RC0805FR-0710KL-Yageo-datasheet-502840.pdf?src-supplier=element14"; VariantName = "[No Variations]"
Add component (AddParameter): Name = "ComponentLink17URL"; Value = "https://datasheet.octopart.com:443/RC0805FR-0710KL-Yageo-datasheet-502840.pdf?src-supplier=element14"; VariantName = "[No Variations]"
Add component (AddParameter): Name = "ComponentLink18Description"; Value = "http://sigma.octopart.com:80/conflict_mineral_statement/Yageo-company-3.pdf?src-supplier=Compliance+Statements"; VariantName = "[No Variations]"
Add component (AddParameter): Name = "ComponentLink18URL"; Value = "http://sigma.octopart.com:80/conflict_mineral_statement/Yageo-company-3.pdf?src-supplier=Compliance+Statements"; VariantName = "[No Variations]"
Add component (AddParameter): Name = "ComponentLink19Description"; Value = "http://sigma.octopart.com:80/rohs_statement/Yageo-company-2.pdf?src-supplier=Compliance+Statements"; VariantName = "[No Variations]"
Add component (AddParameter): Name = "ComponentLink19URL"; Value = "http://sigma.octopart.com:80/rohs_statement/Yageo-company-2.pdf?src-supplier=Compliance+Statements"; VariantName = "[No Variations]"
Add component (AddParameter): Name = "Composition"; Value = "Thick Film"; VariantName = "[No Variations]"
Add component (AddParameter): Name = "Country of Origin"; Value = "Mainland China, Taiwan"; VariantName = "[No Variations]"
Add component (AddParameter): Name = "Depth"; Value = "1.25mm"; VariantName = "[No Variations]"
Add component (AddParameter): Name = "Export Control Classification Number (ECCN) Code"; Value = "EAR99"; VariantName = "[No Variations]"
Add component (AddParameter): Name = "Features"; Value = "Moisture Resistant"; VariantName = "[No Variations]"
Add component (AddParameter): Name = "Harmonized Tariff Schedule (HTS) Code"; Value = "8533.21.00.30"; VariantName = "[No Variations]"
Add component (AddParameter): Name = "Height"; Value = "500µm"; VariantName = "[No Variations]"
Add component (AddParameter): Name = "Introduction Date"; Value = "2004-09-22"; VariantName = "[No Variations]"
Add component (AddParameter): Name = "Lead Free"; Value = "Lead Free"; VariantName = "[No Variations]"
Add component (AddParameter): Name = "Length"; Value = "2mm"; VariantName = "[No Variations]"
Add component (AddParameter): Name = "Lifecycle Status"; Value = "Production"; VariantName = "[No Variations]"
Add component (AddParameter): Name = "Manufacturer"; Value = "Yageo Group"; VariantName = "[No Variations]"
Add component (AddParameter): Name = "Manufacturer Part Number"; Value = "RC0805FR-0710KL"; VariantName = "[No Variations]"
Add component (AddParameter): Name = "Max Operating Temperature"; Value = "155°C"; VariantName = "[No Variations]"
Add component (AddParameter): Name = "Max Power Dissipation"; Value = "125mW"; VariantName = "[No Variations]"
Add component (AddParameter): Name = "Military Standard"; Value = "Not"; VariantName = "[No Variations]"
Add component (AddParameter): Name = "Min Operating Temperature"; Value = "-55°C"; VariantName = "[No Variations]"
Add component (AddParameter): Name = "Mounting Technology"; Value = "Surface Mount"; VariantName = "[No Variations]"
Add component (AddParameter): Name = "Number of Terminals"; Value = "2"; VariantName = "[No Variations]"
Add component (AddParameter): Name = "Number of Terminations"; Value = "2"; VariantName = "[No Variations]"
Add component (AddParameter): Name = "Packaging"; Value = "Tape and Reel"; VariantName = "[No Variations]"
Add component (AddParameter): Name = "Pins"; Value = "2"; VariantName = "[No Variations]"
Add component (AddParameter): Name = "Power Dissipation"; Value = "125mW"; VariantName = "[No Variations]"
Add component (AddParameter): Name = "Power Rating"; Value = "125mW"; VariantName = "[No Variations]"
Add component (AddParameter): Name = "Pricing"; Value = "1=0.13, 10=0.009, 25=0.0088, 50=0.0082 (USD)"; VariantName = "[No Variations]"
Add component (AddParameter): Name = "REACH SVHC"; Value = "Yes"; VariantName = "[No Variations]"
Add component (AddParameter): Name = "RoHS"; Value = "Compliant"; VariantName = "[No Variations]"
Add component (AddParameter): Name = "Schedule B"; Value = "8533210045, 8533210045|8533210045|8533210045|8533210045|8533210045|8533210045|8533210045|8533210045|8533210045|8533210045|8533210045|8533210045|8533210045|8533210045|8533210045|8533210045|8533210045|8533210045|8533210045|8533210045|8533210045|8533210045|8533210045|85"; VariantName = "[No Variations]"
Add component (AddParameter): Name = "Stock"; Value = "2846345"; VariantName = "[No Variations]"
Add component (AddParameter): Name = "Supplier"; Value = "DigiKey"; VariantName = "[No Variations]"
Add component (AddParameter): Name = "Supplier Part Number"; Value = "311-10.0KCRCT-ND"; VariantName = "[No Variations]"
Add component (AddParameter): Name = "Temperature Coefficient"; Value = "100ppm/°C"; VariantName = "[No Variations]"
Add component (AddParameter): Name = "Termination"; Value = "SMD/SMT"; VariantName = "[No Variations]"
Add component (AddParameter): Name = "Tolerance"; Value = "1%"; VariantName = "[No Variations]"
Add component (AddParameter): Name = "Value"; Value = "10kO"; VariantName = "[No Variations]"
Add component (AddParameter): Name = "Voltage Rating"; Value = "150V"; VariantName = "[No Variations]"
Add component (AddParameter): Name = "Voltage Rating (AC)"; Value = "150V"; VariantName = "[No Variations]"
Add component (AddParameter): Name = "Width"; Value = "1.25mm"; VariantName = "[No Variations]"
Add component (AddParameter): Name = "Working Voltage"; Value = "150V"; VariantName = "[No Variations]"
Added Component: Designator=R5(R0805)
Add component (AddParameter): Name = "Case Code (Imperial)"; Value = "0805"; VariantName = "[No Variations]"
Add component (AddParameter): Name = "Case/Package"; Value = "0805"; VariantName = "[No Variations]"
Add component (AddParameter): Name = "Category"; Value = "Chip SMD Resistors"; VariantName = "[No Variations]"
Add component (AddParameter): Name = "China RoHS"; Value = "Non-Compliant"; VariantName = "[No Variations]"
Add component (AddParameter): Name = "ComponentLink1Description"; Value = "https://datasheet.octopart.com:443/RC0805FR-0722RL-Yageo-datasheet-175887523.pdf?src-supplier=IHS"; VariantName = "[No Variations]"
Add component (AddParameter): Name = "ComponentLink1URL"; Value = "https://datasheet.octopart.com:443/RC0805FR-0722RL-Yageo-datasheet-175887523.pdf?src-supplier=IHS"; VariantName = "[No Variations]"
Add component (AddParameter): Name = "ComponentLink2Description"; Value = "https://datasheet.octopart.com:443/RC0805FR-0722RL-Yageo-datasheet-103092701.pdf?src-supplier=Upverter"; VariantName = "[No Variations]"
Add component (AddParameter): Name = "ComponentLink2URL"; Value = "https://datasheet.octopart.com:443/RC0805FR-0722RL-Yageo-datasheet-103092701.pdf?src-supplier=Upverter"; VariantName = "[No Variations]"
Add component (AddParameter): Name = "ComponentLink3Description"; Value = "https://datasheet.octopart.com:443/RC0805FR-0722RL-Yageo-datasheet-79472498.pdf?src-supplier=Upverter"; VariantName = "[No Variations]"
Add component (AddParameter): Name = "ComponentLink3URL"; Value = "https://datasheet.octopart.com:443/RC0805FR-0722RL-Yageo-datasheet-79472498.pdf?src-supplier=Upverter"; VariantName = "[No Variations]"
Add component (AddParameter): Name = "ComponentLink4Description"; Value = "https://datasheet.octopart.com:443/RC0805FR-0722RL-Yageo-datasheet-8330313.pdf?src-supplier=element14+APAC"; VariantName = "[No Variations]"
Add component (AddParameter): Name = "ComponentLink4URL"; Value = "https://datasheet.octopart.com:443/RC0805FR-0722RL-Yageo-datasheet-8330313.pdf?src-supplier=element14+APAC"; VariantName = "[No Variations]"
Add component (AddParameter): Name = "ComponentLink5Description"; Value = "https://datasheet.octopart.com:443/RC0805FR-0722RL-Yageo-datasheet-62067350.pdf?src-supplier=element14+APAC"; VariantName = "[No Variations]"
Add component (AddParameter): Name = "ComponentLink5URL"; Value = "https://datasheet.octopart.com:443/RC0805FR-0722RL-Yageo-datasheet-62067350.pdf?src-supplier=element14+APAC"; VariantName = "[No Variations]"
Add component (AddParameter): Name = "ComponentLink6Description"; Value = "https://datasheet.octopart.com:443/RC0805FR-0722RL-Yageo-Group-datasheet-176638170.pdf?src-supplier=Future+Electronics"; VariantName = "[No Variations]"
Add component (AddParameter): Name = "ComponentLink6URL"; Value = "https://datasheet.octopart.com:443/RC0805FR-0722RL-Yageo-Group-datasheet-176638170.pdf?src-supplier=Future+Electronics"; VariantName = "[No Variations]"
Add component (AddParameter): Name = "ComponentLink7Description"; Value = "https://datasheet.octopart.com:443/RC0805FR-0722RL-Yageo-datasheet-164759695.pdf?src-supplier=Future+Electronics"; VariantName = "[No Variations]"
Add component (AddParameter): Name = "ComponentLink7URL"; Value = "https://datasheet.octopart.com:443/RC0805FR-0722RL-Yageo-datasheet-164759695.pdf?src-supplier=Future+Electronics"; VariantName = "[No Variations]"
Add component (AddParameter): Name = "ComponentLink8Description"; Value = "https://datasheet.octopart.com:443/RC0805FR-0722RL-Yageo-datasheet-12592811.pdf?src-supplier=Future+Electronics"; VariantName = "[No Variations]"
Add component (AddParameter): Name = "ComponentLink8URL"; Value = "https://datasheet.octopart.com:443/RC0805FR-0722RL-Yageo-datasheet-12592811.pdf?src-supplier=Future+Electronics"; VariantName = "[No Variations]"
Add component (AddParameter): Name = "ComponentLink9Description"; Value = "https://datasheet.octopart.com:443/RC0805FR-0722RL-Yageo-datasheet-8324252.pdf?src-supplier=Future+Electronics"; VariantName = "[No Variations]"
Add component (AddParameter): Name = "ComponentLink9URL"; Value = "https://datasheet.octopart.com:443/RC0805FR-0722RL-Yageo-datasheet-8324252.pdf?src-supplier=Future+Electronics"; VariantName = "[No Variations]"
Add component (AddParameter): Name = "ComponentLink10Description"; Value = "https://datasheet.octopart.com/RC0805FR-0722RL-Yageo-datasheet-73766026.pdf"; VariantName = "[No Variations]"
Add component (AddParameter): Name = "ComponentLink10URL"; Value = "https://datasheet.octopart.com/RC0805FR-0722RL-Yageo-datasheet-73766026.pdf"; VariantName = "[No Variations]"
Add component (AddParameter): Name = "ComponentLink11Description"; Value = "https://datasheet.octopart.com:443/RC0805FR-0722RL-Yageo-datasheet-13691069.pdf?src-supplier=Farnell"; VariantName = "[No Variations]"
Add component (AddParameter): Name = "ComponentLink11URL"; Value = "https://datasheet.octopart.com:443/RC0805FR-0722RL-Yageo-datasheet-13691069.pdf?src-supplier=Farnell"; VariantName = "[No Variations]"
Add component (AddParameter): Name = "ComponentLink12Description"; Value = "https://datasheet.octopart.com:443/RC0805FR-0722RL-Yageo-datasheet-118657.pdf?src-supplier=DigiKey"; VariantName = "[No Variations]"
Add component (AddParameter): Name = "ComponentLink12URL"; Value = "https://datasheet.octopart.com:443/RC0805FR-0722RL-Yageo-datasheet-118657.pdf?src-supplier=DigiKey"; VariantName = "[No Variations]"
Add component (AddParameter): Name = "ComponentLink13Description"; Value = "http://sigma.octopart.com:80/conflict_mineral_statement/Yageo-company-3.pdf?src-supplier=Compliance+Statements"; VariantName = "[No Variations]"
Add component (AddParameter): Name = "ComponentLink13URL"; Value = "http://sigma.octopart.com:80/conflict_mineral_statement/Yageo-company-3.pdf?src-supplier=Compliance+Statements"; VariantName = "[No Variations]"
Add component (AddParameter): Name = "ComponentLink14Description"; Value = "http://sigma.octopart.com:80/rohs_statement/Yageo-company-2.pdf?src-supplier=Compliance+Statements"; VariantName = "[No Variations]"
Add component (AddParameter): Name = "ComponentLink14URL"; Value = "http://sigma.octopart.com:80/rohs_statement/Yageo-company-2.pdf?src-supplier=Compliance+Statements"; VariantName = "[No Variations]"
Add component (AddParameter): Name = "Composition"; Value = "Thick Film"; VariantName = "[No Variations]"
Add component (AddParameter): Name = "Country of Origin"; Value = "Mainland China, Taiwan"; VariantName = "[No Variations]"
Add component (AddParameter): Name = "Depth"; Value = "1.25mm"; VariantName = "[No Variations]"
Add component (AddParameter): Name = "Export Control Classification Number (ECCN) Code"; Value = "EAR99"; VariantName = "[No Variations]"
Add component (AddParameter): Name = "Features"; Value = "Moisture Resistant"; VariantName = "[No Variations]"
Add component (AddParameter): Name = "Harmonized Tariff Schedule (HTS) Code"; Value = "8533.21.00.30"; VariantName = "[No Variations]"
Add component (AddParameter): Name = "Height"; Value = "500µm"; VariantName = "[No Variations]"
Add component (AddParameter): Name = "Introduction Date"; Value = "2004-09-22"; VariantName = "[No Variations]"
Add component (AddParameter): Name = "Lead Free"; Value = "Lead Free"; VariantName = "[No Variations]"
Add component (AddParameter): Name = "Length"; Value = "2mm"; VariantName = "[No Variations]"
Add component (AddParameter): Name = "Lifecycle Status"; Value = "Production"; VariantName = "[No Variations]"
Add component (AddParameter): Name = "Manufacturer"; Value = "Yageo Group"; VariantName = "[No Variations]"
Add component (AddParameter): Name = "Manufacturer Part Number"; Value = "RC0805FR-0722RL"; VariantName = "[No Variations]"
Add component (AddParameter): Name = "Max Operating Temperature"; Value = "155°C"; VariantName = "[No Variations]"
Add component (AddParameter): Name = "Max Power Dissipation"; Value = "125mW"; VariantName = "[No Variations]"
Add component (AddParameter): Name = "Military Standard"; Value = "Not"; VariantName = "[No Variations]"
Add component (AddParameter): Name = "Min Operating Temperature"; Value = "-55°C"; VariantName = "[No Variations]"
Add component (AddParameter): Name = "Mounting Technology"; Value = "Surface Mount"; VariantName = "[No Variations]"
Add component (AddParameter): Name = "Number of Terminals"; Value = "2"; VariantName = "[No Variations]"
Add component (AddParameter): Name = "Number of Terminations"; Value = "2"; VariantName = "[No Variations]"
Add component (AddParameter): Name = "Packaging"; Value = "Tape & Reel"; VariantName = "[No Variations]"
Add component (AddParameter): Name = "Pins"; Value = "2"; VariantName = "[No Variations]"
Add component (AddParameter): Name = "Power Dissipation"; Value = "125mW"; VariantName = "[No Variations]"
Add component (AddParameter): Name = "Power Rating"; Value = "125mW"; VariantName = "[No Variations]"
Add component (AddParameter): Name = "Pricing"; Value = "1=0.17, 10=0.015, 25=0.0128, 50=0.0102, 100=0.0092, 250=0.00828 (USD)"; VariantName = "[No Variations]"
Add component (AddParameter): Name = "REACH SVHC"; Value = "Yes"; VariantName = "[No Variations]"
Add component (AddParameter): Name = "RoHS"; Value = "Compliant"; VariantName = "[No Variations]"
Add component (AddParameter): Name = "Schedule B"; Value = "8533210045, 8533210045|8533210045, 8533210045|8533210045|8533210045, 8533210045|8533210045|8533210045|8533210045"; VariantName = "[No Variations]"
Add component (AddParameter): Name = "Stock"; Value = "96991"; VariantName = "[No Variations]"
Add component (AddParameter): Name = "Supplier"; Value = "DigiKey"; VariantName = "[No Variations]"
Add component (AddParameter): Name = "Supplier Part Number"; Value = "311-22.0CRCT-ND"; VariantName = "[No Variations]"
Add component (AddParameter): Name = "Temperature Coefficient"; Value = "100ppm/°C"; VariantName = "[No Variations]"
Add component (AddParameter): Name = "Termination"; Value = "SMD/SMT"; VariantName = "[No Variations]"
Add component (AddParameter): Name = "Tolerance"; Value = "1%"; VariantName = "[No Variations]"
Add component (AddParameter): Name = "Value"; Value = "22O"; VariantName = "[No Variations]"
Add component (AddParameter): Name = "Voltage Rating"; Value = "150V"; VariantName = "[No Variations]"
Add component (AddParameter): Name = "Voltage Rating (AC)"; Value = "150V"; VariantName = "[No Variations]"
Add component (AddParameter): Name = "Voltage Rating (DC)"; Value = "150V"; VariantName = "[No Variations]"
Add component (AddParameter): Name = "Width"; Value = "1.25mm"; VariantName = "[No Variations]"
Add component (AddParameter): Name = "Working Voltage"; Value = "150V"; VariantName = "[No Variations]"
Added Component: Designator=R6(R0805)
Add component (AddParameter): Name = "Case Code (Imperial)"; Value = "0805"; VariantName = "[No Variations]"
Add component (AddParameter): Name = "Case/Package"; Value = "0805"; VariantName = "[No Variations]"
Add component (AddParameter): Name = "Category"; Value = "Chip SMD Resistors"; VariantName = "[No Variations]"
Add component (AddParameter): Name = "China RoHS"; Value = "Non-Compliant"; VariantName = "[No Variations]"
Add component (AddParameter): Name = "ComponentLink1Description"; Value = "https://datasheet.octopart.com:443/RC0805FR-0722RL-Yageo-datasheet-175887523.pdf?src-supplier=IHS"; VariantName = "[No Variations]"
Add component (AddParameter): Name = "ComponentLink1URL"; Value = "https://datasheet.octopart.com:443/RC0805FR-0722RL-Yageo-datasheet-175887523.pdf?src-supplier=IHS"; VariantName = "[No Variations]"
Add component (AddParameter): Name = "ComponentLink2Description"; Value = "https://datasheet.octopart.com:443/RC0805FR-0722RL-Yageo-datasheet-103092701.pdf?src-supplier=Upverter"; VariantName = "[No Variations]"
Add component (AddParameter): Name = "ComponentLink2URL"; Value = "https://datasheet.octopart.com:443/RC0805FR-0722RL-Yageo-datasheet-103092701.pdf?src-supplier=Upverter"; VariantName = "[No Variations]"
Add component (AddParameter): Name = "ComponentLink3Description"; Value = "https://datasheet.octopart.com:443/RC0805FR-0722RL-Yageo-datasheet-79472498.pdf?src-supplier=Upverter"; VariantName = "[No Variations]"
Add component (AddParameter): Name = "ComponentLink3URL"; Value = "https://datasheet.octopart.com:443/RC0805FR-0722RL-Yageo-datasheet-79472498.pdf?src-supplier=Upverter"; VariantName = "[No Variations]"
Add component (AddParameter): Name = "ComponentLink4Description"; Value = "https://datasheet.octopart.com:443/RC0805FR-0722RL-Yageo-datasheet-8330313.pdf?src-supplier=element14+APAC"; VariantName = "[No Variations]"
Add component (AddParameter): Name = "ComponentLink4URL"; Value = "https://datasheet.octopart.com:443/RC0805FR-0722RL-Yageo-datasheet-8330313.pdf?src-supplier=element14+APAC"; VariantName = "[No Variations]"
Add component (AddParameter): Name = "ComponentLink5Description"; Value = "https://datasheet.octopart.com:443/RC0805FR-0722RL-Yageo-datasheet-62067350.pdf?src-supplier=element14+APAC"; VariantName = "[No Variations]"
Add component (AddParameter): Name = "ComponentLink5URL"; Value = "https://datasheet.octopart.com:443/RC0805FR-0722RL-Yageo-datasheet-62067350.pdf?src-supplier=element14+APAC"; VariantName = "[No Variations]"
Add component (AddParameter): Name = "ComponentLink6Description"; Value = "https://datasheet.octopart.com:443/RC0805FR-0722RL-Yageo-Group-datasheet-176638170.pdf?src-supplier=Future+Electronics"; VariantName = "[No Variations]"
Add component (AddParameter): Name = "ComponentLink6URL"; Value = "https://datasheet.octopart.com:443/RC0805FR-0722RL-Yageo-Group-datasheet-176638170.pdf?src-supplier=Future+Electronics"; VariantName = "[No Variations]"
Add component (AddParameter): Name = "ComponentLink7Description"; Value = "https://datasheet.octopart.com:443/RC0805FR-0722RL-Yageo-datasheet-164759695.pdf?src-supplier=Future+Electronics"; VariantName = "[No Variations]"
Add component (AddParameter): Name = "ComponentLink7URL"; Value = "https://datasheet.octopart.com:443/RC0805FR-0722RL-Yageo-datasheet-164759695.pdf?src-supplier=Future+Electronics"; VariantName = "[No Variations]"
Add component (AddParameter): Name = "ComponentLink8Description"; Value = "https://datasheet.octopart.com:443/RC0805FR-0722RL-Yageo-datasheet-12592811.pdf?src-supplier=Future+Electronics"; VariantName = "[No Variations]"
Add component (AddParameter): Name = "ComponentLink8URL"; Value = "https://datasheet.octopart.com:443/RC0805FR-0722RL-Yageo-datasheet-12592811.pdf?src-supplier=Future+Electronics"; VariantName = "[No Variations]"
Add component (AddParameter): Name = "ComponentLink9Description"; Value = "https://datasheet.octopart.com:443/RC0805FR-0722RL-Yageo-datasheet-8324252.pdf?src-supplier=Future+Electronics"; VariantName = "[No Variations]"
Add component (AddParameter): Name = "ComponentLink9URL"; Value = "https://datasheet.octopart.com:443/RC0805FR-0722RL-Yageo-datasheet-8324252.pdf?src-supplier=Future+Electronics"; VariantName = "[No Variations]"
Add component (AddParameter): Name = "ComponentLink10Description"; Value = "https://datasheet.octopart.com/RC0805FR-0722RL-Yageo-datasheet-73766026.pdf"; VariantName = "[No Variations]"
Add component (AddParameter): Name = "ComponentLink10URL"; Value = "https://datasheet.octopart.com/RC0805FR-0722RL-Yageo-datasheet-73766026.pdf"; VariantName = "[No Variations]"
Add component (AddParameter): Name = "ComponentLink11Description"; Value = "https://datasheet.octopart.com:443/RC0805FR-0722RL-Yageo-datasheet-13691069.pdf?src-supplier=Farnell"; VariantName = "[No Variations]"
Add component (AddParameter): Name = "ComponentLink11URL"; Value = "https://datasheet.octopart.com:443/RC0805FR-0722RL-Yageo-datasheet-13691069.pdf?src-supplier=Farnell"; VariantName = "[No Variations]"
Add component (AddParameter): Name = "ComponentLink12Description"; Value = "https://datasheet.octopart.com:443/RC0805FR-0722RL-Yageo-datasheet-118657.pdf?src-supplier=DigiKey"; VariantName = "[No Variations]"
Add component (AddParameter): Name = "ComponentLink12URL"; Value = "https://datasheet.octopart.com:443/RC0805FR-0722RL-Yageo-datasheet-118657.pdf?src-supplier=DigiKey"; VariantName = "[No Variations]"
Add component (AddParameter): Name = "ComponentLink13Description"; Value = "http://sigma.octopart.com:80/conflict_mineral_statement/Yageo-company-3.pdf?src-supplier=Compliance+Statements"; VariantName = "[No Variations]"
Add component (AddParameter): Name = "ComponentLink13URL"; Value = "http://sigma.octopart.com:80/conflict_mineral_statement/Yageo-company-3.pdf?src-supplier=Compliance+Statements"; VariantName = "[No Variations]"
Add component (AddParameter): Name = "ComponentLink14Description"; Value = "http://sigma.octopart.com:80/rohs_statement/Yageo-company-2.pdf?src-supplier=Compliance+Statements"; VariantName = "[No Variations]"
Add component (AddParameter): Name = "ComponentLink14URL"; Value = "http://sigma.octopart.com:80/rohs_statement/Yageo-company-2.pdf?src-supplier=Compliance+Statements"; VariantName = "[No Variations]"
Add component (AddParameter): Name = "Composition"; Value = "Thick Film"; VariantName = "[No Variations]"
Add component (AddParameter): Name = "Country of Origin"; Value = "Mainland China, Taiwan"; VariantName = "[No Variations]"
Add component (AddParameter): Name = "Depth"; Value = "1.25mm"; VariantName = "[No Variations]"
Add component (AddParameter): Name = "Export Control Classification Number (ECCN) Code"; Value = "EAR99"; VariantName = "[No Variations]"
Add component (AddParameter): Name = "Features"; Value = "Moisture Resistant"; VariantName = "[No Variations]"
Add component (AddParameter): Name = "Harmonized Tariff Schedule (HTS) Code"; Value = "8533.21.00.30"; VariantName = "[No Variations]"
Add component (AddParameter): Name = "Height"; Value = "500µm"; VariantName = "[No Variations]"
Add component (AddParameter): Name = "Introduction Date"; Value = "2004-09-22"; VariantName = "[No Variations]"
Add component (AddParameter): Name = "Lead Free"; Value = "Lead Free"; VariantName = "[No Variations]"
Add component (AddParameter): Name = "Length"; Value = "2mm"; VariantName = "[No Variations]"
Add component (AddParameter): Name = "Lifecycle Status"; Value = "Production"; VariantName = "[No Variations]"
Add component (AddParameter): Name = "Manufacturer"; Value = "Yageo Group"; VariantName = "[No Variations]"
Add component (AddParameter): Name = "Manufacturer Part Number"; Value = "RC0805FR-0722RL"; VariantName = "[No Variations]"
Add component (AddParameter): Name = "Max Operating Temperature"; Value = "155°C"; VariantName = "[No Variations]"
Add component (AddParameter): Name = "Max Power Dissipation"; Value = "125mW"; VariantName = "[No Variations]"
Add component (AddParameter): Name = "Military Standard"; Value = "Not"; VariantName = "[No Variations]"
Add component (AddParameter): Name = "Min Operating Temperature"; Value = "-55°C"; VariantName = "[No Variations]"
Add component (AddParameter): Name = "Mounting Technology"; Value = "Surface Mount"; VariantName = "[No Variations]"
Add component (AddParameter): Name = "Number of Terminals"; Value = "2"; VariantName = "[No Variations]"
Add component (AddParameter): Name = "Number of Terminations"; Value = "2"; VariantName = "[No Variations]"
Add component (AddParameter): Name = "Packaging"; Value = "Tape & Reel"; VariantName = "[No Variations]"
Add component (AddParameter): Name = "Pins"; Value = "2"; VariantName = "[No Variations]"
Add component (AddParameter): Name = "Power Dissipation"; Value = "125mW"; VariantName = "[No Variations]"
Add component (AddParameter): Name = "Power Rating"; Value = "125mW"; VariantName = "[No Variations]"
Add component (AddParameter): Name = "Pricing"; Value = "1=0.17, 10=0.015, 25=0.0128, 50=0.0102, 100=0.0092, 250=0.00828 (USD)"; VariantName = "[No Variations]"
Add component (AddParameter): Name = "REACH SVHC"; Value = "Yes"; VariantName = "[No Variations]"
Add component (AddParameter): Name = "RoHS"; Value = "Compliant"; VariantName = "[No Variations]"
Add component (AddParameter): Name = "Schedule B"; Value = "8533210045, 8533210045|8533210045, 8533210045|8533210045|8533210045, 8533210045|8533210045|8533210045|8533210045"; VariantName = "[No Variations]"
Add component (AddParameter): Name = "Stock"; Value = "96991"; VariantName = "[No Variations]"
Add component (AddParameter): Name = "Supplier"; Value = "DigiKey"; VariantName = "[No Variations]"
Add component (AddParameter): Name = "Supplier Part Number"; Value = "311-22.0CRCT-ND"; VariantName = "[No Variations]"
Add component (AddParameter): Name = "Temperature Coefficient"; Value = "100ppm/°C"; VariantName = "[No Variations]"
Add component (AddParameter): Name = "Termination"; Value = "SMD/SMT"; VariantName = "[No Variations]"
Add component (AddParameter): Name = "Tolerance"; Value = "1%"; VariantName = "[No Variations]"
Add component (AddParameter): Name = "Value"; Value = "22O"; VariantName = "[No Variations]"
Add component (AddParameter): Name = "Voltage Rating"; Value = "150V"; VariantName = "[No Variations]"
Add component (AddParameter): Name = "Voltage Rating (AC)"; Value = "150V"; VariantName = "[No Variations]"
Add component (AddParameter): Name = "Voltage Rating (DC)"; Value = "150V"; VariantName = "[No Variations]"
Add component (AddParameter): Name = "Width"; Value = "1.25mm"; VariantName = "[No Variations]"
Add component (AddParameter): Name = "Working Voltage"; Value = "150V"; VariantName = "[No Variations]"
Added Component: Designator=R7(R0805)
Add component (AddParameter): Name = "Case Code (Imperial)"; Value = "0805"; VariantName = "[No Variations]"
Add component (AddParameter): Name = "Case/Package"; Value = "0805"; VariantName = "[No Variations]"
Add component (AddParameter): Name = "Category"; Value = "Chip SMD Resistors"; VariantName = "[No Variations]"
Add component (AddParameter): Name = "China RoHS"; Value = "Non-Compliant"; VariantName = "[No Variations]"
Add component (AddParameter): Name = "ComponentLink1Description"; Value = "https://datasheet.octopart.com:443/RC0805FR-0722RL-Yageo-datasheet-175887523.pdf?src-supplier=IHS"; VariantName = "[No Variations]"
Add component (AddParameter): Name = "ComponentLink1URL"; Value = "https://datasheet.octopart.com:443/RC0805FR-0722RL-Yageo-datasheet-175887523.pdf?src-supplier=IHS"; VariantName = "[No Variations]"
Add component (AddParameter): Name = "ComponentLink2Description"; Value = "https://datasheet.octopart.com:443/RC0805FR-0722RL-Yageo-datasheet-103092701.pdf?src-supplier=Upverter"; VariantName = "[No Variations]"
Add component (AddParameter): Name = "ComponentLink2URL"; Value = "https://datasheet.octopart.com:443/RC0805FR-0722RL-Yageo-datasheet-103092701.pdf?src-supplier=Upverter"; VariantName = "[No Variations]"
Add component (AddParameter): Name = "ComponentLink3Description"; Value = "https://datasheet.octopart.com:443/RC0805FR-0722RL-Yageo-datasheet-79472498.pdf?src-supplier=Upverter"; VariantName = "[No Variations]"
Add component (AddParameter): Name = "ComponentLink3URL"; Value = "https://datasheet.octopart.com:443/RC0805FR-0722RL-Yageo-datasheet-79472498.pdf?src-supplier=Upverter"; VariantName = "[No Variations]"
Add component (AddParameter): Name = "ComponentLink4Description"; Value = "https://datasheet.octopart.com:443/RC0805FR-0722RL-Yageo-datasheet-8330313.pdf?src-supplier=element14+APAC"; VariantName = "[No Variations]"
Add component (AddParameter): Name = "ComponentLink4URL"; Value = "https://datasheet.octopart.com:443/RC0805FR-0722RL-Yageo-datasheet-8330313.pdf?src-supplier=element14+APAC"; VariantName = "[No Variations]"
Add component (AddParameter): Name = "ComponentLink5Description"; Value = "https://datasheet.octopart.com:443/RC0805FR-0722RL-Yageo-datasheet-62067350.pdf?src-supplier=element14+APAC"; VariantName = "[No Variations]"
Add component (AddParameter): Name = "ComponentLink5URL"; Value = "https://datasheet.octopart.com:443/RC0805FR-0722RL-Yageo-datasheet-62067350.pdf?src-supplier=element14+APAC"; VariantName = "[No Variations]"
Add component (AddParameter): Name = "ComponentLink6Description"; Value = "https://datasheet.octopart.com:443/RC0805FR-0722RL-Yageo-Group-datasheet-176638170.pdf?src-supplier=Future+Electronics"; VariantName = "[No Variations]"
Add component (AddParameter): Name = "ComponentLink6URL"; Value = "https://datasheet.octopart.com:443/RC0805FR-0722RL-Yageo-Group-datasheet-176638170.pdf?src-supplier=Future+Electronics"; VariantName = "[No Variations]"
Add component (AddParameter): Name = "ComponentLink7Description"; Value = "https://datasheet.octopart.com:443/RC0805FR-0722RL-Yageo-datasheet-164759695.pdf?src-supplier=Future+Electronics"; VariantName = "[No Variations]"
Add component (AddParameter): Name = "ComponentLink7URL"; Value = "https://datasheet.octopart.com:443/RC0805FR-0722RL-Yageo-datasheet-164759695.pdf?src-supplier=Future+Electronics"; VariantName = "[No Variations]"
Add component (AddParameter): Name = "ComponentLink8Description"; Value = "https://datasheet.octopart.com:443/RC0805FR-0722RL-Yageo-datasheet-12592811.pdf?src-supplier=Future+Electronics"; VariantName = "[No Variations]"
Add component (AddParameter): Name = "ComponentLink8URL"; Value = "https://datasheet.octopart.com:443/RC0805FR-0722RL-Yageo-datasheet-12592811.pdf?src-supplier=Future+Electronics"; VariantName = "[No Variations]"
Add component (AddParameter): Name = "ComponentLink9Description"; Value = "https://datasheet.octopart.com:443/RC0805FR-0722RL-Yageo-datasheet-8324252.pdf?src-supplier=Future+Electronics"; VariantName = "[No Variations]"
Add component (AddParameter): Name = "ComponentLink9URL"; Value = "https://datasheet.octopart.com:443/RC0805FR-0722RL-Yageo-datasheet-8324252.pdf?src-supplier=Future+Electronics"; VariantName = "[No Variations]"
Add component (AddParameter): Name = "ComponentLink10Description"; Value = "https://datasheet.octopart.com/RC0805FR-0722RL-Yageo-datasheet-73766026.pdf"; VariantName = "[No Variations]"
Add component (AddParameter): Name = "ComponentLink10URL"; Value = "https://datasheet.octopart.com/RC0805FR-0722RL-Yageo-datasheet-73766026.pdf"; VariantName = "[No Variations]"
Add component (AddParameter): Name = "ComponentLink11Description"; Value = "https://datasheet.octopart.com:443/RC0805FR-0722RL-Yageo-datasheet-13691069.pdf?src-supplier=Farnell"; VariantName = "[No Variations]"
Add component (AddParameter): Name = "ComponentLink11URL"; Value = "https://datasheet.octopart.com:443/RC0805FR-0722RL-Yageo-datasheet-13691069.pdf?src-supplier=Farnell"; VariantName = "[No Variations]"
Add component (AddParameter): Name = "ComponentLink12Description"; Value = "https://datasheet.octopart.com:443/RC0805FR-0722RL-Yageo-datasheet-118657.pdf?src-supplier=DigiKey"; VariantName = "[No Variations]"
Add component (AddParameter): Name = "ComponentLink12URL"; Value = "https://datasheet.octopart.com:443/RC0805FR-0722RL-Yageo-datasheet-118657.pdf?src-supplier=DigiKey"; VariantName = "[No Variations]"
Add component (AddParameter): Name = "ComponentLink13Description"; Value = "http://sigma.octopart.com:80/conflict_mineral_statement/Yageo-company-3.pdf?src-supplier=Compliance+Statements"; VariantName = "[No Variations]"
Add component (AddParameter): Name = "ComponentLink13URL"; Value = "http://sigma.octopart.com:80/conflict_mineral_statement/Yageo-company-3.pdf?src-supplier=Compliance+Statements"; VariantName = "[No Variations]"
Add component (AddParameter): Name = "ComponentLink14Description"; Value = "http://sigma.octopart.com:80/rohs_statement/Yageo-company-2.pdf?src-supplier=Compliance+Statements"; VariantName = "[No Variations]"
Add component (AddParameter): Name = "ComponentLink14URL"; Value = "http://sigma.octopart.com:80/rohs_statement/Yageo-company-2.pdf?src-supplier=Compliance+Statements"; VariantName = "[No Variations]"
Add component (AddParameter): Name = "Composition"; Value = "Thick Film"; VariantName = "[No Variations]"
Add component (AddParameter): Name = "Country of Origin"; Value = "Mainland China, Taiwan"; VariantName = "[No Variations]"
Add component (AddParameter): Name = "Depth"; Value = "1.25mm"; VariantName = "[No Variations]"
Add component (AddParameter): Name = "Export Control Classification Number (ECCN) Code"; Value = "EAR99"; VariantName = "[No Variations]"
Add component (AddParameter): Name = "Features"; Value = "Moisture Resistant"; VariantName = "[No Variations]"
Add component (AddParameter): Name = "Harmonized Tariff Schedule (HTS) Code"; Value = "8533.21.00.30"; VariantName = "[No Variations]"
Add component (AddParameter): Name = "Height"; Value = "500µm"; VariantName = "[No Variations]"
Add component (AddParameter): Name = "Introduction Date"; Value = "2004-09-22"; VariantName = "[No Variations]"
Add component (AddParameter): Name = "Lead Free"; Value = "Lead Free"; VariantName = "[No Variations]"
Add component (AddParameter): Name = "Length"; Value = "2mm"; VariantName = "[No Variations]"
Add component (AddParameter): Name = "Lifecycle Status"; Value = "Production"; VariantName = "[No Variations]"
Add component (AddParameter): Name = "Manufacturer"; Value = "Yageo Group"; VariantName = "[No Variations]"
Add component (AddParameter): Name = "Manufacturer Part Number"; Value = "RC0805FR-0722RL"; VariantName = "[No Variations]"
Add component (AddParameter): Name = "Max Operating Temperature"; Value = "155°C"; VariantName = "[No Variations]"
Add component (AddParameter): Name = "Max Power Dissipation"; Value = "125mW"; VariantName = "[No Variations]"
Add component (AddParameter): Name = "Military Standard"; Value = "Not"; VariantName = "[No Variations]"
Add component (AddParameter): Name = "Min Operating Temperature"; Value = "-55°C"; VariantName = "[No Variations]"
Add component (AddParameter): Name = "Mounting Technology"; Value = "Surface Mount"; VariantName = "[No Variations]"
Add component (AddParameter): Name = "Number of Terminals"; Value = "2"; VariantName = "[No Variations]"
Add component (AddParameter): Name = "Number of Terminations"; Value = "2"; VariantName = "[No Variations]"
Add component (AddParameter): Name = "Packaging"; Value = "Tape & Reel"; VariantName = "[No Variations]"
Add component (AddParameter): Name = "Pins"; Value = "2"; VariantName = "[No Variations]"
Add component (AddParameter): Name = "Power Dissipation"; Value = "125mW"; VariantName = "[No Variations]"
Add component (AddParameter): Name = "Power Rating"; Value = "125mW"; VariantName = "[No Variations]"
Add component (AddParameter): Name = "Pricing"; Value = "1=0.17, 10=0.015, 25=0.0128, 50=0.0102, 100=0.0092, 250=0.00828 (USD)"; VariantName = "[No Variations]"
Add component (AddParameter): Name = "REACH SVHC"; Value = "Yes"; VariantName = "[No Variations]"
Add component (AddParameter): Name = "RoHS"; Value = "Compliant"; VariantName = "[No Variations]"
Add component (AddParameter): Name = "Schedule B"; Value = "8533210045, 8533210045|8533210045, 8533210045|8533210045|8533210045, 8533210045|8533210045|8533210045|8533210045"; VariantName = "[No Variations]"
Add component (AddParameter): Name = "Stock"; Value = "96991"; VariantName = "[No Variations]"
Add component (AddParameter): Name = "Supplier"; Value = "DigiKey"; VariantName = "[No Variations]"
Add component (AddParameter): Name = "Supplier Part Number"; Value = "311-22.0CRCT-ND"; VariantName = "[No Variations]"
Add component (AddParameter): Name = "Temperature Coefficient"; Value = "100ppm/°C"; VariantName = "[No Variations]"
Add component (AddParameter): Name = "Termination"; Value = "SMD/SMT"; VariantName = "[No Variations]"
Add component (AddParameter): Name = "Tolerance"; Value = "1%"; VariantName = "[No Variations]"
Add component (AddParameter): Name = "Value"; Value = "22O"; VariantName = "[No Variations]"
Add component (AddParameter): Name = "Voltage Rating"; Value = "150V"; VariantName = "[No Variations]"
Add component (AddParameter): Name = "Voltage Rating (AC)"; Value = "150V"; VariantName = "[No Variations]"
Add component (AddParameter): Name = "Voltage Rating (DC)"; Value = "150V"; VariantName = "[No Variations]"
Add component (AddParameter): Name = "Width"; Value = "1.25mm"; VariantName = "[No Variations]"
Add component (AddParameter): Name = "Working Voltage"; Value = "150V"; VariantName = "[No Variations]"
Added Component: Designator=R8(R0805)
Add component (AddParameter): Name = "Case Code (Imperial)"; Value = "0805"; VariantName = "[No Variations]"
Add component (AddParameter): Name = "Case/Package"; Value = "0805"; VariantName = "[No Variations]"
Add component (AddParameter): Name = "Category"; Value = "Chip SMD Resistors"; VariantName = "[No Variations]"
Add component (AddParameter): Name = "China RoHS"; Value = "Non-Compliant"; VariantName = "[No Variations]"
Add component (AddParameter): Name = "ComponentLink1Description"; Value = "https://datasheet.octopart.com:443/RC0805FR-075K1L-Yageo-datasheet-175887523.pdf?src-supplier=Farnell"; VariantName = "[No Variations]"
Add component (AddParameter): Name = "ComponentLink1URL"; Value = "https://datasheet.octopart.com:443/RC0805FR-075K1L-Yageo-datasheet-175887523.pdf?src-supplier=Farnell"; VariantName = "[No Variations]"
Add component (AddParameter): Name = "ComponentLink2Description"; Value = "https://datasheet.octopart.com:443/RC0805FR-075K1L-Yageo-datasheet-103092701.pdf?src-supplier=Upverter"; VariantName = "[No Variations]"
Add component (AddParameter): Name = "ComponentLink2URL"; Value = "https://datasheet.octopart.com:443/RC0805FR-075K1L-Yageo-datasheet-103092701.pdf?src-supplier=Upverter"; VariantName = "[No Variations]"
Add component (AddParameter): Name = "ComponentLink3Description"; Value = "https://datasheet.octopart.com:443/RC0805FR-075K1L-Yageo-Group-datasheet-190305687.pdf?src-supplier=Future+Electronics"; VariantName = "[No Variations]"
Add component (AddParameter): Name = "ComponentLink3URL"; Value = "https://datasheet.octopart.com:443/RC0805FR-075K1L-Yageo-Group-datasheet-190305687.pdf?src-supplier=Future+Electronics"; VariantName = "[No Variations]"
Add component (AddParameter): Name = "ComponentLink4Description"; Value = "https://datasheet.octopart.com:443/RC0805FR-075K1L-Yageo-datasheet-164759695.pdf?src-supplier=Future+Electronics"; VariantName = "[No Variations]"
Add component (AddParameter): Name = "ComponentLink4URL"; Value = "https://datasheet.octopart.com:443/RC0805FR-075K1L-Yageo-datasheet-164759695.pdf?src-supplier=Future+Electronics"; VariantName = "[No Variations]"
Add component (AddParameter): Name = "ComponentLink5Description"; Value = "https://datasheet.octopart.com:443/RC0805FR-075K1L-Yageo-datasheet-12592811.pdf?src-supplier=Future+Electronics"; VariantName = "[No Variations]"
Add component (AddParameter): Name = "ComponentLink5URL"; Value = "https://datasheet.octopart.com:443/RC0805FR-075K1L-Yageo-datasheet-12592811.pdf?src-supplier=Future+Electronics"; VariantName = "[No Variations]"
Add component (AddParameter): Name = "ComponentLink6Description"; Value = "https://datasheet.octopart.com:443/RC0805FR-075K1L-Yageo-datasheet-8324252.pdf?src-supplier=Future+Electronics"; VariantName = "[No Variations]"
Add component (AddParameter): Name = "ComponentLink6URL"; Value = "https://datasheet.octopart.com:443/RC0805FR-075K1L-Yageo-datasheet-8324252.pdf?src-supplier=Future+Electronics"; VariantName = "[No Variations]"
Add component (AddParameter): Name = "ComponentLink7Description"; Value = "https://datasheet.octopart.com:443/RC0805FR-075K1L-Yageo-datasheet-8330313.pdf?src-supplier=Burklin+Elektronik"; VariantName = "[No Variations]"
Add component (AddParameter): Name = "ComponentLink7URL"; Value = "https://datasheet.octopart.com:443/RC0805FR-075K1L-Yageo-datasheet-8330313.pdf?src-supplier=Burklin+Elektronik"; VariantName = "[No Variations]"
Add component (AddParameter): Name = "ComponentLink8Description"; Value = "https://datasheet.octopart.com:443/RC0805FR-075K1L-Yageo-Group-datasheet-189192902.pdf?src-supplier=LCSC"; VariantName = "[No Variations]"
Add component (AddParameter): Name = "ComponentLink8URL"; Value = "https://datasheet.octopart.com:443/RC0805FR-075K1L-Yageo-Group-datasheet-189192902.pdf?src-supplier=LCSC"; VariantName = "[No Variations]"
Add component (AddParameter): Name = "ComponentLink9Description"; Value = "https://datasheet.octopart.com/RC0805FR-075K1L-Yageo-datasheet-73766026.pdf"; VariantName = "[No Variations]"
Add component (AddParameter): Name = "ComponentLink9URL"; Value = "https://datasheet.octopart.com/RC0805FR-075K1L-Yageo-datasheet-73766026.pdf"; VariantName = "[No Variations]"
Add component (AddParameter): Name = "ComponentLink10Description"; Value = "https://datasheet.octopart.com:443/RC0805FR-075K1L-Yageo-datasheet-118657.pdf?src-supplier=DigiKey"; VariantName = "[No Variations]"
Add component (AddParameter): Name = "ComponentLink10URL"; Value = "https://datasheet.octopart.com:443/RC0805FR-075K1L-Yageo-datasheet-118657.pdf?src-supplier=DigiKey"; VariantName = "[No Variations]"
Add component (AddParameter): Name = "ComponentLink11Description"; Value = "http://sigma.octopart.com:80/conflict_mineral_statement/Yageo-company-3.pdf?src-supplier=Compliance+Statements"; VariantName = "[No Variations]"
Add component (AddParameter): Name = "ComponentLink11URL"; Value = "http://sigma.octopart.com:80/conflict_mineral_statement/Yageo-company-3.pdf?src-supplier=Compliance+Statements"; VariantName = "[No Variations]"
Add component (AddParameter): Name = "ComponentLink12Description"; Value = "http://sigma.octopart.com:80/rohs_statement/Yageo-company-2.pdf?src-supplier=Compliance+Statements"; VariantName = "[No Variations]"
Add component (AddParameter): Name = "ComponentLink12URL"; Value = "http://sigma.octopart.com:80/rohs_statement/Yageo-company-2.pdf?src-supplier=Compliance+Statements"; VariantName = "[No Variations]"
Add component (AddParameter): Name = "Composition"; Value = "Thick Film"; VariantName = "[No Variations]"
Add component (AddParameter): Name = "Contact Plating"; Value = "Tin"; VariantName = "[No Variations]"
Add component (AddParameter): Name = "Depth"; Value = "1.25mm"; VariantName = "[No Variations]"
Add component (AddParameter): Name = "Features"; Value = "Moisture Resistant"; VariantName = "[No Variations]"
Add component (AddParameter): Name = "Height"; Value = "500µm"; VariantName = "[No Variations]"
Add component (AddParameter): Name = "Lead Free"; Value = "Lead Free"; VariantName = "[No Variations]"
Add component (AddParameter): Name = "Length"; Value = "2mm"; VariantName = "[No Variations]"
Add component (AddParameter): Name = "Lifecycle Status"; Value = "Production"; VariantName = "[No Variations]"
Add component (AddParameter): Name = "Manufacturer"; Value = "Yageo Group"; VariantName = "[No Variations]"
Add component (AddParameter): Name = "Manufacturer Part Number"; Value = "RC0805FR-075K1L"; VariantName = "[No Variations]"
Add component (AddParameter): Name = "Max Operating Temperature"; Value = "155°C"; VariantName = "[No Variations]"
Add component (AddParameter): Name = "Max Power Dissipation"; Value = "125mW"; VariantName = "[No Variations]"
Add component (AddParameter): Name = "Military Standard"; Value = "Not"; VariantName = "[No Variations]"
Add component (AddParameter): Name = "Min Operating Temperature"; Value = "-55°C"; VariantName = "[No Variations]"
Add component (AddParameter): Name = "Mounting Technology"; Value = "Surface Mount"; VariantName = "[No Variations]"
Add component (AddParameter): Name = "Number of Terminals"; Value = "2"; VariantName = "[No Variations]"
Add component (AddParameter): Name = "Number of Terminations"; Value = "2"; VariantName = "[No Variations]"
Add component (AddParameter): Name = "Packaging"; Value = "Tape & Reel"; VariantName = "[No Variations]"
Add component (AddParameter): Name = "Power Rating"; Value = "125mW"; VariantName = "[No Variations]"
Add component (AddParameter): Name = "Pricing"; Value = "1=0.1, 10=0.034, 25=0.0256, 50=0.0208, 100=0.0171, 250=0.01344, 500=0.01136, 1000=0.00973 (USD)"; VariantName = "[No Variations]"
Add component (AddParameter): Name = "Radiation Hardening"; Value = "No"; VariantName = "[No Variations]"
Add component (AddParameter): Name = "REACH SVHC"; Value = "Yes"; VariantName = "[No Variations]"
Add component (AddParameter): Name = "RoHS"; Value = "Compliant"; VariantName = "[No Variations]"
Add component (AddParameter): Name = "Schedule B"; Value = "8533210045, 8533210045|8533210045, 8533210045|8533210045|8533210045, 8533210045|8533210045|8533210045|8533210045"; VariantName = "[No Variations]"
Add component (AddParameter): Name = "Stock"; Value = "221866"; VariantName = "[No Variations]"
Add component (AddParameter): Name = "Supplier"; Value = "DigiKey"; VariantName = "[No Variations]"
Add component (AddParameter): Name = "Supplier Part Number"; Value = "311-5.10KCRCT-ND"; VariantName = "[No Variations]"
Add component (AddParameter): Name = "Temperature Coefficient"; Value = "100ppm/°C"; VariantName = "[No Variations]"
Add component (AddParameter): Name = "Termination"; Value = "SMD/SMT"; VariantName = "[No Variations]"
Add component (AddParameter): Name = "Tolerance"; Value = "1%"; VariantName = "[No Variations]"
Add component (AddParameter): Name = "Value"; Value = "5.1kO"; VariantName = "[No Variations]"
Add component (AddParameter): Name = "Voltage Rating"; Value = "150V"; VariantName = "[No Variations]"
Add component (AddParameter): Name = "Voltage Rating (DC)"; Value = "150V"; VariantName = "[No Variations]"
Add component (AddParameter): Name = "Width"; Value = "1.25mm"; VariantName = "[No Variations]"
Add component (AddParameter): Name = "Working Voltage"; Value = "150V"; VariantName = "[No Variations]"
Added Component: Designator=R9(R0805)
Add component (AddParameter): Name = "Case Code (Imperial)"; Value = "0805"; VariantName = "[No Variations]"
Add component (AddParameter): Name = "Case/Package"; Value = "0805"; VariantName = "[No Variations]"
Add component (AddParameter): Name = "Category"; Value = "Chip SMD Resistors"; VariantName = "[No Variations]"
Add component (AddParameter): Name = "China RoHS"; Value = "Non-Compliant"; VariantName = "[No Variations]"
Add component (AddParameter): Name = "ComponentLink1Description"; Value = "https://datasheet.octopart.com:443/RT0805FRE071ML-Yageo-datasheet-176402239.pdf?src-supplier=Future+Electronics"; VariantName = "[No Variations]"
Add component (AddParameter): Name = "ComponentLink1URL"; Value = "https://datasheet.octopart.com:443/RT0805FRE071ML-Yageo-datasheet-176402239.pdf?src-supplier=Future+Electronics"; VariantName = "[No Variations]"
Add component (AddParameter): Name = "ComponentLink2Description"; Value = "https://datasheet.octopart.com:443/RT0805FRE071ML-Yageo-datasheet-169971040.pdf?src-supplier=Future+Electronics"; VariantName = "[No Variations]"
Add component (AddParameter): Name = "ComponentLink2URL"; Value = "https://datasheet.octopart.com:443/RT0805FRE071ML-Yageo-datasheet-169971040.pdf?src-supplier=Future+Electronics"; VariantName = "[No Variations]"
Add component (AddParameter): Name = "ComponentLink3Description"; Value = "https://datasheet.octopart.com:443/RT0805FRE071ML-Yageo-datasheet-166250672.pdf?src-supplier=Future+Electronics"; VariantName = "[No Variations]"
Add component (AddParameter): Name = "ComponentLink3URL"; Value = "https://datasheet.octopart.com:443/RT0805FRE071ML-Yageo-datasheet-166250672.pdf?src-supplier=Future+Electronics"; VariantName = "[No Variations]"
Add component (AddParameter): Name = "ComponentLink4Description"; Value = "https://datasheet.octopart.com:443/RT0805FRE071ML-Yageo-datasheet-136673517.pdf?src-supplier=Future+Electronics"; VariantName = "[No Variations]"
Add component (AddParameter): Name = "ComponentLink4URL"; Value = "https://datasheet.octopart.com:443/RT0805FRE071ML-Yageo-datasheet-136673517.pdf?src-supplier=Future+Electronics"; VariantName = "[No Variations]"
Add component (AddParameter): Name = "ComponentLink5Description"; Value = "https://datasheet.octopart.com:443/RT0805FRE071ML-Yageo-datasheet-137700930.pdf?src-supplier=Future+Electronics"; VariantName = "[No Variations]"
Add component (AddParameter): Name = "ComponentLink5URL"; Value = "https://datasheet.octopart.com:443/RT0805FRE071ML-Yageo-datasheet-137700930.pdf?src-supplier=Future+Electronics"; VariantName = "[No Variations]"
Add component (AddParameter): Name = "ComponentLink6Description"; Value = "https://datasheet.octopart.com:443/RT0805FRE071ML-Yageo-datasheet-96443642.pdf?src-supplier=Future+Electronics"; VariantName = "[No Variations]"
Add component (AddParameter): Name = "ComponentLink6URL"; Value = "https://datasheet.octopart.com:443/RT0805FRE071ML-Yageo-datasheet-96443642.pdf?src-supplier=Future+Electronics"; VariantName = "[No Variations]"
Add component (AddParameter): Name = "ComponentLink7Description"; Value = "https://datasheet.octopart.com:443/RT0805FRE071ML-Yageo-datasheet-83209228.pdf?src-supplier=Future+Electronics"; VariantName = "[No Variations]"
Add component (AddParameter): Name = "ComponentLink7URL"; Value = "https://datasheet.octopart.com:443/RT0805FRE071ML-Yageo-datasheet-83209228.pdf?src-supplier=Future+Electronics"; VariantName = "[No Variations]"
Add component (AddParameter): Name = "ComponentLink8Description"; Value = "https://datasheet.octopart.com:443/RT0805FRE071ML-Yageo-Group-datasheet-188167888.pdf?src-supplier=TME"; VariantName = "[No Variations]"
Add component (AddParameter): Name = "ComponentLink8URL"; Value = "https://datasheet.octopart.com:443/RT0805FRE071ML-Yageo-Group-datasheet-188167888.pdf?src-supplier=TME"; VariantName = "[No Variations]"
Add component (AddParameter): Name = "ComponentLink9Description"; Value = "https://datasheet.octopart.com:443/RT0805FRE071ML-Yageo-Group-datasheet-141265893.pdf?src-supplier=ODG+(Origin+Data+Global)"; VariantName = "[No Variations]"
Add component (AddParameter): Name = "ComponentLink9URL"; Value = "https://datasheet.octopart.com:443/RT0805FRE071ML-Yageo-Group-datasheet-141265893.pdf?src-supplier=ODG+(Origin+Data+Global)"; VariantName = "[No Variations]"
Add component (AddParameter): Name = "ComponentLink10Description"; Value = "https://datasheet.octopart.com:443/RT0805FRE071ML-Yageo-datasheet-8324589.pdf?src-supplier=Farnell"; VariantName = "[No Variations]"
Add component (AddParameter): Name = "ComponentLink10URL"; Value = "https://datasheet.octopart.com:443/RT0805FRE071ML-Yageo-datasheet-8324589.pdf?src-supplier=Farnell"; VariantName = "[No Variations]"
Add component (AddParameter): Name = "ComponentLink11Description"; Value = "https://datasheet.octopart.com/RT0805FRE071ML-Yageo-datasheet-86813807.pdf"; VariantName = "[No Variations]"
Add component (AddParameter): Name = "ComponentLink11URL"; Value = "https://datasheet.octopart.com/RT0805FRE071ML-Yageo-datasheet-86813807.pdf"; VariantName = "[No Variations]"
Add component (AddParameter): Name = "ComponentLink12Description"; Value = "http://sigma.octopart.com:80/conflict_mineral_statement/Yageo-company-3.pdf?src-supplier=Compliance+Statements"; VariantName = "[No Variations]"
Add component (AddParameter): Name = "ComponentLink12URL"; Value = "http://sigma.octopart.com:80/conflict_mineral_statement/Yageo-company-3.pdf?src-supplier=Compliance+Statements"; VariantName = "[No Variations]"
Add component (AddParameter): Name = "ComponentLink13Description"; Value = "http://sigma.octopart.com:80/rohs_statement/Yageo-company-2.pdf?src-supplier=Compliance+Statements"; VariantName = "[No Variations]"
Add component (AddParameter): Name = "ComponentLink13URL"; Value = "http://sigma.octopart.com:80/rohs_statement/Yageo-company-2.pdf?src-supplier=Compliance+Statements"; VariantName = "[No Variations]"
Add component (AddParameter): Name = "Composition"; Value = "Thin Film"; VariantName = "[No Variations]"
Add component (AddParameter): Name = "Country of Origin"; Value = "Mainland China, Taiwan"; VariantName = "[No Variations]"
Add component (AddParameter): Name = "Export Control Classification Number (ECCN) Code"; Value = "EAR99"; VariantName = "[No Variations]"
Add component (AddParameter): Name = "Features"; Value = "Moisture Resistant"; VariantName = "[No Variations]"
Add component (AddParameter): Name = "Harmonized Tariff Schedule (HTS) Code"; Value = "8533.21.00.30"; VariantName = "[No Variations]"
Add component (AddParameter): Name = "Height"; Value = "500µm"; VariantName = "[No Variations]"
Add component (AddParameter): Name = "Introduction Date"; Value = "2008-07-11"; VariantName = "[No Variations]"
Add component (AddParameter): Name = "Lead Free"; Value = "Lead Free"; VariantName = "[No Variations]"
Add component (AddParameter): Name = "Length"; Value = "2mm"; VariantName = "[No Variations]"
Add component (AddParameter): Name = "Lifecycle Status"; Value = "Production"; VariantName = "[No Variations]"
Add component (AddParameter): Name = "Manufacturer"; Value = "Yageo Group"; VariantName = "[No Variations]"
Add component (AddParameter): Name = "Manufacturer Part Number"; Value = "RT0805FRE071ML"; VariantName = "[No Variations]"
Add component (AddParameter): Name = "Max Operating Temperature"; Value = "155°C"; VariantName = "[No Variations]"
Add component (AddParameter): Name = "Max Power Dissipation"; Value = "125mW"; VariantName = "[No Variations]"
Add component (AddParameter): Name = "Min Operating Temperature"; Value = "-55°C"; VariantName = "[No Variations]"
Add component (AddParameter): Name = "Mounting Technology"; Value = "Surface Mount"; VariantName = "[No Variations]"
Add component (AddParameter): Name = "Number of Terminals"; Value = "2"; VariantName = "[No Variations]"
Add component (AddParameter): Name = "Number of Terminations"; Value = "2"; VariantName = "[No Variations]"
Add component (AddParameter): Name = "Pins"; Value = "2"; VariantName = "[No Variations]"
Add component (AddParameter): Name = "Power Dissipation"; Value = "125mW"; VariantName = "[No Variations]"
Add component (AddParameter): Name = "Power Rating"; Value = "125mW"; VariantName = "[No Variations]"
Add component (AddParameter): Name = "Pricing"; Value = "1=0.1, 10=0.016, 25=0.016, 50=0.0154, 100=0.0143, 250=0.01324, 500=0.01194 (USD)"; VariantName = "[No Variations]"
Add component (AddParameter): Name = "REACH SVHC"; Value = "Yes"; VariantName = "[No Variations]"
Add component (AddParameter): Name = "RoHS"; Value = "Compliant"; VariantName = "[No Variations]"
Add component (AddParameter): Name = "Schedule B"; Value = "8533210045, 8533210045|8533210045|8533210045|8533210045|8533210045, 8533210045|8533210045|8533210045|8533210045|8533210045|8533210045, 8533210045|8533210045|8533210045|8533210045|8533210045|8533210045|8533210045"; VariantName = "[No Variations]"
Add component (AddParameter): Name = "Stock"; Value = "39342"; VariantName = "[No Variations]"
Add component (AddParameter): Name = "Supplier"; Value = "DigiKey"; VariantName = "[No Variations]"
Add component (AddParameter): Name = "Supplier Part Number"; Value = "YAG3361CT-ND"; VariantName = "[No Variations]"
Add component (AddParameter): Name = "Temperature Coefficient"; Value = "50ppm/°C"; VariantName = "[No Variations]"
Add component (AddParameter): Name = "Termination"; Value = "SMD/SMT"; VariantName = "[No Variations]"
Add component (AddParameter): Name = "Tolerance"; Value = "1%"; VariantName = "[No Variations]"
Add component (AddParameter): Name = "Value"; Value = "1MO"; VariantName = "[No Variations]"
Add component (AddParameter): Name = "Voltage Rating"; Value = "150V"; VariantName = "[No Variations]"
Add component (AddParameter): Name = "Voltage Rating (DC)"; Value = "150V"; VariantName = "[No Variations]"
Add component (AddParameter): Name = "Width"; Value = "1.25mm"; VariantName = "[No Variations]"
Add component (AddParameter): Name = "Working Voltage"; Value = "150V"; VariantName = "[No Variations]"
Added Component: Designator=R10(R0805)
Add component (AddParameter): Name = "Case Code (Imperial)"; Value = "0805"; VariantName = "[No Variations]"
Add component (AddParameter): Name = "Case/Package"; Value = "0805"; VariantName = "[No Variations]"
Add component (AddParameter): Name = "Category"; Value = "Chip SMD Resistors"; VariantName = "[No Variations]"
Add component (AddParameter): Name = "China RoHS"; Value = "Non-Compliant"; VariantName = "[No Variations]"
Add component (AddParameter): Name = "ComponentLink1Description"; Value = "https://datasheet.octopart.com:443/RC0805FR-071KL-Yageo-datasheet-175887523.pdf?src-supplier=IHS"; VariantName = "[No Variations]"
Add component (AddParameter): Name = "ComponentLink1URL"; Value = "https://datasheet.octopart.com:443/RC0805FR-071KL-Yageo-datasheet-175887523.pdf?src-supplier=IHS"; VariantName = "[No Variations]"
Add component (AddParameter): Name = "ComponentLink2Description"; Value = "https://datasheet.octopart.com:443/RC0805FR-071KL-Yageo-datasheet-103092701.pdf?src-supplier=Upverter"; VariantName = "[No Variations]"
Add component (AddParameter): Name = "ComponentLink2URL"; Value = "https://datasheet.octopart.com:443/RC0805FR-071KL-Yageo-datasheet-103092701.pdf?src-supplier=Upverter"; VariantName = "[No Variations]"
Add component (AddParameter): Name = "ComponentLink3Description"; Value = "https://datasheet.octopart.com:443/RC0805FR-071KL-Yageo-datasheet-8330313.pdf?src-supplier=element14+APAC"; VariantName = "[No Variations]"
Add component (AddParameter): Name = "ComponentLink3URL"; Value = "https://datasheet.octopart.com:443/RC0805FR-071KL-Yageo-datasheet-8330313.pdf?src-supplier=element14+APAC"; VariantName = "[No Variations]"
Add component (AddParameter): Name = "ComponentLink4Description"; Value = "https://datasheet.octopart.com:443/RC0805FR-071KL-Yageo-datasheet-62067350.pdf?src-supplier=element14+APAC"; VariantName = "[No Variations]"
Add component (AddParameter): Name = "ComponentLink4URL"; Value = "https://datasheet.octopart.com:443/RC0805FR-071KL-Yageo-datasheet-62067350.pdf?src-supplier=element14+APAC"; VariantName = "[No Variations]"
Add component (AddParameter): Name = "ComponentLink5Description"; Value = "https://datasheet.octopart.com:443/RC0805FR-071KL-Yageo-datasheet-12592811.pdf?src-supplier=element14+APAC"; VariantName = "[No Variations]"
Add component (AddParameter): Name = "ComponentLink5URL"; Value = "https://datasheet.octopart.com:443/RC0805FR-071KL-Yageo-datasheet-12592811.pdf?src-supplier=element14+APAC"; VariantName = "[No Variations]"
Add component (AddParameter): Name = "ComponentLink6Description"; Value = "https://datasheet.octopart.com:443/RC0805FR-071KL-Yageo-Group-datasheet-190305687.pdf?src-supplier=Newark"; VariantName = "[No Variations]"
Add component (AddParameter): Name = "ComponentLink6URL"; Value = "https://datasheet.octopart.com:443/RC0805FR-071KL-Yageo-Group-datasheet-190305687.pdf?src-supplier=Newark"; VariantName = "[No Variations]"
Add component (AddParameter): Name = "ComponentLink7Description"; Value = "https://datasheet.octopart.com:443/RC0805FR-071KL-Yageo-Group-datasheet-176638170.pdf?src-supplier=Future+Electronics"; VariantName = "[No Variations]"
Add component (AddParameter): Name = "ComponentLink7URL"; Value = "https://datasheet.octopart.com:443/RC0805FR-071KL-Yageo-Group-datasheet-176638170.pdf?src-supplier=Future+Electronics"; VariantName = "[No Variations]"
Add component (AddParameter): Name = "ComponentLink8Description"; Value = "https://datasheet.octopart.com:443/RC0805FR-071KL-Yageo-datasheet-164759695.pdf?src-supplier=Future+Electronics"; VariantName = "[No Variations]"
Add component (AddParameter): Name = "ComponentLink8URL"; Value = "https://datasheet.octopart.com:443/RC0805FR-071KL-Yageo-datasheet-164759695.pdf?src-supplier=Future+Electronics"; VariantName = "[No Variations]"
Add component (AddParameter): Name = "ComponentLink9Description"; Value = "https://datasheet.octopart.com:443/RC0805FR-071KL-Yageo-datasheet-8324252.pdf?src-supplier=Future+Electronics"; VariantName = "[No Variations]"
Add component (AddParameter): Name = "ComponentLink9URL"; Value = "https://datasheet.octopart.com:443/RC0805FR-071KL-Yageo-datasheet-8324252.pdf?src-supplier=Future+Electronics"; VariantName = "[No Variations]"
Add component (AddParameter): Name = "ComponentLink10Description"; Value = "https://datasheet.octopart.com:443/RC0805FR-071KL-Yageo-datasheet-79472498.pdf?src-supplier=Megastar"; VariantName = "[No Variations]"
Add component (AddParameter): Name = "ComponentLink10URL"; Value = "https://datasheet.octopart.com:443/RC0805FR-071KL-Yageo-datasheet-79472498.pdf?src-supplier=Megastar"; VariantName = "[No Variations]"
Add component (AddParameter): Name = "ComponentLink11Description"; Value = "https://datasheet.octopart.com/RC0805FR-071KL-Yageo-datasheet-73766026.pdf"; VariantName = "[No Variations]"
Add component (AddParameter): Name = "ComponentLink11URL"; Value = "https://datasheet.octopart.com/RC0805FR-071KL-Yageo-datasheet-73766026.pdf"; VariantName = "[No Variations]"
Add component (AddParameter): Name = "ComponentLink12Description"; Value = "https://datasheet.octopart.com:443/RC0805FR-071KL-Yageo-datasheet-13691069.pdf?src-supplier=Farnell"; VariantName = "[No Variations]"
Add component (AddParameter): Name = "ComponentLink12URL"; Value = "https://datasheet.octopart.com:443/RC0805FR-071KL-Yageo-datasheet-13691069.pdf?src-supplier=Farnell"; VariantName = "[No Variations]"
Add component (AddParameter): Name = "ComponentLink13Description"; Value = "https://datasheet.octopart.com:443/RC0805FR-071KL-Yageo-datasheet-118657.pdf?src-supplier=DigiKey"; VariantName = "[No Variations]"
Add component (AddParameter): Name = "ComponentLink13URL"; Value = "https://datasheet.octopart.com:443/RC0805FR-071KL-Yageo-datasheet-118657.pdf?src-supplier=DigiKey"; VariantName = "[No Variations]"
Add component (AddParameter): Name = "ComponentLink14Description"; Value = "https://datasheet.octopart.com:443/RC0805FR-071KL-Yageo-datasheet-502840.pdf?src-supplier=element14"; VariantName = "[No Variations]"
Add component (AddParameter): Name = "ComponentLink14URL"; Value = "https://datasheet.octopart.com:443/RC0805FR-071KL-Yageo-datasheet-502840.pdf?src-supplier=element14"; VariantName = "[No Variations]"
Add component (AddParameter): Name = "ComponentLink15Description"; Value = "http://sigma.octopart.com:80/conflict_mineral_statement/Yageo-company-3.pdf?src-supplier=Compliance+Statements"; VariantName = "[No Variations]"
Add component (AddParameter): Name = "ComponentLink15URL"; Value = "http://sigma.octopart.com:80/conflict_mineral_statement/Yageo-company-3.pdf?src-supplier=Compliance+Statements"; VariantName = "[No Variations]"
Add component (AddParameter): Name = "ComponentLink16Description"; Value = "http://sigma.octopart.com:80/rohs_statement/Yageo-company-2.pdf?src-supplier=Compliance+Statements"; VariantName = "[No Variations]"
Add component (AddParameter): Name = "ComponentLink16URL"; Value = "http://sigma.octopart.com:80/rohs_statement/Yageo-company-2.pdf?src-supplier=Compliance+Statements"; VariantName = "[No Variations]"
Add component (AddParameter): Name = "Composition"; Value = "Thick Film"; VariantName = "[No Variations]"
Add component (AddParameter): Name = "Country of Origin"; Value = "Mainland China, Taiwan"; VariantName = "[No Variations]"
Add component (AddParameter): Name = "Depth"; Value = "1.25mm"; VariantName = "[No Variations]"
Add component (AddParameter): Name = "Export Control Classification Number (ECCN) Code"; Value = "EAR99"; VariantName = "[No Variations]"
Add component (AddParameter): Name = "Features"; Value = "Moisture Resistant"; VariantName = "[No Variations]"
Add component (AddParameter): Name = "Harmonized Tariff Schedule (HTS) Code"; Value = "8533.21.00.30"; VariantName = "[No Variations]"
Add component (AddParameter): Name = "Height"; Value = "500µm"; VariantName = "[No Variations]"
Add component (AddParameter): Name = "Introduction Date"; Value = "2004-09-22"; VariantName = "[No Variations]"
Add component (AddParameter): Name = "Lead Free"; Value = "Lead Free"; VariantName = "[No Variations]"
Add component (AddParameter): Name = "Length"; Value = "2mm"; VariantName = "[No Variations]"
Add component (AddParameter): Name = "Lifecycle Status"; Value = "Production"; VariantName = "[No Variations]"
Add component (AddParameter): Name = "Manufacturer"; Value = "Yageo Group"; VariantName = "[No Variations]"
Add component (AddParameter): Name = "Manufacturer Part Number"; Value = "RC0805FR-071KL"; VariantName = "[No Variations]"
Add component (AddParameter): Name = "Max Operating Temperature"; Value = "155°C"; VariantName = "[No Variations]"
Add component (AddParameter): Name = "Max Power Dissipation"; Value = "125mW"; VariantName = "[No Variations]"
Add component (AddParameter): Name = "Military Standard"; Value = "Not"; VariantName = "[No Variations]"
Add component (AddParameter): Name = "Min Operating Temperature"; Value = "-55°C"; VariantName = "[No Variations]"
Add component (AddParameter): Name = "Mounting Technology"; Value = "Surface Mount"; VariantName = "[No Variations]"
Add component (AddParameter): Name = "Number of Terminals"; Value = "2"; VariantName = "[No Variations]"
Add component (AddParameter): Name = "Number of Terminations"; Value = "2"; VariantName = "[No Variations]"
Add component (AddParameter): Name = "Packaging"; Value = "Tape & Reel"; VariantName = "[No Variations]"
Add component (AddParameter): Name = "Pins"; Value = "2"; VariantName = "[No Variations]"
Add component (AddParameter): Name = "Power Dissipation"; Value = "125mW"; VariantName = "[No Variations]"
Add component (AddParameter): Name = "Power Rating"; Value = "125mW"; VariantName = "[No Variations]"
Add component (AddParameter): Name = "Pricing"; Value = "1=0.1, 10=0.008 (USD)"; VariantName = "[No Variations]"
Add component (AddParameter): Name = "REACH SVHC"; Value = "Yes"; VariantName = "[No Variations]"
Add component (AddParameter): Name = "RoHS"; Value = "Compliant"; VariantName = "[No Variations]"
Add component (AddParameter): Name = "Schedule B"; Value = "8533210045, 8533210045|8533210045, 8533210045|8533210045|8533210045, 8533210045|8533210045|8533210045|8533210045"; VariantName = "[No Variations]"
Add component (AddParameter): Name = "Stock"; Value = "704785"; VariantName = "[No Variations]"
Add component (AddParameter): Name = "Supplier"; Value = "DigiKey"; VariantName = "[No Variations]"
Add component (AddParameter): Name = "Supplier Part Number"; Value = "311-1.00KCRCT-ND"; VariantName = "[No Variations]"
Add component (AddParameter): Name = "Temperature Coefficient"; Value = "100ppm/°C"; VariantName = "[No Variations]"
Add component (AddParameter): Name = "Termination"; Value = "SMD/SMT"; VariantName = "[No Variations]"
Add component (AddParameter): Name = "Tolerance"; Value = "1%"; VariantName = "[No Variations]"
Add component (AddParameter): Name = "Value"; Value = "1kO"; VariantName = "[No Variations]"
Add component (AddParameter): Name = "Voltage Rating"; Value = "150V"; VariantName = "[No Variations]"
Add component (AddParameter): Name = "Voltage Rating (AC)"; Value = "150V"; VariantName = "[No Variations]"
Add component (AddParameter): Name = "Voltage Rating (DC)"; Value = "150V"; VariantName = "[No Variations]"
Add component (AddParameter): Name = "Width"; Value = "1.25mm"; VariantName = "[No Variations]"
Add component (AddParameter): Name = "Working Voltage"; Value = "150V"; VariantName = "[No Variations]"
Added Component: Designator=R11(R0805)
Add component (AddParameter): Name = "Case Code (Imperial)"; Value = "0805"; VariantName = "[No Variations]"
Add component (AddParameter): Name = "Case/Package"; Value = "0805"; VariantName = "[No Variations]"
Add component (AddParameter): Name = "Category"; Value = "Chip SMD Resistors"; VariantName = "[No Variations]"
Add component (AddParameter): Name = "China RoHS"; Value = "Non-Compliant"; VariantName = "[No Variations]"
Add component (AddParameter): Name = "ComponentLink1Description"; Value = "https://datasheet.octopart.com:443/RC0805FR-071KL-Yageo-datasheet-175887523.pdf?src-supplier=IHS"; VariantName = "[No Variations]"
Add component (AddParameter): Name = "ComponentLink1URL"; Value = "https://datasheet.octopart.com:443/RC0805FR-071KL-Yageo-datasheet-175887523.pdf?src-supplier=IHS"; VariantName = "[No Variations]"
Add component (AddParameter): Name = "ComponentLink2Description"; Value = "https://datasheet.octopart.com:443/RC0805FR-071KL-Yageo-datasheet-103092701.pdf?src-supplier=Upverter"; VariantName = "[No Variations]"
Add component (AddParameter): Name = "ComponentLink2URL"; Value = "https://datasheet.octopart.com:443/RC0805FR-071KL-Yageo-datasheet-103092701.pdf?src-supplier=Upverter"; VariantName = "[No Variations]"
Add component (AddParameter): Name = "ComponentLink3Description"; Value = "https://datasheet.octopart.com:443/RC0805FR-071KL-Yageo-datasheet-8330313.pdf?src-supplier=element14+APAC"; VariantName = "[No Variations]"
Add component (AddParameter): Name = "ComponentLink3URL"; Value = "https://datasheet.octopart.com:443/RC0805FR-071KL-Yageo-datasheet-8330313.pdf?src-supplier=element14+APAC"; VariantName = "[No Variations]"
Add component (AddParameter): Name = "ComponentLink4Description"; Value = "https://datasheet.octopart.com:443/RC0805FR-071KL-Yageo-datasheet-62067350.pdf?src-supplier=element14+APAC"; VariantName = "[No Variations]"
Add component (AddParameter): Name = "ComponentLink4URL"; Value = "https://datasheet.octopart.com:443/RC0805FR-071KL-Yageo-datasheet-62067350.pdf?src-supplier=element14+APAC"; VariantName = "[No Variations]"
Add component (AddParameter): Name = "ComponentLink5Description"; Value = "https://datasheet.octopart.com:443/RC0805FR-071KL-Yageo-datasheet-12592811.pdf?src-supplier=element14+APAC"; VariantName = "[No Variations]"
Add component (AddParameter): Name = "ComponentLink5URL"; Value = "https://datasheet.octopart.com:443/RC0805FR-071KL-Yageo-datasheet-12592811.pdf?src-supplier=element14+APAC"; VariantName = "[No Variations]"
Add component (AddParameter): Name = "ComponentLink6Description"; Value = "https://datasheet.octopart.com:443/RC0805FR-071KL-Yageo-Group-datasheet-190305687.pdf?src-supplier=Newark"; VariantName = "[No Variations]"
Add component (AddParameter): Name = "ComponentLink6URL"; Value = "https://datasheet.octopart.com:443/RC0805FR-071KL-Yageo-Group-datasheet-190305687.pdf?src-supplier=Newark"; VariantName = "[No Variations]"
Add component (AddParameter): Name = "ComponentLink7Description"; Value = "https://datasheet.octopart.com:443/RC0805FR-071KL-Yageo-Group-datasheet-176638170.pdf?src-supplier=Future+Electronics"; VariantName = "[No Variations]"
Add component (AddParameter): Name = "ComponentLink7URL"; Value = "https://datasheet.octopart.com:443/RC0805FR-071KL-Yageo-Group-datasheet-176638170.pdf?src-supplier=Future+Electronics"; VariantName = "[No Variations]"
Add component (AddParameter): Name = "ComponentLink8Description"; Value = "https://datasheet.octopart.com:443/RC0805FR-071KL-Yageo-datasheet-164759695.pdf?src-supplier=Future+Electronics"; VariantName = "[No Variations]"
Add component (AddParameter): Name = "ComponentLink8URL"; Value = "https://datasheet.octopart.com:443/RC0805FR-071KL-Yageo-datasheet-164759695.pdf?src-supplier=Future+Electronics"; VariantName = "[No Variations]"
Add component (AddParameter): Name = "ComponentLink9Description"; Value = "https://datasheet.octopart.com:443/RC0805FR-071KL-Yageo-datasheet-8324252.pdf?src-supplier=Future+Electronics"; VariantName = "[No Variations]"
Add component (AddParameter): Name = "ComponentLink9URL"; Value = "https://datasheet.octopart.com:443/RC0805FR-071KL-Yageo-datasheet-8324252.pdf?src-supplier=Future+Electronics"; VariantName = "[No Variations]"
Add component (AddParameter): Name = "ComponentLink10Description"; Value = "https://datasheet.octopart.com:443/RC0805FR-071KL-Yageo-datasheet-79472498.pdf?src-supplier=Megastar"; VariantName = "[No Variations]"
Add component (AddParameter): Name = "ComponentLink10URL"; Value = "https://datasheet.octopart.com:443/RC0805FR-071KL-Yageo-datasheet-79472498.pdf?src-supplier=Megastar"; VariantName = "[No Variations]"
Add component (AddParameter): Name = "ComponentLink11Description"; Value = "https://datasheet.octopart.com/RC0805FR-071KL-Yageo-datasheet-73766026.pdf"; VariantName = "[No Variations]"
Add component (AddParameter): Name = "ComponentLink11URL"; Value = "https://datasheet.octopart.com/RC0805FR-071KL-Yageo-datasheet-73766026.pdf"; VariantName = "[No Variations]"
Add component (AddParameter): Name = "ComponentLink12Description"; Value = "https://datasheet.octopart.com:443/RC0805FR-071KL-Yageo-datasheet-13691069.pdf?src-supplier=Farnell"; VariantName = "[No Variations]"
Add component (AddParameter): Name = "ComponentLink12URL"; Value = "https://datasheet.octopart.com:443/RC0805FR-071KL-Yageo-datasheet-13691069.pdf?src-supplier=Farnell"; VariantName = "[No Variations]"
Add component (AddParameter): Name = "ComponentLink13Description"; Value = "https://datasheet.octopart.com:443/RC0805FR-071KL-Yageo-datasheet-118657.pdf?src-supplier=DigiKey"; VariantName = "[No Variations]"
Add component (AddParameter): Name = "ComponentLink13URL"; Value = "https://datasheet.octopart.com:443/RC0805FR-071KL-Yageo-datasheet-118657.pdf?src-supplier=DigiKey"; VariantName = "[No Variations]"
Add component (AddParameter): Name = "ComponentLink14Description"; Value = "https://datasheet.octopart.com:443/RC0805FR-071KL-Yageo-datasheet-502840.pdf?src-supplier=element14"; VariantName = "[No Variations]"
Add component (AddParameter): Name = "ComponentLink14URL"; Value = "https://datasheet.octopart.com:443/RC0805FR-071KL-Yageo-datasheet-502840.pdf?src-supplier=element14"; VariantName = "[No Variations]"
Add component (AddParameter): Name = "ComponentLink15Description"; Value = "http://sigma.octopart.com:80/conflict_mineral_statement/Yageo-company-3.pdf?src-supplier=Compliance+Statements"; VariantName = "[No Variations]"
Add component (AddParameter): Name = "ComponentLink15URL"; Value = "http://sigma.octopart.com:80/conflict_mineral_statement/Yageo-company-3.pdf?src-supplier=Compliance+Statements"; VariantName = "[No Variations]"
Add component (AddParameter): Name = "ComponentLink16Description"; Value = "http://sigma.octopart.com:80/rohs_statement/Yageo-company-2.pdf?src-supplier=Compliance+Statements"; VariantName = "[No Variations]"
Add component (AddParameter): Name = "ComponentLink16URL"; Value = "http://sigma.octopart.com:80/rohs_statement/Yageo-company-2.pdf?src-supplier=Compliance+Statements"; VariantName = "[No Variations]"
Add component (AddParameter): Name = "Composition"; Value = "Thick Film"; VariantName = "[No Variations]"
Add component (AddParameter): Name = "Country of Origin"; Value = "Mainland China, Taiwan"; VariantName = "[No Variations]"
Add component (AddParameter): Name = "Depth"; Value = "1.25mm"; VariantName = "[No Variations]"
Add component (AddParameter): Name = "Export Control Classification Number (ECCN) Code"; Value = "EAR99"; VariantName = "[No Variations]"
Add component (AddParameter): Name = "Features"; Value = "Moisture Resistant"; VariantName = "[No Variations]"
Add component (AddParameter): Name = "Harmonized Tariff Schedule (HTS) Code"; Value = "8533.21.00.30"; VariantName = "[No Variations]"
Add component (AddParameter): Name = "Height"; Value = "500µm"; VariantName = "[No Variations]"
Add component (AddParameter): Name = "Introduction Date"; Value = "2004-09-22"; VariantName = "[No Variations]"
Add component (AddParameter): Name = "Lead Free"; Value = "Lead Free"; VariantName = "[No Variations]"
Add component (AddParameter): Name = "Length"; Value = "2mm"; VariantName = "[No Variations]"
Add component (AddParameter): Name = "Lifecycle Status"; Value = "Production"; VariantName = "[No Variations]"
Add component (AddParameter): Name = "Manufacturer"; Value = "Yageo Group"; VariantName = "[No Variations]"
Add component (AddParameter): Name = "Manufacturer Part Number"; Value = "RC0805FR-071KL"; VariantName = "[No Variations]"
Add component (AddParameter): Name = "Max Operating Temperature"; Value = "155°C"; VariantName = "[No Variations]"
Add component (AddParameter): Name = "Max Power Dissipation"; Value = "125mW"; VariantName = "[No Variations]"
Add component (AddParameter): Name = "Military Standard"; Value = "Not"; VariantName = "[No Variations]"
Add component (AddParameter): Name = "Min Operating Temperature"; Value = "-55°C"; VariantName = "[No Variations]"
Add component (AddParameter): Name = "Mounting Technology"; Value = "Surface Mount"; VariantName = "[No Variations]"
Add component (AddParameter): Name = "Number of Terminals"; Value = "2"; VariantName = "[No Variations]"
Add component (AddParameter): Name = "Number of Terminations"; Value = "2"; VariantName = "[No Variations]"
Add component (AddParameter): Name = "Packaging"; Value = "Tape & Reel"; VariantName = "[No Variations]"
Add component (AddParameter): Name = "Pins"; Value = "2"; VariantName = "[No Variations]"
Add component (AddParameter): Name = "Power Dissipation"; Value = "125mW"; VariantName = "[No Variations]"
Add component (AddParameter): Name = "Power Rating"; Value = "125mW"; VariantName = "[No Variations]"
Add component (AddParameter): Name = "Pricing"; Value = "1=0.1, 10=0.008 (USD)"; VariantName = "[No Variations]"
Add component (AddParameter): Name = "REACH SVHC"; Value = "Yes"; VariantName = "[No Variations]"
Add component (AddParameter): Name = "RoHS"; Value = "Compliant"; VariantName = "[No Variations]"
Add component (AddParameter): Name = "Schedule B"; Value = "8533210045, 8533210045|8533210045, 8533210045|8533210045|8533210045, 8533210045|8533210045|8533210045|8533210045"; VariantName = "[No Variations]"
Add component (AddParameter): Name = "Stock"; Value = "704785"; VariantName = "[No Variations]"
Add component (AddParameter): Name = "Supplier"; Value = "DigiKey"; VariantName = "[No Variations]"
Add component (AddParameter): Name = "Supplier Part Number"; Value = "311-1.00KCRCT-ND"; VariantName = "[No Variations]"
Add component (AddParameter): Name = "Temperature Coefficient"; Value = "100ppm/°C"; VariantName = "[No Variations]"
Add component (AddParameter): Name = "Termination"; Value = "SMD/SMT"; VariantName = "[No Variations]"
Add component (AddParameter): Name = "Tolerance"; Value = "1%"; VariantName = "[No Variations]"
Add component (AddParameter): Name = "Value"; Value = "1kO"; VariantName = "[No Variations]"
Add component (AddParameter): Name = "Voltage Rating"; Value = "150V"; VariantName = "[No Variations]"
Add component (AddParameter): Name = "Voltage Rating (AC)"; Value = "150V"; VariantName = "[No Variations]"
Add component (AddParameter): Name = "Voltage Rating (DC)"; Value = "150V"; VariantName = "[No Variations]"
Add component (AddParameter): Name = "Width"; Value = "1.25mm"; VariantName = "[No Variations]"
Add component (AddParameter): Name = "Working Voltage"; Value = "150V"; VariantName = "[No Variations]"
Added Component: Designator=R12(R0805)
Add component (AddParameter): Name = "Case Code (Imperial)"; Value = "0805"; VariantName = "[No Variations]"
Add component (AddParameter): Name = "Case/Package"; Value = "0805"; VariantName = "[No Variations]"
Add component (AddParameter): Name = "Category"; Value = "Chip SMD Resistors"; VariantName = "[No Variations]"
Add component (AddParameter): Name = "China RoHS"; Value = "Non-Compliant"; VariantName = "[No Variations]"
Add component (AddParameter): Name = "ComponentLink1Description"; Value = "https://datasheet.octopart.com:443/RC0805FR-071KL-Yageo-datasheet-175887523.pdf?src-supplier=IHS"; VariantName = "[No Variations]"
Add component (AddParameter): Name = "ComponentLink1URL"; Value = "https://datasheet.octopart.com:443/RC0805FR-071KL-Yageo-datasheet-175887523.pdf?src-supplier=IHS"; VariantName = "[No Variations]"
Add component (AddParameter): Name = "ComponentLink2Description"; Value = "https://datasheet.octopart.com:443/RC0805FR-071KL-Yageo-datasheet-103092701.pdf?src-supplier=Upverter"; VariantName = "[No Variations]"
Add component (AddParameter): Name = "ComponentLink2URL"; Value = "https://datasheet.octopart.com:443/RC0805FR-071KL-Yageo-datasheet-103092701.pdf?src-supplier=Upverter"; VariantName = "[No Variations]"
Add component (AddParameter): Name = "ComponentLink3Description"; Value = "https://datasheet.octopart.com:443/RC0805FR-071KL-Yageo-datasheet-8330313.pdf?src-supplier=element14+APAC"; VariantName = "[No Variations]"
Add component (AddParameter): Name = "ComponentLink3URL"; Value = "https://datasheet.octopart.com:443/RC0805FR-071KL-Yageo-datasheet-8330313.pdf?src-supplier=element14+APAC"; VariantName = "[No Variations]"
Add component (AddParameter): Name = "ComponentLink4Description"; Value = "https://datasheet.octopart.com:443/RC0805FR-071KL-Yageo-datasheet-62067350.pdf?src-supplier=element14+APAC"; VariantName = "[No Variations]"
Add component (AddParameter): Name = "ComponentLink4URL"; Value = "https://datasheet.octopart.com:443/RC0805FR-071KL-Yageo-datasheet-62067350.pdf?src-supplier=element14+APAC"; VariantName = "[No Variations]"
Add component (AddParameter): Name = "ComponentLink5Description"; Value = "https://datasheet.octopart.com:443/RC0805FR-071KL-Yageo-datasheet-12592811.pdf?src-supplier=element14+APAC"; VariantName = "[No Variations]"
Add component (AddParameter): Name = "ComponentLink5URL"; Value = "https://datasheet.octopart.com:443/RC0805FR-071KL-Yageo-datasheet-12592811.pdf?src-supplier=element14+APAC"; VariantName = "[No Variations]"
Add component (AddParameter): Name = "ComponentLink6Description"; Value = "https://datasheet.octopart.com:443/RC0805FR-071KL-Yageo-Group-datasheet-190305687.pdf?src-supplier=Newark"; VariantName = "[No Variations]"
Add component (AddParameter): Name = "ComponentLink6URL"; Value = "https://datasheet.octopart.com:443/RC0805FR-071KL-Yageo-Group-datasheet-190305687.pdf?src-supplier=Newark"; VariantName = "[No Variations]"
Add component (AddParameter): Name = "ComponentLink7Description"; Value = "https://datasheet.octopart.com:443/RC0805FR-071KL-Yageo-Group-datasheet-176638170.pdf?src-supplier=Future+Electronics"; VariantName = "[No Variations]"
Add component (AddParameter): Name = "ComponentLink7URL"; Value = "https://datasheet.octopart.com:443/RC0805FR-071KL-Yageo-Group-datasheet-176638170.pdf?src-supplier=Future+Electronics"; VariantName = "[No Variations]"
Add component (AddParameter): Name = "ComponentLink8Description"; Value = "https://datasheet.octopart.com:443/RC0805FR-071KL-Yageo-datasheet-164759695.pdf?src-supplier=Future+Electronics"; VariantName = "[No Variations]"
Add component (AddParameter): Name = "ComponentLink8URL"; Value = "https://datasheet.octopart.com:443/RC0805FR-071KL-Yageo-datasheet-164759695.pdf?src-supplier=Future+Electronics"; VariantName = "[No Variations]"
Add component (AddParameter): Name = "ComponentLink9Description"; Value = "https://datasheet.octopart.com:443/RC0805FR-071KL-Yageo-datasheet-8324252.pdf?src-supplier=Future+Electronics"; VariantName = "[No Variations]"
Add component (AddParameter): Name = "ComponentLink9URL"; Value = "https://datasheet.octopart.com:443/RC0805FR-071KL-Yageo-datasheet-8324252.pdf?src-supplier=Future+Electronics"; VariantName = "[No Variations]"
Add component (AddParameter): Name = "ComponentLink10Description"; Value = "https://datasheet.octopart.com:443/RC0805FR-071KL-Yageo-datasheet-79472498.pdf?src-supplier=Megastar"; VariantName = "[No Variations]"
Add component (AddParameter): Name = "ComponentLink10URL"; Value = "https://datasheet.octopart.com:443/RC0805FR-071KL-Yageo-datasheet-79472498.pdf?src-supplier=Megastar"; VariantName = "[No Variations]"
Add component (AddParameter): Name = "ComponentLink11Description"; Value = "https://datasheet.octopart.com/RC0805FR-071KL-Yageo-datasheet-73766026.pdf"; VariantName = "[No Variations]"
Add component (AddParameter): Name = "ComponentLink11URL"; Value = "https://datasheet.octopart.com/RC0805FR-071KL-Yageo-datasheet-73766026.pdf"; VariantName = "[No Variations]"
Add component (AddParameter): Name = "ComponentLink12Description"; Value = "https://datasheet.octopart.com:443/RC0805FR-071KL-Yageo-datasheet-13691069.pdf?src-supplier=Farnell"; VariantName = "[No Variations]"
Add component (AddParameter): Name = "ComponentLink12URL"; Value = "https://datasheet.octopart.com:443/RC0805FR-071KL-Yageo-datasheet-13691069.pdf?src-supplier=Farnell"; VariantName = "[No Variations]"
Add component (AddParameter): Name = "ComponentLink13Description"; Value = "https://datasheet.octopart.com:443/RC0805FR-071KL-Yageo-datasheet-118657.pdf?src-supplier=DigiKey"; VariantName = "[No Variations]"
Add component (AddParameter): Name = "ComponentLink13URL"; Value = "https://datasheet.octopart.com:443/RC0805FR-071KL-Yageo-datasheet-118657.pdf?src-supplier=DigiKey"; VariantName = "[No Variations]"
Add component (AddParameter): Name = "ComponentLink14Description"; Value = "https://datasheet.octopart.com:443/RC0805FR-071KL-Yageo-datasheet-502840.pdf?src-supplier=element14"; VariantName = "[No Variations]"
Add component (AddParameter): Name = "ComponentLink14URL"; Value = "https://datasheet.octopart.com:443/RC0805FR-071KL-Yageo-datasheet-502840.pdf?src-supplier=element14"; VariantName = "[No Variations]"
Add component (AddParameter): Name = "ComponentLink15Description"; Value = "http://sigma.octopart.com:80/conflict_mineral_statement/Yageo-company-3.pdf?src-supplier=Compliance+Statements"; VariantName = "[No Variations]"
Add component (AddParameter): Name = "ComponentLink15URL"; Value = "http://sigma.octopart.com:80/conflict_mineral_statement/Yageo-company-3.pdf?src-supplier=Compliance+Statements"; VariantName = "[No Variations]"
Add component (AddParameter): Name = "ComponentLink16Description"; Value = "http://sigma.octopart.com:80/rohs_statement/Yageo-company-2.pdf?src-supplier=Compliance+Statements"; VariantName = "[No Variations]"
Add component (AddParameter): Name = "ComponentLink16URL"; Value = "http://sigma.octopart.com:80/rohs_statement/Yageo-company-2.pdf?src-supplier=Compliance+Statements"; VariantName = "[No Variations]"
Add component (AddParameter): Name = "Composition"; Value = "Thick Film"; VariantName = "[No Variations]"
Add component (AddParameter): Name = "Country of Origin"; Value = "Mainland China, Taiwan"; VariantName = "[No Variations]"
Add component (AddParameter): Name = "Depth"; Value = "1.25mm"; VariantName = "[No Variations]"
Add component (AddParameter): Name = "Export Control Classification Number (ECCN) Code"; Value = "EAR99"; VariantName = "[No Variations]"
Add component (AddParameter): Name = "Features"; Value = "Moisture Resistant"; VariantName = "[No Variations]"
Add component (AddParameter): Name = "Harmonized Tariff Schedule (HTS) Code"; Value = "8533.21.00.30"; VariantName = "[No Variations]"
Add component (AddParameter): Name = "Height"; Value = "500µm"; VariantName = "[No Variations]"
Add component (AddParameter): Name = "Introduction Date"; Value = "2004-09-22"; VariantName = "[No Variations]"
Add component (AddParameter): Name = "Lead Free"; Value = "Lead Free"; VariantName = "[No Variations]"
Add component (AddParameter): Name = "Length"; Value = "2mm"; VariantName = "[No Variations]"
Add component (AddParameter): Name = "Lifecycle Status"; Value = "Production"; VariantName = "[No Variations]"
Add component (AddParameter): Name = "Manufacturer"; Value = "Yageo Group"; VariantName = "[No Variations]"
Add component (AddParameter): Name = "Manufacturer Part Number"; Value = "RC0805FR-071KL"; VariantName = "[No Variations]"
Add component (AddParameter): Name = "Max Operating Temperature"; Value = "155°C"; VariantName = "[No Variations]"
Add component (AddParameter): Name = "Max Power Dissipation"; Value = "125mW"; VariantName = "[No Variations]"
Add component (AddParameter): Name = "Military Standard"; Value = "Not"; VariantName = "[No Variations]"
Add component (AddParameter): Name = "Min Operating Temperature"; Value = "-55°C"; VariantName = "[No Variations]"
Add component (AddParameter): Name = "Mounting Technology"; Value = "Surface Mount"; VariantName = "[No Variations]"
Add component (AddParameter): Name = "Number of Terminals"; Value = "2"; VariantName = "[No Variations]"
Add component (AddParameter): Name = "Number of Terminations"; Value = "2"; VariantName = "[No Variations]"
Add component (AddParameter): Name = "Packaging"; Value = "Tape & Reel"; VariantName = "[No Variations]"
Add component (AddParameter): Name = "Pins"; Value = "2"; VariantName = "[No Variations]"
Add component (AddParameter): Name = "Power Dissipation"; Value = "125mW"; VariantName = "[No Variations]"
Add component (AddParameter): Name = "Power Rating"; Value = "125mW"; VariantName = "[No Variations]"
Add component (AddParameter): Name = "Pricing"; Value = "1=0.1, 10=0.008 (USD)"; VariantName = "[No Variations]"
Add component (AddParameter): Name = "REACH SVHC"; Value = "Yes"; VariantName = "[No Variations]"
Add component (AddParameter): Name = "RoHS"; Value = "Compliant"; VariantName = "[No Variations]"
Add component (AddParameter): Name = "Schedule B"; Value = "8533210045, 8533210045|8533210045, 8533210045|8533210045|8533210045, 8533210045|8533210045|8533210045|8533210045"; VariantName = "[No Variations]"
Add component (AddParameter): Name = "Stock"; Value = "704785"; VariantName = "[No Variations]"
Add component (AddParameter): Name = "Supplier"; Value = "DigiKey"; VariantName = "[No Variations]"
Add component (AddParameter): Name = "Supplier Part Number"; Value = "311-1.00KCRCT-ND"; VariantName = "[No Variations]"
Add component (AddParameter): Name = "Temperature Coefficient"; Value = "100ppm/°C"; VariantName = "[No Variations]"
Add component (AddParameter): Name = "Termination"; Value = "SMD/SMT"; VariantName = "[No Variations]"
Add component (AddParameter): Name = "Tolerance"; Value = "1%"; VariantName = "[No Variations]"
Add component (AddParameter): Name = "Value"; Value = "1kO"; VariantName = "[No Variations]"
Add component (AddParameter): Name = "Voltage Rating"; Value = "150V"; VariantName = "[No Variations]"
Add component (AddParameter): Name = "Voltage Rating (AC)"; Value = "150V"; VariantName = "[No Variations]"
Add component (AddParameter): Name = "Voltage Rating (DC)"; Value = "150V"; VariantName = "[No Variations]"
Add component (AddParameter): Name = "Width"; Value = "1.25mm"; VariantName = "[No Variations]"
Add component (AddParameter): Name = "Working Voltage"; Value = "150V"; VariantName = "[No Variations]"
Added Component: Designator=R13(R0805)
Add component (AddParameter): Name = "Case Code (Imperial)"; Value = "0805"; VariantName = "[No Variations]"
Add component (AddParameter): Name = "Case/Package"; Value = "0805"; VariantName = "[No Variations]"
Add component (AddParameter): Name = "Category"; Value = "Chip SMD Resistors"; VariantName = "[No Variations]"
Add component (AddParameter): Name = "China RoHS"; Value = "Non-Compliant"; VariantName = "[No Variations]"
Add component (AddParameter): Name = "ComponentLink1Description"; Value = "https://datasheet.octopart.com:443/RC0805FR-0722RL-Yageo-datasheet-175887523.pdf?src-supplier=IHS"; VariantName = "[No Variations]"
Add component (AddParameter): Name = "ComponentLink1URL"; Value = "https://datasheet.octopart.com:443/RC0805FR-0722RL-Yageo-datasheet-175887523.pdf?src-supplier=IHS"; VariantName = "[No Variations]"
Add component (AddParameter): Name = "ComponentLink2Description"; Value = "https://datasheet.octopart.com:443/RC0805FR-0722RL-Yageo-datasheet-103092701.pdf?src-supplier=Upverter"; VariantName = "[No Variations]"
Add component (AddParameter): Name = "ComponentLink2URL"; Value = "https://datasheet.octopart.com:443/RC0805FR-0722RL-Yageo-datasheet-103092701.pdf?src-supplier=Upverter"; VariantName = "[No Variations]"
Add component (AddParameter): Name = "ComponentLink3Description"; Value = "https://datasheet.octopart.com:443/RC0805FR-0722RL-Yageo-datasheet-79472498.pdf?src-supplier=Upverter"; VariantName = "[No Variations]"
Add component (AddParameter): Name = "ComponentLink3URL"; Value = "https://datasheet.octopart.com:443/RC0805FR-0722RL-Yageo-datasheet-79472498.pdf?src-supplier=Upverter"; VariantName = "[No Variations]"
Add component (AddParameter): Name = "ComponentLink4Description"; Value = "https://datasheet.octopart.com:443/RC0805FR-0722RL-Yageo-datasheet-8330313.pdf?src-supplier=element14+APAC"; VariantName = "[No Variations]"
Add component (AddParameter): Name = "ComponentLink4URL"; Value = "https://datasheet.octopart.com:443/RC0805FR-0722RL-Yageo-datasheet-8330313.pdf?src-supplier=element14+APAC"; VariantName = "[No Variations]"
Add component (AddParameter): Name = "ComponentLink5Description"; Value = "https://datasheet.octopart.com:443/RC0805FR-0722RL-Yageo-datasheet-62067350.pdf?src-supplier=element14+APAC"; VariantName = "[No Variations]"
Add component (AddParameter): Name = "ComponentLink5URL"; Value = "https://datasheet.octopart.com:443/RC0805FR-0722RL-Yageo-datasheet-62067350.pdf?src-supplier=element14+APAC"; VariantName = "[No Variations]"
Add component (AddParameter): Name = "ComponentLink6Description"; Value = "https://datasheet.octopart.com:443/RC0805FR-0722RL-Yageo-Group-datasheet-176638170.pdf?src-supplier=Future+Electronics"; VariantName = "[No Variations]"
Add component (AddParameter): Name = "ComponentLink6URL"; Value = "https://datasheet.octopart.com:443/RC0805FR-0722RL-Yageo-Group-datasheet-176638170.pdf?src-supplier=Future+Electronics"; VariantName = "[No Variations]"
Add component (AddParameter): Name = "ComponentLink7Description"; Value = "https://datasheet.octopart.com:443/RC0805FR-0722RL-Yageo-datasheet-164759695.pdf?src-supplier=Future+Electronics"; VariantName = "[No Variations]"
Add component (AddParameter): Name = "ComponentLink7URL"; Value = "https://datasheet.octopart.com:443/RC0805FR-0722RL-Yageo-datasheet-164759695.pdf?src-supplier=Future+Electronics"; VariantName = "[No Variations]"
Add component (AddParameter): Name = "ComponentLink8Description"; Value = "https://datasheet.octopart.com:443/RC0805FR-0722RL-Yageo-datasheet-12592811.pdf?src-supplier=Future+Electronics"; VariantName = "[No Variations]"
Add component (AddParameter): Name = "ComponentLink8URL"; Value = "https://datasheet.octopart.com:443/RC0805FR-0722RL-Yageo-datasheet-12592811.pdf?src-supplier=Future+Electronics"; VariantName = "[No Variations]"
Add component (AddParameter): Name = "ComponentLink9Description"; Value = "https://datasheet.octopart.com:443/RC0805FR-0722RL-Yageo-datasheet-8324252.pdf?src-supplier=Future+Electronics"; VariantName = "[No Variations]"
Add component (AddParameter): Name = "ComponentLink9URL"; Value = "https://datasheet.octopart.com:443/RC0805FR-0722RL-Yageo-datasheet-8324252.pdf?src-supplier=Future+Electronics"; VariantName = "[No Variations]"
Add component (AddParameter): Name = "ComponentLink10Description"; Value = "https://datasheet.octopart.com/RC0805FR-0722RL-Yageo-datasheet-73766026.pdf"; VariantName = "[No Variations]"
Add component (AddParameter): Name = "ComponentLink10URL"; Value = "https://datasheet.octopart.com/RC0805FR-0722RL-Yageo-datasheet-73766026.pdf"; VariantName = "[No Variations]"
Add component (AddParameter): Name = "ComponentLink11Description"; Value = "https://datasheet.octopart.com:443/RC0805FR-0722RL-Yageo-datasheet-13691069.pdf?src-supplier=Farnell"; VariantName = "[No Variations]"
Add component (AddParameter): Name = "ComponentLink11URL"; Value = "https://datasheet.octopart.com:443/RC0805FR-0722RL-Yageo-datasheet-13691069.pdf?src-supplier=Farnell"; VariantName = "[No Variations]"
Add component (AddParameter): Name = "ComponentLink12Description"; Value = "https://datasheet.octopart.com:443/RC0805FR-0722RL-Yageo-datasheet-118657.pdf?src-supplier=DigiKey"; VariantName = "[No Variations]"
Add component (AddParameter): Name = "ComponentLink12URL"; Value = "https://datasheet.octopart.com:443/RC0805FR-0722RL-Yageo-datasheet-118657.pdf?src-supplier=DigiKey"; VariantName = "[No Variations]"
Add component (AddParameter): Name = "ComponentLink13Description"; Value = "http://sigma.octopart.com:80/conflict_mineral_statement/Yageo-company-3.pdf?src-supplier=Compliance+Statements"; VariantName = "[No Variations]"
Add component (AddParameter): Name = "ComponentLink13URL"; Value = "http://sigma.octopart.com:80/conflict_mineral_statement/Yageo-company-3.pdf?src-supplier=Compliance+Statements"; VariantName = "[No Variations]"
Add component (AddParameter): Name = "ComponentLink14Description"; Value = "http://sigma.octopart.com:80/rohs_statement/Yageo-company-2.pdf?src-supplier=Compliance+Statements"; VariantName = "[No Variations]"
Add component (AddParameter): Name = "ComponentLink14URL"; Value = "http://sigma.octopart.com:80/rohs_statement/Yageo-company-2.pdf?src-supplier=Compliance+Statements"; VariantName = "[No Variations]"
Add component (AddParameter): Name = "Composition"; Value = "Thick Film"; VariantName = "[No Variations]"
Add component (AddParameter): Name = "Country of Origin"; Value = "Mainland China, Taiwan"; VariantName = "[No Variations]"
Add component (AddParameter): Name = "Depth"; Value = "1.25mm"; VariantName = "[No Variations]"
Add component (AddParameter): Name = "Export Control Classification Number (ECCN) Code"; Value = "EAR99"; VariantName = "[No Variations]"
Add component (AddParameter): Name = "Features"; Value = "Moisture Resistant"; VariantName = "[No Variations]"
Add component (AddParameter): Name = "Harmonized Tariff Schedule (HTS) Code"; Value = "8533.21.00.30"; VariantName = "[No Variations]"
Add component (AddParameter): Name = "Height"; Value = "500µm"; VariantName = "[No Variations]"
Add component (AddParameter): Name = "Introduction Date"; Value = "2004-09-22"; VariantName = "[No Variations]"
Add component (AddParameter): Name = "Lead Free"; Value = "Lead Free"; VariantName = "[No Variations]"
Add component (AddParameter): Name = "Length"; Value = "2mm"; VariantName = "[No Variations]"
Add component (AddParameter): Name = "Lifecycle Status"; Value = "Production"; VariantName = "[No Variations]"
Add component (AddParameter): Name = "Manufacturer"; Value = "Yageo Group"; VariantName = "[No Variations]"
Add component (AddParameter): Name = "Manufacturer Part Number"; Value = "RC0805FR-0722RL"; VariantName = "[No Variations]"
Add component (AddParameter): Name = "Max Operating Temperature"; Value = "155°C"; VariantName = "[No Variations]"
Add component (AddParameter): Name = "Max Power Dissipation"; Value = "125mW"; VariantName = "[No Variations]"
Add component (AddParameter): Name = "Military Standard"; Value = "Not"; VariantName = "[No Variations]"
Add component (AddParameter): Name = "Min Operating Temperature"; Value = "-55°C"; VariantName = "[No Variations]"
Add component (AddParameter): Name = "Mounting Technology"; Value = "Surface Mount"; VariantName = "[No Variations]"
Add component (AddParameter): Name = "Number of Terminals"; Value = "2"; VariantName = "[No Variations]"
Add component (AddParameter): Name = "Number of Terminations"; Value = "2"; VariantName = "[No Variations]"
Add component (AddParameter): Name = "Packaging"; Value = "Tape & Reel"; VariantName = "[No Variations]"
Add component (AddParameter): Name = "Pins"; Value = "2"; VariantName = "[No Variations]"
Add component (AddParameter): Name = "Power Dissipation"; Value = "125mW"; VariantName = "[No Variations]"
Add component (AddParameter): Name = "Power Rating"; Value = "125mW"; VariantName = "[No Variations]"
Add component (AddParameter): Name = "Pricing"; Value = "1=0.17, 10=0.015, 25=0.0128, 50=0.0102, 100=0.0092, 250=0.00828 (USD)"; VariantName = "[No Variations]"
Add component (AddParameter): Name = "REACH SVHC"; Value = "Yes"; VariantName = "[No Variations]"
Add component (AddParameter): Name = "RoHS"; Value = "Compliant"; VariantName = "[No Variations]"
Add component (AddParameter): Name = "Schedule B"; Value = "8533210045, 8533210045|8533210045, 8533210045|8533210045|8533210045, 8533210045|8533210045|8533210045|8533210045"; VariantName = "[No Variations]"
Add component (AddParameter): Name = "Stock"; Value = "96991"; VariantName = "[No Variations]"
Add component (AddParameter): Name = "Supplier"; Value = "DigiKey"; VariantName = "[No Variations]"
Add component (AddParameter): Name = "Supplier Part Number"; Value = "311-22.0CRCT-ND"; VariantName = "[No Variations]"
Add component (AddParameter): Name = "Temperature Coefficient"; Value = "100ppm/°C"; VariantName = "[No Variations]"
Add component (AddParameter): Name = "Termination"; Value = "SMD/SMT"; VariantName = "[No Variations]"
Add component (AddParameter): Name = "Tolerance"; Value = "1%"; VariantName = "[No Variations]"
Add component (AddParameter): Name = "Value"; Value = "22O"; VariantName = "[No Variations]"
Add component (AddParameter): Name = "Voltage Rating"; Value = "150V"; VariantName = "[No Variations]"
Add component (AddParameter): Name = "Voltage Rating (AC)"; Value = "150V"; VariantName = "[No Variations]"
Add component (AddParameter): Name = "Voltage Rating (DC)"; Value = "150V"; VariantName = "[No Variations]"
Add component (AddParameter): Name = "Width"; Value = "1.25mm"; VariantName = "[No Variations]"
Add component (AddParameter): Name = "Working Voltage"; Value = "150V"; VariantName = "[No Variations]"
Added Component: Designator=R14(R0805)
Add component (AddParameter): Name = "Case Code (Imperial)"; Value = "0805"; VariantName = "[No Variations]"
Add component (AddParameter): Name = "Case/Package"; Value = "0805"; VariantName = "[No Variations]"
Add component (AddParameter): Name = "Category"; Value = "Chip SMD Resistors"; VariantName = "[No Variations]"
Add component (AddParameter): Name = "China RoHS"; Value = "Non-Compliant"; VariantName = "[No Variations]"
Add component (AddParameter): Name = "ComponentLink1Description"; Value = "https://datasheet.octopart.com:443/RC0805FR-0710KL-Yageo-datasheet-175887523.pdf?src-supplier=Newark"; VariantName = "[No Variations]"
Add component (AddParameter): Name = "ComponentLink1URL"; Value = "https://datasheet.octopart.com:443/RC0805FR-0710KL-Yageo-datasheet-175887523.pdf?src-supplier=Newark"; VariantName = "[No Variations]"
Add component (AddParameter): Name = "ComponentLink2Description"; Value = "https://datasheet.octopart.com:443/RC0805FR-0710KL-Yageo-datasheet-62067350.pdf?src-supplier=Farnell"; VariantName = "[No Variations]"
Add component (AddParameter): Name = "ComponentLink2URL"; Value = "https://datasheet.octopart.com:443/RC0805FR-0710KL-Yageo-datasheet-62067350.pdf?src-supplier=Farnell"; VariantName = "[No Variations]"
Add component (AddParameter): Name = "ComponentLink3Description"; Value = "https://datasheet.octopart.com:443/RC0805FR-0710KL-Yageo-datasheet-13691069.pdf?src-supplier=Farnell"; VariantName = "[No Variations]"
Add component (AddParameter): Name = "ComponentLink3URL"; Value = "https://datasheet.octopart.com:443/RC0805FR-0710KL-Yageo-datasheet-13691069.pdf?src-supplier=Farnell"; VariantName = "[No Variations]"
Add component (AddParameter): Name = "ComponentLink4Description"; Value = "https://datasheet.octopart.com:443/RC0805FR-0710KL-Yageo-datasheet-103092701.pdf?src-supplier=Upverter"; VariantName = "[No Variations]"
Add component (AddParameter): Name = "ComponentLink4URL"; Value = "https://datasheet.octopart.com:443/RC0805FR-0710KL-Yageo-datasheet-103092701.pdf?src-supplier=Upverter"; VariantName = "[No Variations]"
Add component (AddParameter): Name = "ComponentLink5Description"; Value = "https://datasheet.octopart.com:443/RC0805FR-0710KL-Yageo-datasheet-98239111.pdf?src-supplier=Upverter"; VariantName = "[No Variations]"
Add component (AddParameter): Name = "ComponentLink5URL"; Value = "https://datasheet.octopart.com:443/RC0805FR-0710KL-Yageo-datasheet-98239111.pdf?src-supplier=Upverter"; VariantName = "[No Variations]"
Add component (AddParameter): Name = "ComponentLink6Description"; Value = "https://datasheet.octopart.com:443/RC0805FR-0710KL-Yageo---Phycomp-datasheet-67302840.pdf?src-supplier=Upverter"; VariantName = "[No Variations]"
Add component (AddParameter): Name = "ComponentLink6URL"; Value = "https://datasheet.octopart.com:443/RC0805FR-0710KL-Yageo---Phycomp-datasheet-67302840.pdf?src-supplier=Upverter"; VariantName = "[No Variations]"
Add component (AddParameter): Name = "ComponentLink7Description"; Value = "https://datasheet.octopart.com:443/RC0805FR-0710KL-Yageo-datasheet-8330313.pdf?src-supplier=element14+APAC"; VariantName = "[No Variations]"
Add component (AddParameter): Name = "ComponentLink7URL"; Value = "https://datasheet.octopart.com:443/RC0805FR-0710KL-Yageo-datasheet-8330313.pdf?src-supplier=element14+APAC"; VariantName = "[No Variations]"
Add component (AddParameter): Name = "ComponentLink8Description"; Value = "https://datasheet.octopart.com:443/RC0805FR-0710KL-Yageo-datasheet-12592811.pdf?src-supplier=element14+APAC"; VariantName = "[No Variations]"
Add component (AddParameter): Name = "ComponentLink8URL"; Value = "https://datasheet.octopart.com:443/RC0805FR-0710KL-Yageo-datasheet-12592811.pdf?src-supplier=element14+APAC"; VariantName = "[No Variations]"
Add component (AddParameter): Name = "ComponentLink9Description"; Value = "https://datasheet.octopart.com:443/RC0805FR-0710KL-Yageo-Group-datasheet-190305687.pdf?src-supplier=Future+Electronics"; VariantName = "[No Variations]"
Add component (AddParameter): Name = "ComponentLink9URL"; Value = "https://datasheet.octopart.com:443/RC0805FR-0710KL-Yageo-Group-datasheet-190305687.pdf?src-supplier=Future+Electronics"; VariantName = "[No Variations]"
Add component (AddParameter): Name = "ComponentLink10Description"; Value = "https://datasheet.octopart.com:443/RC0805FR-0710KL-Yageo-datasheet-164759695.pdf?src-supplier=Future+Electronics"; VariantName = "[No Variations]"
Add component (AddParameter): Name = "ComponentLink10URL"; Value = "https://datasheet.octopart.com:443/RC0805FR-0710KL-Yageo-datasheet-164759695.pdf?src-supplier=Future+Electronics"; VariantName = "[No Variations]"
Add component (AddParameter): Name = "ComponentLink11Description"; Value = "https://datasheet.octopart.com:443/RC0805FR-0710KL-Yageo-datasheet-15800360.pdf?src-supplier=Future+Electronics"; VariantName = "[No Variations]"
Add component (AddParameter): Name = "ComponentLink11URL"; Value = "https://datasheet.octopart.com:443/RC0805FR-0710KL-Yageo-datasheet-15800360.pdf?src-supplier=Future+Electronics"; VariantName = "[No Variations]"
Add component (AddParameter): Name = "ComponentLink12Description"; Value = "https://datasheet.octopart.com:443/RC0805FR-0710KL-Yageo-datasheet-8324252.pdf?src-supplier=Future+Electronics"; VariantName = "[No Variations]"
Add component (AddParameter): Name = "ComponentLink12URL"; Value = "https://datasheet.octopart.com:443/RC0805FR-0710KL-Yageo-datasheet-8324252.pdf?src-supplier=Future+Electronics"; VariantName = "[No Variations]"
Add component (AddParameter): Name = "ComponentLink13Description"; Value = "https://datasheet.octopart.com:443/RC0805FR-0710KL-Yageo-datasheet-79472498.pdf?src-supplier=Megastar"; VariantName = "[No Variations]"
Add component (AddParameter): Name = "ComponentLink13URL"; Value = "https://datasheet.octopart.com:443/RC0805FR-0710KL-Yageo-datasheet-79472498.pdf?src-supplier=Megastar"; VariantName = "[No Variations]"
Add component (AddParameter): Name = "ComponentLink14Description"; Value = "https://datasheet.octopart.com:443/RC0805FR-0710KL-Yageo-datasheet-27714392.pdf?src-supplier=Seeed+Studio"; VariantName = "[No Variations]"
Add component (AddParameter): Name = "ComponentLink14URL"; Value = "https://datasheet.octopart.com:443/RC0805FR-0710KL-Yageo-datasheet-27714392.pdf?src-supplier=Seeed+Studio"; VariantName = "[No Variations]"
Add component (AddParameter): Name = "ComponentLink15Description"; Value = "https://datasheet.octopart.com/RC0805FR-0710KL-Yageo-datasheet-73766026.pdf"; VariantName = "[No Variations]"
Add component (AddParameter): Name = "ComponentLink15URL"; Value = "https://datasheet.octopart.com/RC0805FR-0710KL-Yageo-datasheet-73766026.pdf"; VariantName = "[No Variations]"
Add component (AddParameter): Name = "ComponentLink16Description"; Value = "https://datasheet.octopart.com:443/RC0805FR-0710KL-Yageo-datasheet-118657.pdf?src-supplier=DigiKey"; VariantName = "[No Variations]"
Add component (AddParameter): Name = "ComponentLink16URL"; Value = "https://datasheet.octopart.com:443/RC0805FR-0710KL-Yageo-datasheet-118657.pdf?src-supplier=DigiKey"; VariantName = "[No Variations]"
Add component (AddParameter): Name = "ComponentLink17Description"; Value = "https://datasheet.octopart.com:443/RC0805FR-0710KL-Yageo-datasheet-502840.pdf?src-supplier=element14"; VariantName = "[No Variations]"
Add component (AddParameter): Name = "ComponentLink17URL"; Value = "https://datasheet.octopart.com:443/RC0805FR-0710KL-Yageo-datasheet-502840.pdf?src-supplier=element14"; VariantName = "[No Variations]"
Add component (AddParameter): Name = "ComponentLink18Description"; Value = "http://sigma.octopart.com:80/conflict_mineral_statement/Yageo-company-3.pdf?src-supplier=Compliance+Statements"; VariantName = "[No Variations]"
Add component (AddParameter): Name = "ComponentLink18URL"; Value = "http://sigma.octopart.com:80/conflict_mineral_statement/Yageo-company-3.pdf?src-supplier=Compliance+Statements"; VariantName = "[No Variations]"
Add component (AddParameter): Name = "ComponentLink19Description"; Value = "http://sigma.octopart.com:80/rohs_statement/Yageo-company-2.pdf?src-supplier=Compliance+Statements"; VariantName = "[No Variations]"
Add component (AddParameter): Name = "ComponentLink19URL"; Value = "http://sigma.octopart.com:80/rohs_statement/Yageo-company-2.pdf?src-supplier=Compliance+Statements"; VariantName = "[No Variations]"
Add component (AddParameter): Name = "Composition"; Value = "Thick Film"; VariantName = "[No Variations]"
Add component (AddParameter): Name = "Country of Origin"; Value = "Mainland China, Taiwan"; VariantName = "[No Variations]"
Add component (AddParameter): Name = "Depth"; Value = "1.25mm"; VariantName = "[No Variations]"
Add component (AddParameter): Name = "Export Control Classification Number (ECCN) Code"; Value = "EAR99"; VariantName = "[No Variations]"
Add component (AddParameter): Name = "Features"; Value = "Moisture Resistant"; VariantName = "[No Variations]"
Add component (AddParameter): Name = "Harmonized Tariff Schedule (HTS) Code"; Value = "8533.21.00.30"; VariantName = "[No Variations]"
Add component (AddParameter): Name = "Height"; Value = "500µm"; VariantName = "[No Variations]"
Add component (AddParameter): Name = "Introduction Date"; Value = "2004-09-22"; VariantName = "[No Variations]"
Add component (AddParameter): Name = "Lead Free"; Value = "Lead Free"; VariantName = "[No Variations]"
Add component (AddParameter): Name = "Length"; Value = "2mm"; VariantName = "[No Variations]"
Add component (AddParameter): Name = "Lifecycle Status"; Value = "Production"; VariantName = "[No Variations]"
Add component (AddParameter): Name = "Manufacturer"; Value = "Yageo Group"; VariantName = "[No Variations]"
Add component (AddParameter): Name = "Manufacturer Part Number"; Value = "RC0805FR-0710KL"; VariantName = "[No Variations]"
Add component (AddParameter): Name = "Max Operating Temperature"; Value = "155°C"; VariantName = "[No Variations]"
Add component (AddParameter): Name = "Max Power Dissipation"; Value = "125mW"; VariantName = "[No Variations]"
Add component (AddParameter): Name = "Military Standard"; Value = "Not"; VariantName = "[No Variations]"
Add component (AddParameter): Name = "Min Operating Temperature"; Value = "-55°C"; VariantName = "[No Variations]"
Add component (AddParameter): Name = "Mounting Technology"; Value = "Surface Mount"; VariantName = "[No Variations]"
Add component (AddParameter): Name = "Number of Terminals"; Value = "2"; VariantName = "[No Variations]"
Add component (AddParameter): Name = "Number of Terminations"; Value = "2"; VariantName = "[No Variations]"
Add component (AddParameter): Name = "Packaging"; Value = "Tape and Reel"; VariantName = "[No Variations]"
Add component (AddParameter): Name = "Pins"; Value = "2"; VariantName = "[No Variations]"
Add component (AddParameter): Name = "Power Dissipation"; Value = "125mW"; VariantName = "[No Variations]"
Add component (AddParameter): Name = "Power Rating"; Value = "125mW"; VariantName = "[No Variations]"
Add component (AddParameter): Name = "Pricing"; Value = "1=0.13, 10=0.009, 25=0.0088, 50=0.0082 (USD)"; VariantName = "[No Variations]"
Add component (AddParameter): Name = "REACH SVHC"; Value = "Yes"; VariantName = "[No Variations]"
Add component (AddParameter): Name = "RoHS"; Value = "Compliant"; VariantName = "[No Variations]"
Add component (AddParameter): Name = "Schedule B"; Value = "8533210045, 8533210045|8533210045|8533210045|8533210045|8533210045|8533210045|8533210045|8533210045|8533210045|8533210045|8533210045|8533210045|8533210045|8533210045|8533210045|8533210045|8533210045|8533210045|8533210045|8533210045|8533210045|8533210045|8533210045|85"; VariantName = "[No Variations]"
Add component (AddParameter): Name = "Stock"; Value = "2846345"; VariantName = "[No Variations]"
Add component (AddParameter): Name = "Supplier"; Value = "DigiKey"; VariantName = "[No Variations]"
Add component (AddParameter): Name = "Supplier Part Number"; Value = "311-10.0KCRCT-ND"; VariantName = "[No Variations]"
Add component (AddParameter): Name = "Temperature Coefficient"; Value = "100ppm/°C"; VariantName = "[No Variations]"
Add component (AddParameter): Name = "Termination"; Value = "SMD/SMT"; VariantName = "[No Variations]"
Add component (AddParameter): Name = "Tolerance"; Value = "1%"; VariantName = "[No Variations]"
Add component (AddParameter): Name = "Value"; Value = "10kO"; VariantName = "[No Variations]"
Add component (AddParameter): Name = "Voltage Rating"; Value = "150V"; VariantName = "[No Variations]"
Add component (AddParameter): Name = "Voltage Rating (AC)"; Value = "150V"; VariantName = "[No Variations]"
Add component (AddParameter): Name = "Width"; Value = "1.25mm"; VariantName = "[No Variations]"
Add component (AddParameter): Name = "Working Voltage"; Value = "150V"; VariantName = "[No Variations]"
Added Component: Designator=R15(R0805)
Add component (AddParameter): Name = "Case Code (Imperial)"; Value = "0805"; VariantName = "[No Variations]"
Add component (AddParameter): Name = "Case Code (Metric)"; Value = "2012"; VariantName = "[No Variations]"
Add component (AddParameter): Name = "Case/Package"; Value = "0805"; VariantName = "[No Variations]"
Add component (AddParameter): Name = "Category"; Value = "Chip SMD Resistors"; VariantName = "[No Variations]"
Add component (AddParameter): Name = "China RoHS"; Value = "Non-Compliant"; VariantName = "[No Variations]"
Add component (AddParameter): Name = "ComponentLink1Description"; Value = "https://datasheet.octopart.com:443/AC0805FR-07560RL-Yageo-datasheet-182189377.pdf?src-supplier=IHS"; VariantName = "[No Variations]"
Add component (AddParameter): Name = "ComponentLink1URL"; Value = "https://datasheet.octopart.com:443/AC0805FR-07560RL-Yageo-datasheet-182189377.pdf?src-supplier=IHS"; VariantName = "[No Variations]"
Add component (AddParameter): Name = "ComponentLink2Description"; Value = "https://datasheet.octopart.com:443/AC0805FR-07560RL-Yageo-datasheet-83209224.pdf?src-supplier=Upverter"; VariantName = "[No Variations]"
Add component (AddParameter): Name = "ComponentLink2URL"; Value = "https://datasheet.octopart.com:443/AC0805FR-07560RL-Yageo-datasheet-83209224.pdf?src-supplier=Upverter"; VariantName = "[No Variations]"
Add component (AddParameter): Name = "ComponentLink3Description"; Value = "https://datasheet.octopart.com:443/AC0805FR-07560RL-Yageo-datasheet-178509465.pdf?src-supplier=Newark"; VariantName = "[No Variations]"
Add component (AddParameter): Name = "ComponentLink3URL"; Value = "https://datasheet.octopart.com:443/AC0805FR-07560RL-Yageo-datasheet-178509465.pdf?src-supplier=Newark"; VariantName = "[No Variations]"
Add component (AddParameter): Name = "ComponentLink4Description"; Value = "https://datasheet.octopart.com:443/AC0805FR-07560RL-Yageo-Group-datasheet-188689268.pdf?src-supplier=LCSC"; VariantName = "[No Variations]"
Add component (AddParameter): Name = "ComponentLink4URL"; Value = "https://datasheet.octopart.com:443/AC0805FR-07560RL-Yageo-Group-datasheet-188689268.pdf?src-supplier=LCSC"; VariantName = "[No Variations]"
Add component (AddParameter): Name = "ComponentLink5Description"; Value = "https://datasheet.octopart.com:443/AC0805FR-07560RL-Yageo-datasheet-166720450.pdf?src-supplier=Future+Electronics"; VariantName = "[No Variations]"
Add component (AddParameter): Name = "ComponentLink5URL"; Value = "https://datasheet.octopart.com:443/AC0805FR-07560RL-Yageo-datasheet-166720450.pdf?src-supplier=Future+Electronics"; VariantName = "[No Variations]"
Add component (AddParameter): Name = "ComponentLink6Description"; Value = "https://datasheet.octopart.com:443/AC0805FR-07560RL-Yageo-datasheet-151884373.pdf?src-supplier=Future+Electronics"; VariantName = "[No Variations]"
Add component (AddParameter): Name = "ComponentLink6URL"; Value = "https://datasheet.octopart.com:443/AC0805FR-07560RL-Yageo-datasheet-151884373.pdf?src-supplier=Future+Electronics"; VariantName = "[No Variations]"
Add component (AddParameter): Name = "ComponentLink7Description"; Value = "https://datasheet.octopart.com:443/AC0805FR-07560RL-Yageo-datasheet-137699919.pdf?src-supplier=Future+Electronics"; VariantName = "[No Variations]"
Add component (AddParameter): Name = "ComponentLink7URL"; Value = "https://datasheet.octopart.com:443/AC0805FR-07560RL-Yageo-datasheet-137699919.pdf?src-supplier=Future+Electronics"; VariantName = "[No Variations]"
Add component (AddParameter): Name = "ComponentLink8Description"; Value = "https://datasheet.octopart.com:443/AC0805FR-07560RL-Yageo-datasheet-86786639.pdf?src-supplier=Future+Electronics"; VariantName = "[No Variations]"
Add component (AddParameter): Name = "ComponentLink8URL"; Value = "https://datasheet.octopart.com:443/AC0805FR-07560RL-Yageo-datasheet-86786639.pdf?src-supplier=Future+Electronics"; VariantName = "[No Variations]"
Add component (AddParameter): Name = "ComponentLink9Description"; Value = "https://datasheet.octopart.com:443/AC0805FR-07560RL-Yageo-datasheet-159083007.pdf?src-supplier=TME"; VariantName = "[No Variations]"
Add component (AddParameter): Name = "ComponentLink9URL"; Value = "https://datasheet.octopart.com:443/AC0805FR-07560RL-Yageo-datasheet-159083007.pdf?src-supplier=TME"; VariantName = "[No Variations]"
Add component (AddParameter): Name = "ComponentLink10Description"; Value = "https://datasheet.octopart.com:443/AC0805FR-07560RL-Yageo-datasheet-128680628.pdf?src-supplier=X-ON"; VariantName = "[No Variations]"
Add component (AddParameter): Name = "ComponentLink10URL"; Value = "https://datasheet.octopart.com:443/AC0805FR-07560RL-Yageo-datasheet-128680628.pdf?src-supplier=X-ON"; VariantName = "[No Variations]"
Add component (AddParameter): Name = "ComponentLink11Description"; Value = "https://datasheet.octopart.com/AC0805FR-07560RL-Yageo-datasheet-12512238.pdf"; VariantName = "[No Variations]"
Add component (AddParameter): Name = "ComponentLink11URL"; Value = "https://datasheet.octopart.com/AC0805FR-07560RL-Yageo-datasheet-12512238.pdf"; VariantName = "[No Variations]"
Add component (AddParameter): Name = "ComponentLink12Description"; Value = "http://sigma.octopart.com:80/conflict_mineral_statement/Yageo-company-3.pdf?src-supplier=Compliance+Statements"; VariantName = "[No Variations]"
Add component (AddParameter): Name = "ComponentLink12URL"; Value = "http://sigma.octopart.com:80/conflict_mineral_statement/Yageo-company-3.pdf?src-supplier=Compliance+Statements"; VariantName = "[No Variations]"
Add component (AddParameter): Name = "ComponentLink13Description"; Value = "http://sigma.octopart.com:80/rohs_statement/Yageo-company-2.pdf?src-supplier=Compliance+Statements"; VariantName = "[No Variations]"
Add component (AddParameter): Name = "ComponentLink13URL"; Value = "http://sigma.octopart.com:80/rohs_statement/Yageo-company-2.pdf?src-supplier=Compliance+Statements"; VariantName = "[No Variations]"
Add component (AddParameter): Name = "Composition"; Value = "Thick Film"; VariantName = "[No Variations]"
Add component (AddParameter): Name = "Features"; Value = "Automotive AEC-Q200, Moisture Resistant"; VariantName = "[No Variations]"
Add component (AddParameter): Name = "Height"; Value = "500µm"; VariantName = "[No Variations]"
Add component (AddParameter): Name = "Length"; Value = "2mm"; VariantName = "[No Variations]"
Add component (AddParameter): Name = "Lifecycle Status"; Value = "Production"; VariantName = "[No Variations]"
Add component (AddParameter): Name = "Manufacturer"; Value = "Yageo Group"; VariantName = "[No Variations]"
Add component (AddParameter): Name = "Manufacturer Package Identifier"; Value = "0805 (2012 metric)"; VariantName = "[No Variations]"
Add component (AddParameter): Name = "Manufacturer Part Number"; Value = "AC0805FR-07560RL"; VariantName = "[No Variations]"
Add component (AddParameter): Name = "Max Operating Temperature"; Value = "155°C"; VariantName = "[No Variations]"
Add component (AddParameter): Name = "Max Power Dissipation"; Value = "125mW"; VariantName = "[No Variations]"
Add component (AddParameter): Name = "Min Operating Temperature"; Value = "-55°C"; VariantName = "[No Variations]"
Add component (AddParameter): Name = "Mounting Technology"; Value = "Surface Mount"; VariantName = "[No Variations]"
Add component (AddParameter): Name = "Number of Terminals"; Value = "2"; VariantName = "[No Variations]"
Add component (AddParameter): Name = "Number of Terminations"; Value = "2"; VariantName = "[No Variations]"
Add component (AddParameter): Name = "Packaging"; Value = "Tape & Reel"; VariantName = "[No Variations]"
Add component (AddParameter): Name = "Power Rating"; Value = "125mW"; VariantName = "[No Variations]"
Add component (AddParameter): Name = "Pricing"; Value = "1=0.1, 10=0.037, 25=0.028, 50=0.0228, 100=0.0188, 250=0.01484, 500=0.0126, 1000=0.01083 (USD)"; VariantName = "[No Variations]"
Add component (AddParameter): Name = "Ratings"; Value = "AEC-Q200"; VariantName = "[No Variations]"
Add component (AddParameter): Name = "REACH SVHC"; Value = "Yes"; VariantName = "[No Variations]"
Add component (AddParameter): Name = "RoHS"; Value = "Compliant"; VariantName = "[No Variations]"
Add component (AddParameter): Name = "Schedule B"; Value = "8533210045, 8533210045|8533210045, 8533210045|8533210045|8533210045, 8533210045|8533210045|8533210045|8533210045"; VariantName = "[No Variations]"
Add component (AddParameter): Name = "Stock"; Value = "36111"; VariantName = "[No Variations]"
Add component (AddParameter): Name = "Supplier"; Value = "DigiKey"; VariantName = "[No Variations]"
Add component (AddParameter): Name = "Supplier Part Number"; Value = "YAG3743DKR-ND"; VariantName = "[No Variations]"
Add component (AddParameter): Name = "Temperature Coefficient"; Value = "100ppm/°C"; VariantName = "[No Variations]"
Add component (AddParameter): Name = "Termination"; Value = "SMD/SMT"; VariantName = "[No Variations]"
Add component (AddParameter): Name = "Tolerance"; Value = "1%"; VariantName = "[No Variations]"
Add component (AddParameter): Name = "Value"; Value = "560O"; VariantName = "[No Variations]"
Add component (AddParameter): Name = "Voltage Rating"; Value = "150V"; VariantName = "[No Variations]"
Add component (AddParameter): Name = "Weight"; Value = "5.499807mg"; VariantName = "[No Variations]"
Add component (AddParameter): Name = "Width"; Value = "1.25mm"; VariantName = "[No Variations]"
Add component (AddParameter): Name = "Working Voltage"; Value = "150V"; VariantName = "[No Variations]"
Added Component: Designator=R16(R0805)
Add component (AddParameter): Name = "Case Code (Imperial)"; Value = "0805"; VariantName = "[No Variations]"
Add component (AddParameter): Name = "Case/Package"; Value = "0805"; VariantName = "[No Variations]"
Add component (AddParameter): Name = "Category"; Value = "Chip SMD Resistors"; VariantName = "[No Variations]"
Add component (AddParameter): Name = "China RoHS"; Value = "Non-Compliant"; VariantName = "[No Variations]"
Add component (AddParameter): Name = "ComponentLink1Description"; Value = "https://datasheet.octopart.com:443/RT0805FRE071ML-Yageo-datasheet-176402239.pdf?src-supplier=Future+Electronics"; VariantName = "[No Variations]"
Add component (AddParameter): Name = "ComponentLink1URL"; Value = "https://datasheet.octopart.com:443/RT0805FRE071ML-Yageo-datasheet-176402239.pdf?src-supplier=Future+Electronics"; VariantName = "[No Variations]"
Add component (AddParameter): Name = "ComponentLink2Description"; Value = "https://datasheet.octopart.com:443/RT0805FRE071ML-Yageo-datasheet-169971040.pdf?src-supplier=Future+Electronics"; VariantName = "[No Variations]"
Add component (AddParameter): Name = "ComponentLink2URL"; Value = "https://datasheet.octopart.com:443/RT0805FRE071ML-Yageo-datasheet-169971040.pdf?src-supplier=Future+Electronics"; VariantName = "[No Variations]"
Add component (AddParameter): Name = "ComponentLink3Description"; Value = "https://datasheet.octopart.com:443/RT0805FRE071ML-Yageo-datasheet-166250672.pdf?src-supplier=Future+Electronics"; VariantName = "[No Variations]"
Add component (AddParameter): Name = "ComponentLink3URL"; Value = "https://datasheet.octopart.com:443/RT0805FRE071ML-Yageo-datasheet-166250672.pdf?src-supplier=Future+Electronics"; VariantName = "[No Variations]"
Add component (AddParameter): Name = "ComponentLink4Description"; Value = "https://datasheet.octopart.com:443/RT0805FRE071ML-Yageo-datasheet-136673517.pdf?src-supplier=Future+Electronics"; VariantName = "[No Variations]"
Add component (AddParameter): Name = "ComponentLink4URL"; Value = "https://datasheet.octopart.com:443/RT0805FRE071ML-Yageo-datasheet-136673517.pdf?src-supplier=Future+Electronics"; VariantName = "[No Variations]"
Add component (AddParameter): Name = "ComponentLink5Description"; Value = "https://datasheet.octopart.com:443/RT0805FRE071ML-Yageo-datasheet-137700930.pdf?src-supplier=Future+Electronics"; VariantName = "[No Variations]"
Add component (AddParameter): Name = "ComponentLink5URL"; Value = "https://datasheet.octopart.com:443/RT0805FRE071ML-Yageo-datasheet-137700930.pdf?src-supplier=Future+Electronics"; VariantName = "[No Variations]"
Add component (AddParameter): Name = "ComponentLink6Description"; Value = "https://datasheet.octopart.com:443/RT0805FRE071ML-Yageo-datasheet-96443642.pdf?src-supplier=Future+Electronics"; VariantName = "[No Variations]"
Add component (AddParameter): Name = "ComponentLink6URL"; Value = "https://datasheet.octopart.com:443/RT0805FRE071ML-Yageo-datasheet-96443642.pdf?src-supplier=Future+Electronics"; VariantName = "[No Variations]"
Add component (AddParameter): Name = "ComponentLink7Description"; Value = "https://datasheet.octopart.com:443/RT0805FRE071ML-Yageo-datasheet-83209228.pdf?src-supplier=Future+Electronics"; VariantName = "[No Variations]"
Add component (AddParameter): Name = "ComponentLink7URL"; Value = "https://datasheet.octopart.com:443/RT0805FRE071ML-Yageo-datasheet-83209228.pdf?src-supplier=Future+Electronics"; VariantName = "[No Variations]"
Add component (AddParameter): Name = "ComponentLink8Description"; Value = "https://datasheet.octopart.com:443/RT0805FRE071ML-Yageo-Group-datasheet-188167888.pdf?src-supplier=TME"; VariantName = "[No Variations]"
Add component (AddParameter): Name = "ComponentLink8URL"; Value = "https://datasheet.octopart.com:443/RT0805FRE071ML-Yageo-Group-datasheet-188167888.pdf?src-supplier=TME"; VariantName = "[No Variations]"
Add component (AddParameter): Name = "ComponentLink9Description"; Value = "https://datasheet.octopart.com:443/RT0805FRE071ML-Yageo-Group-datasheet-141265893.pdf?src-supplier=ODG+(Origin+Data+Global)"; VariantName = "[No Variations]"
Add component (AddParameter): Name = "ComponentLink9URL"; Value = "https://datasheet.octopart.com:443/RT0805FRE071ML-Yageo-Group-datasheet-141265893.pdf?src-supplier=ODG+(Origin+Data+Global)"; VariantName = "[No Variations]"
Add component (AddParameter): Name = "ComponentLink10Description"; Value = "https://datasheet.octopart.com:443/RT0805FRE071ML-Yageo-datasheet-8324589.pdf?src-supplier=Farnell"; VariantName = "[No Variations]"
Add component (AddParameter): Name = "ComponentLink10URL"; Value = "https://datasheet.octopart.com:443/RT0805FRE071ML-Yageo-datasheet-8324589.pdf?src-supplier=Farnell"; VariantName = "[No Variations]"
Add component (AddParameter): Name = "ComponentLink11Description"; Value = "https://datasheet.octopart.com/RT0805FRE071ML-Yageo-datasheet-86813807.pdf"; VariantName = "[No Variations]"
Add component (AddParameter): Name = "ComponentLink11URL"; Value = "https://datasheet.octopart.com/RT0805FRE071ML-Yageo-datasheet-86813807.pdf"; VariantName = "[No Variations]"
Add component (AddParameter): Name = "ComponentLink12Description"; Value = "http://sigma.octopart.com:80/conflict_mineral_statement/Yageo-company-3.pdf?src-supplier=Compliance+Statements"; VariantName = "[No Variations]"
Add component (AddParameter): Name = "ComponentLink12URL"; Value = "http://sigma.octopart.com:80/conflict_mineral_statement/Yageo-company-3.pdf?src-supplier=Compliance+Statements"; VariantName = "[No Variations]"
Add component (AddParameter): Name = "ComponentLink13Description"; Value = "http://sigma.octopart.com:80/rohs_statement/Yageo-company-2.pdf?src-supplier=Compliance+Statements"; VariantName = "[No Variations]"
Add component (AddParameter): Name = "ComponentLink13URL"; Value = "http://sigma.octopart.com:80/rohs_statement/Yageo-company-2.pdf?src-supplier=Compliance+Statements"; VariantName = "[No Variations]"
Add component (AddParameter): Name = "Composition"; Value = "Thin Film"; VariantName = "[No Variations]"
Add component (AddParameter): Name = "Country of Origin"; Value = "Mainland China, Taiwan"; VariantName = "[No Variations]"
Add component (AddParameter): Name = "Export Control Classification Number (ECCN) Code"; Value = "EAR99"; VariantName = "[No Variations]"
Add component (AddParameter): Name = "Features"; Value = "Moisture Resistant"; VariantName = "[No Variations]"
Add component (AddParameter): Name = "Harmonized Tariff Schedule (HTS) Code"; Value = "8533.21.00.30"; VariantName = "[No Variations]"
Add component (AddParameter): Name = "Height"; Value = "500µm"; VariantName = "[No Variations]"
Add component (AddParameter): Name = "Introduction Date"; Value = "2008-07-11"; VariantName = "[No Variations]"
Add component (AddParameter): Name = "Lead Free"; Value = "Lead Free"; VariantName = "[No Variations]"
Add component (AddParameter): Name = "Length"; Value = "2mm"; VariantName = "[No Variations]"
Add component (AddParameter): Name = "Lifecycle Status"; Value = "Production"; VariantName = "[No Variations]"
Add component (AddParameter): Name = "Manufacturer"; Value = "Yageo Group"; VariantName = "[No Variations]"
Add component (AddParameter): Name = "Manufacturer Part Number"; Value = "RT0805FRE071ML"; VariantName = "[No Variations]"
Add component (AddParameter): Name = "Max Operating Temperature"; Value = "155°C"; VariantName = "[No Variations]"
Add component (AddParameter): Name = "Max Power Dissipation"; Value = "125mW"; VariantName = "[No Variations]"
Add component (AddParameter): Name = "Min Operating Temperature"; Value = "-55°C"; VariantName = "[No Variations]"
Add component (AddParameter): Name = "Mounting Technology"; Value = "Surface Mount"; VariantName = "[No Variations]"
Add component (AddParameter): Name = "Number of Terminals"; Value = "2"; VariantName = "[No Variations]"
Add component (AddParameter): Name = "Number of Terminations"; Value = "2"; VariantName = "[No Variations]"
Add component (AddParameter): Name = "Pins"; Value = "2"; VariantName = "[No Variations]"
Add component (AddParameter): Name = "Power Dissipation"; Value = "125mW"; VariantName = "[No Variations]"
Add component (AddParameter): Name = "Power Rating"; Value = "125mW"; VariantName = "[No Variations]"
Add component (AddParameter): Name = "Pricing"; Value = "1=0.1, 10=0.016, 25=0.016, 50=0.0154, 100=0.0143, 250=0.01324, 500=0.01194 (USD)"; VariantName = "[No Variations]"
Add component (AddParameter): Name = "REACH SVHC"; Value = "Yes"; VariantName = "[No Variations]"
Add component (AddParameter): Name = "RoHS"; Value = "Compliant"; VariantName = "[No Variations]"
Add component (AddParameter): Name = "Schedule B"; Value = "8533210045, 8533210045|8533210045|8533210045|8533210045|8533210045, 8533210045|8533210045|8533210045|8533210045|8533210045|8533210045, 8533210045|8533210045|8533210045|8533210045|8533210045|8533210045|8533210045"; VariantName = "[No Variations]"
Add component (AddParameter): Name = "Stock"; Value = "39342"; VariantName = "[No Variations]"
Add component (AddParameter): Name = "Supplier"; Value = "DigiKey"; VariantName = "[No Variations]"
Add component (AddParameter): Name = "Supplier Part Number"; Value = "YAG3361CT-ND"; VariantName = "[No Variations]"
Add component (AddParameter): Name = "Temperature Coefficient"; Value = "50ppm/°C"; VariantName = "[No Variations]"
Add component (AddParameter): Name = "Termination"; Value = "SMD/SMT"; VariantName = "[No Variations]"
Add component (AddParameter): Name = "Tolerance"; Value = "1%"; VariantName = "[No Variations]"
Add component (AddParameter): Name = "Value"; Value = "1MO"; VariantName = "[No Variations]"
Add component (AddParameter): Name = "Voltage Rating"; Value = "150V"; VariantName = "[No Variations]"
Add component (AddParameter): Name = "Voltage Rating (DC)"; Value = "150V"; VariantName = "[No Variations]"
Add component (AddParameter): Name = "Width"; Value = "1.25mm"; VariantName = "[No Variations]"
Add component (AddParameter): Name = "Working Voltage"; Value = "150V"; VariantName = "[No Variations]"
Added Component: Designator=R17(R0805)
Add component (AddParameter): Name = "Case Code (Imperial)"; Value = "0805"; VariantName = "[No Variations]"
Add component (AddParameter): Name = "Case Code (Metric)"; Value = "2012"; VariantName = "[No Variations]"
Add component (AddParameter): Name = "Case/Package"; Value = "0805"; VariantName = "[No Variations]"
Add component (AddParameter): Name = "Category"; Value = "Chip SMD Resistors"; VariantName = "[No Variations]"
Add component (AddParameter): Name = "China RoHS"; Value = "Non-Compliant"; VariantName = "[No Variations]"
Add component (AddParameter): Name = "ComponentLink1Description"; Value = "https://datasheet.octopart.com:443/AC0805FR-07560RL-Yageo-datasheet-182189377.pdf?src-supplier=IHS"; VariantName = "[No Variations]"
Add component (AddParameter): Name = "ComponentLink1URL"; Value = "https://datasheet.octopart.com:443/AC0805FR-07560RL-Yageo-datasheet-182189377.pdf?src-supplier=IHS"; VariantName = "[No Variations]"
Add component (AddParameter): Name = "ComponentLink2Description"; Value = "https://datasheet.octopart.com:443/AC0805FR-07560RL-Yageo-datasheet-83209224.pdf?src-supplier=Upverter"; VariantName = "[No Variations]"
Add component (AddParameter): Name = "ComponentLink2URL"; Value = "https://datasheet.octopart.com:443/AC0805FR-07560RL-Yageo-datasheet-83209224.pdf?src-supplier=Upverter"; VariantName = "[No Variations]"
Add component (AddParameter): Name = "ComponentLink3Description"; Value = "https://datasheet.octopart.com:443/AC0805FR-07560RL-Yageo-datasheet-178509465.pdf?src-supplier=Newark"; VariantName = "[No Variations]"
Add component (AddParameter): Name = "ComponentLink3URL"; Value = "https://datasheet.octopart.com:443/AC0805FR-07560RL-Yageo-datasheet-178509465.pdf?src-supplier=Newark"; VariantName = "[No Variations]"
Add component (AddParameter): Name = "ComponentLink4Description"; Value = "https://datasheet.octopart.com:443/AC0805FR-07560RL-Yageo-Group-datasheet-188689268.pdf?src-supplier=LCSC"; VariantName = "[No Variations]"
Add component (AddParameter): Name = "ComponentLink4URL"; Value = "https://datasheet.octopart.com:443/AC0805FR-07560RL-Yageo-Group-datasheet-188689268.pdf?src-supplier=LCSC"; VariantName = "[No Variations]"
Add component (AddParameter): Name = "ComponentLink5Description"; Value = "https://datasheet.octopart.com:443/AC0805FR-07560RL-Yageo-datasheet-166720450.pdf?src-supplier=Future+Electronics"; VariantName = "[No Variations]"
Add component (AddParameter): Name = "ComponentLink5URL"; Value = "https://datasheet.octopart.com:443/AC0805FR-07560RL-Yageo-datasheet-166720450.pdf?src-supplier=Future+Electronics"; VariantName = "[No Variations]"
Add component (AddParameter): Name = "ComponentLink6Description"; Value = "https://datasheet.octopart.com:443/AC0805FR-07560RL-Yageo-datasheet-151884373.pdf?src-supplier=Future+Electronics"; VariantName = "[No Variations]"
Add component (AddParameter): Name = "ComponentLink6URL"; Value = "https://datasheet.octopart.com:443/AC0805FR-07560RL-Yageo-datasheet-151884373.pdf?src-supplier=Future+Electronics"; VariantName = "[No Variations]"
Add component (AddParameter): Name = "ComponentLink7Description"; Value = "https://datasheet.octopart.com:443/AC0805FR-07560RL-Yageo-datasheet-137699919.pdf?src-supplier=Future+Electronics"; VariantName = "[No Variations]"
Add component (AddParameter): Name = "ComponentLink7URL"; Value = "https://datasheet.octopart.com:443/AC0805FR-07560RL-Yageo-datasheet-137699919.pdf?src-supplier=Future+Electronics"; VariantName = "[No Variations]"
Add component (AddParameter): Name = "ComponentLink8Description"; Value = "https://datasheet.octopart.com:443/AC0805FR-07560RL-Yageo-datasheet-86786639.pdf?src-supplier=Future+Electronics"; VariantName = "[No Variations]"
Add component (AddParameter): Name = "ComponentLink8URL"; Value = "https://datasheet.octopart.com:443/AC0805FR-07560RL-Yageo-datasheet-86786639.pdf?src-supplier=Future+Electronics"; VariantName = "[No Variations]"
Add component (AddParameter): Name = "ComponentLink9Description"; Value = "https://datasheet.octopart.com:443/AC0805FR-07560RL-Yageo-datasheet-159083007.pdf?src-supplier=TME"; VariantName = "[No Variations]"
Add component (AddParameter): Name = "ComponentLink9URL"; Value = "https://datasheet.octopart.com:443/AC0805FR-07560RL-Yageo-datasheet-159083007.pdf?src-supplier=TME"; VariantName = "[No Variations]"
Add component (AddParameter): Name = "ComponentLink10Description"; Value = "https://datasheet.octopart.com:443/AC0805FR-07560RL-Yageo-datasheet-128680628.pdf?src-supplier=X-ON"; VariantName = "[No Variations]"
Add component (AddParameter): Name = "ComponentLink10URL"; Value = "https://datasheet.octopart.com:443/AC0805FR-07560RL-Yageo-datasheet-128680628.pdf?src-supplier=X-ON"; VariantName = "[No Variations]"
Add component (AddParameter): Name = "ComponentLink11Description"; Value = "https://datasheet.octopart.com/AC0805FR-07560RL-Yageo-datasheet-12512238.pdf"; VariantName = "[No Variations]"
Add component (AddParameter): Name = "ComponentLink11URL"; Value = "https://datasheet.octopart.com/AC0805FR-07560RL-Yageo-datasheet-12512238.pdf"; VariantName = "[No Variations]"
Add component (AddParameter): Name = "ComponentLink12Description"; Value = "http://sigma.octopart.com:80/conflict_mineral_statement/Yageo-company-3.pdf?src-supplier=Compliance+Statements"; VariantName = "[No Variations]"
Add component (AddParameter): Name = "ComponentLink12URL"; Value = "http://sigma.octopart.com:80/conflict_mineral_statement/Yageo-company-3.pdf?src-supplier=Compliance+Statements"; VariantName = "[No Variations]"
Add component (AddParameter): Name = "ComponentLink13Description"; Value = "http://sigma.octopart.com:80/rohs_statement/Yageo-company-2.pdf?src-supplier=Compliance+Statements"; VariantName = "[No Variations]"
Add component (AddParameter): Name = "ComponentLink13URL"; Value = "http://sigma.octopart.com:80/rohs_statement/Yageo-company-2.pdf?src-supplier=Compliance+Statements"; VariantName = "[No Variations]"
Add component (AddParameter): Name = "Composition"; Value = "Thick Film"; VariantName = "[No Variations]"
Add component (AddParameter): Name = "Features"; Value = "Automotive AEC-Q200, Moisture Resistant"; VariantName = "[No Variations]"
Add component (AddParameter): Name = "Height"; Value = "500µm"; VariantName = "[No Variations]"
Add component (AddParameter): Name = "Length"; Value = "2mm"; VariantName = "[No Variations]"
Add component (AddParameter): Name = "Lifecycle Status"; Value = "Production"; VariantName = "[No Variations]"
Add component (AddParameter): Name = "Manufacturer"; Value = "Yageo Group"; VariantName = "[No Variations]"
Add component (AddParameter): Name = "Manufacturer Package Identifier"; Value = "0805 (2012 metric)"; VariantName = "[No Variations]"
Add component (AddParameter): Name = "Manufacturer Part Number"; Value = "AC0805FR-07560RL"; VariantName = "[No Variations]"
Add component (AddParameter): Name = "Max Operating Temperature"; Value = "155°C"; VariantName = "[No Variations]"
Add component (AddParameter): Name = "Max Power Dissipation"; Value = "125mW"; VariantName = "[No Variations]"
Add component (AddParameter): Name = "Min Operating Temperature"; Value = "-55°C"; VariantName = "[No Variations]"
Add component (AddParameter): Name = "Mounting Technology"; Value = "Surface Mount"; VariantName = "[No Variations]"
Add component (AddParameter): Name = "Number of Terminals"; Value = "2"; VariantName = "[No Variations]"
Add component (AddParameter): Name = "Number of Terminations"; Value = "2"; VariantName = "[No Variations]"
Add component (AddParameter): Name = "Packaging"; Value = "Tape & Reel"; VariantName = "[No Variations]"
Add component (AddParameter): Name = "Power Rating"; Value = "125mW"; VariantName = "[No Variations]"
Add component (AddParameter): Name = "Pricing"; Value = "1=0.1, 10=0.037, 25=0.028, 50=0.0228, 100=0.0188, 250=0.01484, 500=0.0126, 1000=0.01083 (USD)"; VariantName = "[No Variations]"
Add component (AddParameter): Name = "Ratings"; Value = "AEC-Q200"; VariantName = "[No Variations]"
Add component (AddParameter): Name = "REACH SVHC"; Value = "Yes"; VariantName = "[No Variations]"
Add component (AddParameter): Name = "RoHS"; Value = "Compliant"; VariantName = "[No Variations]"
Add component (AddParameter): Name = "Schedule B"; Value = "8533210045, 8533210045|8533210045, 8533210045|8533210045|8533210045, 8533210045|8533210045|8533210045|8533210045"; VariantName = "[No Variations]"
Add component (AddParameter): Name = "Stock"; Value = "36111"; VariantName = "[No Variations]"
Add component (AddParameter): Name = "Supplier"; Value = "DigiKey"; VariantName = "[No Variations]"
Add component (AddParameter): Name = "Supplier Part Number"; Value = "YAG3743DKR-ND"; VariantName = "[No Variations]"
Add component (AddParameter): Name = "Temperature Coefficient"; Value = "100ppm/°C"; VariantName = "[No Variations]"
Add component (AddParameter): Name = "Termination"; Value = "SMD/SMT"; VariantName = "[No Variations]"
Add component (AddParameter): Name = "Tolerance"; Value = "1%"; VariantName = "[No Variations]"
Add component (AddParameter): Name = "Value"; Value = "560O"; VariantName = "[No Variations]"
Add component (AddParameter): Name = "Voltage Rating"; Value = "150V"; VariantName = "[No Variations]"
Add component (AddParameter): Name = "Weight"; Value = "5.499807mg"; VariantName = "[No Variations]"
Add component (AddParameter): Name = "Width"; Value = "1.25mm"; VariantName = "[No Variations]"
Add component (AddParameter): Name = "Working Voltage"; Value = "150V"; VariantName = "[No Variations]"
Added Component: Designator=R18(R0805)
Add component (AddParameter): Name = "Case Code (Imperial)"; Value = "0805"; VariantName = "[No Variations]"
Add component (AddParameter): Name = "Case/Package"; Value = "0805"; VariantName = "[No Variations]"
Add component (AddParameter): Name = "Category"; Value = "Chip SMD Resistors"; VariantName = "[No Variations]"
Add component (AddParameter): Name = "China RoHS"; Value = "Non-Compliant"; VariantName = "[No Variations]"
Add component (AddParameter): Name = "ComponentLink1Description"; Value = "https://datasheet.octopart.com:443/RC0805FR-0710KL-Yageo-datasheet-175887523.pdf?src-supplier=Newark"; VariantName = "[No Variations]"
Add component (AddParameter): Name = "ComponentLink1URL"; Value = "https://datasheet.octopart.com:443/RC0805FR-0710KL-Yageo-datasheet-175887523.pdf?src-supplier=Newark"; VariantName = "[No Variations]"
Add component (AddParameter): Name = "ComponentLink2Description"; Value = "https://datasheet.octopart.com:443/RC0805FR-0710KL-Yageo-datasheet-62067350.pdf?src-supplier=Farnell"; VariantName = "[No Variations]"
Add component (AddParameter): Name = "ComponentLink2URL"; Value = "https://datasheet.octopart.com:443/RC0805FR-0710KL-Yageo-datasheet-62067350.pdf?src-supplier=Farnell"; VariantName = "[No Variations]"
Add component (AddParameter): Name = "ComponentLink3Description"; Value = "https://datasheet.octopart.com:443/RC0805FR-0710KL-Yageo-datasheet-13691069.pdf?src-supplier=Farnell"; VariantName = "[No Variations]"
Add component (AddParameter): Name = "ComponentLink3URL"; Value = "https://datasheet.octopart.com:443/RC0805FR-0710KL-Yageo-datasheet-13691069.pdf?src-supplier=Farnell"; VariantName = "[No Variations]"
Add component (AddParameter): Name = "ComponentLink4Description"; Value = "https://datasheet.octopart.com:443/RC0805FR-0710KL-Yageo-datasheet-103092701.pdf?src-supplier=Upverter"; VariantName = "[No Variations]"
Add component (AddParameter): Name = "ComponentLink4URL"; Value = "https://datasheet.octopart.com:443/RC0805FR-0710KL-Yageo-datasheet-103092701.pdf?src-supplier=Upverter"; VariantName = "[No Variations]"
Add component (AddParameter): Name = "ComponentLink5Description"; Value = "https://datasheet.octopart.com:443/RC0805FR-0710KL-Yageo-datasheet-98239111.pdf?src-supplier=Upverter"; VariantName = "[No Variations]"
Add component (AddParameter): Name = "ComponentLink5URL"; Value = "https://datasheet.octopart.com:443/RC0805FR-0710KL-Yageo-datasheet-98239111.pdf?src-supplier=Upverter"; VariantName = "[No Variations]"
Add component (AddParameter): Name = "ComponentLink6Description"; Value = "https://datasheet.octopart.com:443/RC0805FR-0710KL-Yageo---Phycomp-datasheet-67302840.pdf?src-supplier=Upverter"; VariantName = "[No Variations]"
Add component (AddParameter): Name = "ComponentLink6URL"; Value = "https://datasheet.octopart.com:443/RC0805FR-0710KL-Yageo---Phycomp-datasheet-67302840.pdf?src-supplier=Upverter"; VariantName = "[No Variations]"
Add component (AddParameter): Name = "ComponentLink7Description"; Value = "https://datasheet.octopart.com:443/RC0805FR-0710KL-Yageo-datasheet-8330313.pdf?src-supplier=element14+APAC"; VariantName = "[No Variations]"
Add component (AddParameter): Name = "ComponentLink7URL"; Value = "https://datasheet.octopart.com:443/RC0805FR-0710KL-Yageo-datasheet-8330313.pdf?src-supplier=element14+APAC"; VariantName = "[No Variations]"
Add component (AddParameter): Name = "ComponentLink8Description"; Value = "https://datasheet.octopart.com:443/RC0805FR-0710KL-Yageo-datasheet-12592811.pdf?src-supplier=element14+APAC"; VariantName = "[No Variations]"
Add component (AddParameter): Name = "ComponentLink8URL"; Value = "https://datasheet.octopart.com:443/RC0805FR-0710KL-Yageo-datasheet-12592811.pdf?src-supplier=element14+APAC"; VariantName = "[No Variations]"
Add component (AddParameter): Name = "ComponentLink9Description"; Value = "https://datasheet.octopart.com:443/RC0805FR-0710KL-Yageo-Group-datasheet-190305687.pdf?src-supplier=Future+Electronics"; VariantName = "[No Variations]"
Add component (AddParameter): Name = "ComponentLink9URL"; Value = "https://datasheet.octopart.com:443/RC0805FR-0710KL-Yageo-Group-datasheet-190305687.pdf?src-supplier=Future+Electronics"; VariantName = "[No Variations]"
Add component (AddParameter): Name = "ComponentLink10Description"; Value = "https://datasheet.octopart.com:443/RC0805FR-0710KL-Yageo-datasheet-164759695.pdf?src-supplier=Future+Electronics"; VariantName = "[No Variations]"
Add component (AddParameter): Name = "ComponentLink10URL"; Value = "https://datasheet.octopart.com:443/RC0805FR-0710KL-Yageo-datasheet-164759695.pdf?src-supplier=Future+Electronics"; VariantName = "[No Variations]"
Add component (AddParameter): Name = "ComponentLink11Description"; Value = "https://datasheet.octopart.com:443/RC0805FR-0710KL-Yageo-datasheet-15800360.pdf?src-supplier=Future+Electronics"; VariantName = "[No Variations]"
Add component (AddParameter): Name = "ComponentLink11URL"; Value = "https://datasheet.octopart.com:443/RC0805FR-0710KL-Yageo-datasheet-15800360.pdf?src-supplier=Future+Electronics"; VariantName = "[No Variations]"
Add component (AddParameter): Name = "ComponentLink12Description"; Value = "https://datasheet.octopart.com:443/RC0805FR-0710KL-Yageo-datasheet-8324252.pdf?src-supplier=Future+Electronics"; VariantName = "[No Variations]"
Add component (AddParameter): Name = "ComponentLink12URL"; Value = "https://datasheet.octopart.com:443/RC0805FR-0710KL-Yageo-datasheet-8324252.pdf?src-supplier=Future+Electronics"; VariantName = "[No Variations]"
Add component (AddParameter): Name = "ComponentLink13Description"; Value = "https://datasheet.octopart.com:443/RC0805FR-0710KL-Yageo-datasheet-79472498.pdf?src-supplier=Megastar"; VariantName = "[No Variations]"
Add component (AddParameter): Name = "ComponentLink13URL"; Value = "https://datasheet.octopart.com:443/RC0805FR-0710KL-Yageo-datasheet-79472498.pdf?src-supplier=Megastar"; VariantName = "[No Variations]"
Add component (AddParameter): Name = "ComponentLink14Description"; Value = "https://datasheet.octopart.com:443/RC0805FR-0710KL-Yageo-datasheet-27714392.pdf?src-supplier=Seeed+Studio"; VariantName = "[No Variations]"
Add component (AddParameter): Name = "ComponentLink14URL"; Value = "https://datasheet.octopart.com:443/RC0805FR-0710KL-Yageo-datasheet-27714392.pdf?src-supplier=Seeed+Studio"; VariantName = "[No Variations]"
Add component (AddParameter): Name = "ComponentLink15Description"; Value = "https://datasheet.octopart.com/RC0805FR-0710KL-Yageo-datasheet-73766026.pdf"; VariantName = "[No Variations]"
Add component (AddParameter): Name = "ComponentLink15URL"; Value = "https://datasheet.octopart.com/RC0805FR-0710KL-Yageo-datasheet-73766026.pdf"; VariantName = "[No Variations]"
Add component (AddParameter): Name = "ComponentLink16Description"; Value = "https://datasheet.octopart.com:443/RC0805FR-0710KL-Yageo-datasheet-118657.pdf?src-supplier=DigiKey"; VariantName = "[No Variations]"
Add component (AddParameter): Name = "ComponentLink16URL"; Value = "https://datasheet.octopart.com:443/RC0805FR-0710KL-Yageo-datasheet-118657.pdf?src-supplier=DigiKey"; VariantName = "[No Variations]"
Add component (AddParameter): Name = "ComponentLink17Description"; Value = "https://datasheet.octopart.com:443/RC0805FR-0710KL-Yageo-datasheet-502840.pdf?src-supplier=element14"; VariantName = "[No Variations]"
Add component (AddParameter): Name = "ComponentLink17URL"; Value = "https://datasheet.octopart.com:443/RC0805FR-0710KL-Yageo-datasheet-502840.pdf?src-supplier=element14"; VariantName = "[No Variations]"
Add component (AddParameter): Name = "ComponentLink18Description"; Value = "http://sigma.octopart.com:80/conflict_mineral_statement/Yageo-company-3.pdf?src-supplier=Compliance+Statements"; VariantName = "[No Variations]"
Add component (AddParameter): Name = "ComponentLink18URL"; Value = "http://sigma.octopart.com:80/conflict_mineral_statement/Yageo-company-3.pdf?src-supplier=Compliance+Statements"; VariantName = "[No Variations]"
Add component (AddParameter): Name = "ComponentLink19Description"; Value = "http://sigma.octopart.com:80/rohs_statement/Yageo-company-2.pdf?src-supplier=Compliance+Statements"; VariantName = "[No Variations]"
Add component (AddParameter): Name = "ComponentLink19URL"; Value = "http://sigma.octopart.com:80/rohs_statement/Yageo-company-2.pdf?src-supplier=Compliance+Statements"; VariantName = "[No Variations]"
Add component (AddParameter): Name = "Composition"; Value = "Thick Film"; VariantName = "[No Variations]"
Add component (AddParameter): Name = "Country of Origin"; Value = "Mainland China, Taiwan"; VariantName = "[No Variations]"
Add component (AddParameter): Name = "Depth"; Value = "1.25mm"; VariantName = "[No Variations]"
Add component (AddParameter): Name = "Export Control Classification Number (ECCN) Code"; Value = "EAR99"; VariantName = "[No Variations]"
Add component (AddParameter): Name = "Features"; Value = "Moisture Resistant"; VariantName = "[No Variations]"
Add component (AddParameter): Name = "Harmonized Tariff Schedule (HTS) Code"; Value = "8533.21.00.30"; VariantName = "[No Variations]"
Add component (AddParameter): Name = "Height"; Value = "500µm"; VariantName = "[No Variations]"
Add component (AddParameter): Name = "Introduction Date"; Value = "2004-09-22"; VariantName = "[No Variations]"
Add component (AddParameter): Name = "Lead Free"; Value = "Lead Free"; VariantName = "[No Variations]"
Add component (AddParameter): Name = "Length"; Value = "2mm"; VariantName = "[No Variations]"
Add component (AddParameter): Name = "Lifecycle Status"; Value = "Production"; VariantName = "[No Variations]"
Add component (AddParameter): Name = "Manufacturer"; Value = "Yageo Group"; VariantName = "[No Variations]"
Add component (AddParameter): Name = "Manufacturer Part Number"; Value = "RC0805FR-0710KL"; VariantName = "[No Variations]"
Add component (AddParameter): Name = "Max Operating Temperature"; Value = "155°C"; VariantName = "[No Variations]"
Add component (AddParameter): Name = "Max Power Dissipation"; Value = "125mW"; VariantName = "[No Variations]"
Add component (AddParameter): Name = "Military Standard"; Value = "Not"; VariantName = "[No Variations]"
Add component (AddParameter): Name = "Min Operating Temperature"; Value = "-55°C"; VariantName = "[No Variations]"
Add component (AddParameter): Name = "Mounting Technology"; Value = "Surface Mount"; VariantName = "[No Variations]"
Add component (AddParameter): Name = "Number of Terminals"; Value = "2"; VariantName = "[No Variations]"
Add component (AddParameter): Name = "Number of Terminations"; Value = "2"; VariantName = "[No Variations]"
Add component (AddParameter): Name = "Packaging"; Value = "Tape and Reel"; VariantName = "[No Variations]"
Add component (AddParameter): Name = "Pins"; Value = "2"; VariantName = "[No Variations]"
Add component (AddParameter): Name = "Power Dissipation"; Value = "125mW"; VariantName = "[No Variations]"
Add component (AddParameter): Name = "Power Rating"; Value = "125mW"; VariantName = "[No Variations]"
Add component (AddParameter): Name = "Pricing"; Value = "1=0.13, 10=0.009, 25=0.0088, 50=0.0082 (USD)"; VariantName = "[No Variations]"
Add component (AddParameter): Name = "REACH SVHC"; Value = "Yes"; VariantName = "[No Variations]"
Add component (AddParameter): Name = "RoHS"; Value = "Compliant"; VariantName = "[No Variations]"
Add component (AddParameter): Name = "Schedule B"; Value = "8533210045, 8533210045|8533210045|8533210045|8533210045|8533210045|8533210045|8533210045|8533210045|8533210045|8533210045|8533210045|8533210045|8533210045|8533210045|8533210045|8533210045|8533210045|8533210045|8533210045|8533210045|8533210045|8533210045|8533210045|85"; VariantName = "[No Variations]"
Add component (AddParameter): Name = "Stock"; Value = "2846345"; VariantName = "[No Variations]"
Add component (AddParameter): Name = "Supplier"; Value = "DigiKey"; VariantName = "[No Variations]"
Add component (AddParameter): Name = "Supplier Part Number"; Value = "311-10.0KCRCT-ND"; VariantName = "[No Variations]"
Add component (AddParameter): Name = "Temperature Coefficient"; Value = "100ppm/°C"; VariantName = "[No Variations]"
Add component (AddParameter): Name = "Termination"; Value = "SMD/SMT"; VariantName = "[No Variations]"
Add component (AddParameter): Name = "Tolerance"; Value = "1%"; VariantName = "[No Variations]"
Add component (AddParameter): Name = "Value"; Value = "10kO"; VariantName = "[No Variations]"
Add component (AddParameter): Name = "Voltage Rating"; Value = "150V"; VariantName = "[No Variations]"
Add component (AddParameter): Name = "Voltage Rating (AC)"; Value = "150V"; VariantName = "[No Variations]"
Add component (AddParameter): Name = "Width"; Value = "1.25mm"; VariantName = "[No Variations]"
Add component (AddParameter): Name = "Working Voltage"; Value = "150V"; VariantName = "[No Variations]"
Added Component: Designator=R19(R0805)
Add component (AddParameter): Name = "Case Code (Imperial)"; Value = "0805"; VariantName = "[No Variations]"
Add component (AddParameter): Name = "Case/Package"; Value = "0805"; VariantName = "[No Variations]"
Add component (AddParameter): Name = "Category"; Value = "Chip SMD Resistors"; VariantName = "[No Variations]"
Add component (AddParameter): Name = "China RoHS"; Value = "Non-Compliant"; VariantName = "[No Variations]"
Add component (AddParameter): Name = "ComponentLink1Description"; Value = "https://datasheet.octopart.com:443/RC0805FR-0710KL-Yageo-datasheet-175887523.pdf?src-supplier=Newark"; VariantName = "[No Variations]"
Add component (AddParameter): Name = "ComponentLink1URL"; Value = "https://datasheet.octopart.com:443/RC0805FR-0710KL-Yageo-datasheet-175887523.pdf?src-supplier=Newark"; VariantName = "[No Variations]"
Add component (AddParameter): Name = "ComponentLink2Description"; Value = "https://datasheet.octopart.com:443/RC0805FR-0710KL-Yageo-datasheet-62067350.pdf?src-supplier=Farnell"; VariantName = "[No Variations]"
Add component (AddParameter): Name = "ComponentLink2URL"; Value = "https://datasheet.octopart.com:443/RC0805FR-0710KL-Yageo-datasheet-62067350.pdf?src-supplier=Farnell"; VariantName = "[No Variations]"
Add component (AddParameter): Name = "ComponentLink3Description"; Value = "https://datasheet.octopart.com:443/RC0805FR-0710KL-Yageo-datasheet-13691069.pdf?src-supplier=Farnell"; VariantName = "[No Variations]"
Add component (AddParameter): Name = "ComponentLink3URL"; Value = "https://datasheet.octopart.com:443/RC0805FR-0710KL-Yageo-datasheet-13691069.pdf?src-supplier=Farnell"; VariantName = "[No Variations]"
Add component (AddParameter): Name = "ComponentLink4Description"; Value = "https://datasheet.octopart.com:443/RC0805FR-0710KL-Yageo-datasheet-103092701.pdf?src-supplier=Upverter"; VariantName = "[No Variations]"
Add component (AddParameter): Name = "ComponentLink4URL"; Value = "https://datasheet.octopart.com:443/RC0805FR-0710KL-Yageo-datasheet-103092701.pdf?src-supplier=Upverter"; VariantName = "[No Variations]"
Add component (AddParameter): Name = "ComponentLink5Description"; Value = "https://datasheet.octopart.com:443/RC0805FR-0710KL-Yageo-datasheet-98239111.pdf?src-supplier=Upverter"; VariantName = "[No Variations]"
Add component (AddParameter): Name = "ComponentLink5URL"; Value = "https://datasheet.octopart.com:443/RC0805FR-0710KL-Yageo-datasheet-98239111.pdf?src-supplier=Upverter"; VariantName = "[No Variations]"
Add component (AddParameter): Name = "ComponentLink6Description"; Value = "https://datasheet.octopart.com:443/RC0805FR-0710KL-Yageo---Phycomp-datasheet-67302840.pdf?src-supplier=Upverter"; VariantName = "[No Variations]"
Add component (AddParameter): Name = "ComponentLink6URL"; Value = "https://datasheet.octopart.com:443/RC0805FR-0710KL-Yageo---Phycomp-datasheet-67302840.pdf?src-supplier=Upverter"; VariantName = "[No Variations]"
Add component (AddParameter): Name = "ComponentLink7Description"; Value = "https://datasheet.octopart.com:443/RC0805FR-0710KL-Yageo-datasheet-8330313.pdf?src-supplier=element14+APAC"; VariantName = "[No Variations]"
Add component (AddParameter): Name = "ComponentLink7URL"; Value = "https://datasheet.octopart.com:443/RC0805FR-0710KL-Yageo-datasheet-8330313.pdf?src-supplier=element14+APAC"; VariantName = "[No Variations]"
Add component (AddParameter): Name = "ComponentLink8Description"; Value = "https://datasheet.octopart.com:443/RC0805FR-0710KL-Yageo-datasheet-12592811.pdf?src-supplier=element14+APAC"; VariantName = "[No Variations]"
Add component (AddParameter): Name = "ComponentLink8URL"; Value = "https://datasheet.octopart.com:443/RC0805FR-0710KL-Yageo-datasheet-12592811.pdf?src-supplier=element14+APAC"; VariantName = "[No Variations]"
Add component (AddParameter): Name = "ComponentLink9Description"; Value = "https://datasheet.octopart.com:443/RC0805FR-0710KL-Yageo-Group-datasheet-190305687.pdf?src-supplier=Future+Electronics"; VariantName = "[No Variations]"
Add component (AddParameter): Name = "ComponentLink9URL"; Value = "https://datasheet.octopart.com:443/RC0805FR-0710KL-Yageo-Group-datasheet-190305687.pdf?src-supplier=Future+Electronics"; VariantName = "[No Variations]"
Add component (AddParameter): Name = "ComponentLink10Description"; Value = "https://datasheet.octopart.com:443/RC0805FR-0710KL-Yageo-datasheet-164759695.pdf?src-supplier=Future+Electronics"; VariantName = "[No Variations]"
Add component (AddParameter): Name = "ComponentLink10URL"; Value = "https://datasheet.octopart.com:443/RC0805FR-0710KL-Yageo-datasheet-164759695.pdf?src-supplier=Future+Electronics"; VariantName = "[No Variations]"
Add component (AddParameter): Name = "ComponentLink11Description"; Value = "https://datasheet.octopart.com:443/RC0805FR-0710KL-Yageo-datasheet-15800360.pdf?src-supplier=Future+Electronics"; VariantName = "[No Variations]"
Add component (AddParameter): Name = "ComponentLink11URL"; Value = "https://datasheet.octopart.com:443/RC0805FR-0710KL-Yageo-datasheet-15800360.pdf?src-supplier=Future+Electronics"; VariantName = "[No Variations]"
Add component (AddParameter): Name = "ComponentLink12Description"; Value = "https://datasheet.octopart.com:443/RC0805FR-0710KL-Yageo-datasheet-8324252.pdf?src-supplier=Future+Electronics"; VariantName = "[No Variations]"
Add component (AddParameter): Name = "ComponentLink12URL"; Value = "https://datasheet.octopart.com:443/RC0805FR-0710KL-Yageo-datasheet-8324252.pdf?src-supplier=Future+Electronics"; VariantName = "[No Variations]"
Add component (AddParameter): Name = "ComponentLink13Description"; Value = "https://datasheet.octopart.com:443/RC0805FR-0710KL-Yageo-datasheet-79472498.pdf?src-supplier=Megastar"; VariantName = "[No Variations]"
Add component (AddParameter): Name = "ComponentLink13URL"; Value = "https://datasheet.octopart.com:443/RC0805FR-0710KL-Yageo-datasheet-79472498.pdf?src-supplier=Megastar"; VariantName = "[No Variations]"
Add component (AddParameter): Name = "ComponentLink14Description"; Value = "https://datasheet.octopart.com:443/RC0805FR-0710KL-Yageo-datasheet-27714392.pdf?src-supplier=Seeed+Studio"; VariantName = "[No Variations]"
Add component (AddParameter): Name = "ComponentLink14URL"; Value = "https://datasheet.octopart.com:443/RC0805FR-0710KL-Yageo-datasheet-27714392.pdf?src-supplier=Seeed+Studio"; VariantName = "[No Variations]"
Add component (AddParameter): Name = "ComponentLink15Description"; Value = "https://datasheet.octopart.com/RC0805FR-0710KL-Yageo-datasheet-73766026.pdf"; VariantName = "[No Variations]"
Add component (AddParameter): Name = "ComponentLink15URL"; Value = "https://datasheet.octopart.com/RC0805FR-0710KL-Yageo-datasheet-73766026.pdf"; VariantName = "[No Variations]"
Add component (AddParameter): Name = "ComponentLink16Description"; Value = "https://datasheet.octopart.com:443/RC0805FR-0710KL-Yageo-datasheet-118657.pdf?src-supplier=DigiKey"; VariantName = "[No Variations]"
Add component (AddParameter): Name = "ComponentLink16URL"; Value = "https://datasheet.octopart.com:443/RC0805FR-0710KL-Yageo-datasheet-118657.pdf?src-supplier=DigiKey"; VariantName = "[No Variations]"
Add component (AddParameter): Name = "ComponentLink17Description"; Value = "https://datasheet.octopart.com:443/RC0805FR-0710KL-Yageo-datasheet-502840.pdf?src-supplier=element14"; VariantName = "[No Variations]"
Add component (AddParameter): Name = "ComponentLink17URL"; Value = "https://datasheet.octopart.com:443/RC0805FR-0710KL-Yageo-datasheet-502840.pdf?src-supplier=element14"; VariantName = "[No Variations]"
Add component (AddParameter): Name = "ComponentLink18Description"; Value = "http://sigma.octopart.com:80/conflict_mineral_statement/Yageo-company-3.pdf?src-supplier=Compliance+Statements"; VariantName = "[No Variations]"
Add component (AddParameter): Name = "ComponentLink18URL"; Value = "http://sigma.octopart.com:80/conflict_mineral_statement/Yageo-company-3.pdf?src-supplier=Compliance+Statements"; VariantName = "[No Variations]"
Add component (AddParameter): Name = "ComponentLink19Description"; Value = "http://sigma.octopart.com:80/rohs_statement/Yageo-company-2.pdf?src-supplier=Compliance+Statements"; VariantName = "[No Variations]"
Add component (AddParameter): Name = "ComponentLink19URL"; Value = "http://sigma.octopart.com:80/rohs_statement/Yageo-company-2.pdf?src-supplier=Compliance+Statements"; VariantName = "[No Variations]"
Add component (AddParameter): Name = "Composition"; Value = "Thick Film"; VariantName = "[No Variations]"
Add component (AddParameter): Name = "Country of Origin"; Value = "Mainland China, Taiwan"; VariantName = "[No Variations]"
Add component (AddParameter): Name = "Depth"; Value = "1.25mm"; VariantName = "[No Variations]"
Add component (AddParameter): Name = "Export Control Classification Number (ECCN) Code"; Value = "EAR99"; VariantName = "[No Variations]"
Add component (AddParameter): Name = "Features"; Value = "Moisture Resistant"; VariantName = "[No Variations]"
Add component (AddParameter): Name = "Harmonized Tariff Schedule (HTS) Code"; Value = "8533.21.00.30"; VariantName = "[No Variations]"
Add component (AddParameter): Name = "Height"; Value = "500µm"; VariantName = "[No Variations]"
Add component (AddParameter): Name = "Introduction Date"; Value = "2004-09-22"; VariantName = "[No Variations]"
Add component (AddParameter): Name = "Lead Free"; Value = "Lead Free"; VariantName = "[No Variations]"
Add component (AddParameter): Name = "Length"; Value = "2mm"; VariantName = "[No Variations]"
Add component (AddParameter): Name = "Lifecycle Status"; Value = "Production"; VariantName = "[No Variations]"
Add component (AddParameter): Name = "Manufacturer"; Value = "Yageo Group"; VariantName = "[No Variations]"
Add component (AddParameter): Name = "Manufacturer Part Number"; Value = "RC0805FR-0710KL"; VariantName = "[No Variations]"
Add component (AddParameter): Name = "Max Operating Temperature"; Value = "155°C"; VariantName = "[No Variations]"
Add component (AddParameter): Name = "Max Power Dissipation"; Value = "125mW"; VariantName = "[No Variations]"
Add component (AddParameter): Name = "Military Standard"; Value = "Not"; VariantName = "[No Variations]"
Add component (AddParameter): Name = "Min Operating Temperature"; Value = "-55°C"; VariantName = "[No Variations]"
Add component (AddParameter): Name = "Mounting Technology"; Value = "Surface Mount"; VariantName = "[No Variations]"
Add component (AddParameter): Name = "Number of Terminals"; Value = "2"; VariantName = "[No Variations]"
Add component (AddParameter): Name = "Number of Terminations"; Value = "2"; VariantName = "[No Variations]"
Add component (AddParameter): Name = "Packaging"; Value = "Tape and Reel"; VariantName = "[No Variations]"
Add component (AddParameter): Name = "Pins"; Value = "2"; VariantName = "[No Variations]"
Add component (AddParameter): Name = "Power Dissipation"; Value = "125mW"; VariantName = "[No Variations]"
Add component (AddParameter): Name = "Power Rating"; Value = "125mW"; VariantName = "[No Variations]"
Add component (AddParameter): Name = "Pricing"; Value = "1=0.13, 10=0.009, 25=0.0088, 50=0.0082 (USD)"; VariantName = "[No Variations]"
Add component (AddParameter): Name = "REACH SVHC"; Value = "Yes"; VariantName = "[No Variations]"
Add component (AddParameter): Name = "RoHS"; Value = "Compliant"; VariantName = "[No Variations]"
Add component (AddParameter): Name = "Schedule B"; Value = "8533210045, 8533210045|8533210045|8533210045|8533210045|8533210045|8533210045|8533210045|8533210045|8533210045|8533210045|8533210045|8533210045|8533210045|8533210045|8533210045|8533210045|8533210045|8533210045|8533210045|8533210045|8533210045|8533210045|8533210045|85"; VariantName = "[No Variations]"
Add component (AddParameter): Name = "Stock"; Value = "2846345"; VariantName = "[No Variations]"
Add component (AddParameter): Name = "Supplier"; Value = "DigiKey"; VariantName = "[No Variations]"
Add component (AddParameter): Name = "Supplier Part Number"; Value = "311-10.0KCRCT-ND"; VariantName = "[No Variations]"
Add component (AddParameter): Name = "Temperature Coefficient"; Value = "100ppm/°C"; VariantName = "[No Variations]"
Add component (AddParameter): Name = "Termination"; Value = "SMD/SMT"; VariantName = "[No Variations]"
Add component (AddParameter): Name = "Tolerance"; Value = "1%"; VariantName = "[No Variations]"
Add component (AddParameter): Name = "Value"; Value = "10kO"; VariantName = "[No Variations]"
Add component (AddParameter): Name = "Voltage Rating"; Value = "150V"; VariantName = "[No Variations]"
Add component (AddParameter): Name = "Voltage Rating (AC)"; Value = "150V"; VariantName = "[No Variations]"
Add component (AddParameter): Name = "Width"; Value = "1.25mm"; VariantName = "[No Variations]"
Add component (AddParameter): Name = "Working Voltage"; Value = "150V"; VariantName = "[No Variations]"
Added Component: Designator=R20(R0805)
Add component (AddParameter): Name = "Case Code (Imperial)"; Value = "0805"; VariantName = "[No Variations]"
Add component (AddParameter): Name = "Case/Package"; Value = "0805"; VariantName = "[No Variations]"
Add component (AddParameter): Name = "Category"; Value = "Chip SMD Resistors"; VariantName = "[No Variations]"
Add component (AddParameter): Name = "China RoHS"; Value = "Non-Compliant"; VariantName = "[No Variations]"
Add component (AddParameter): Name = "ComponentLink1Description"; Value = "https://datasheet.octopart.com:443/RC0805FR-0710KL-Yageo-datasheet-175887523.pdf?src-supplier=Newark"; VariantName = "[No Variations]"
Add component (AddParameter): Name = "ComponentLink1URL"; Value = "https://datasheet.octopart.com:443/RC0805FR-0710KL-Yageo-datasheet-175887523.pdf?src-supplier=Newark"; VariantName = "[No Variations]"
Add component (AddParameter): Name = "ComponentLink2Description"; Value = "https://datasheet.octopart.com:443/RC0805FR-0710KL-Yageo-datasheet-62067350.pdf?src-supplier=Farnell"; VariantName = "[No Variations]"
Add component (AddParameter): Name = "ComponentLink2URL"; Value = "https://datasheet.octopart.com:443/RC0805FR-0710KL-Yageo-datasheet-62067350.pdf?src-supplier=Farnell"; VariantName = "[No Variations]"
Add component (AddParameter): Name = "ComponentLink3Description"; Value = "https://datasheet.octopart.com:443/RC0805FR-0710KL-Yageo-datasheet-13691069.pdf?src-supplier=Farnell"; VariantName = "[No Variations]"
Add component (AddParameter): Name = "ComponentLink3URL"; Value = "https://datasheet.octopart.com:443/RC0805FR-0710KL-Yageo-datasheet-13691069.pdf?src-supplier=Farnell"; VariantName = "[No Variations]"
Add component (AddParameter): Name = "ComponentLink4Description"; Value = "https://datasheet.octopart.com:443/RC0805FR-0710KL-Yageo-datasheet-103092701.pdf?src-supplier=Upverter"; VariantName = "[No Variations]"
Add component (AddParameter): Name = "ComponentLink4URL"; Value = "https://datasheet.octopart.com:443/RC0805FR-0710KL-Yageo-datasheet-103092701.pdf?src-supplier=Upverter"; VariantName = "[No Variations]"
Add component (AddParameter): Name = "ComponentLink5Description"; Value = "https://datasheet.octopart.com:443/RC0805FR-0710KL-Yageo-datasheet-98239111.pdf?src-supplier=Upverter"; VariantName = "[No Variations]"
Add component (AddParameter): Name = "ComponentLink5URL"; Value = "https://datasheet.octopart.com:443/RC0805FR-0710KL-Yageo-datasheet-98239111.pdf?src-supplier=Upverter"; VariantName = "[No Variations]"
Add component (AddParameter): Name = "ComponentLink6Description"; Value = "https://datasheet.octopart.com:443/RC0805FR-0710KL-Yageo---Phycomp-datasheet-67302840.pdf?src-supplier=Upverter"; VariantName = "[No Variations]"
Add component (AddParameter): Name = "ComponentLink6URL"; Value = "https://datasheet.octopart.com:443/RC0805FR-0710KL-Yageo---Phycomp-datasheet-67302840.pdf?src-supplier=Upverter"; VariantName = "[No Variations]"
Add component (AddParameter): Name = "ComponentLink7Description"; Value = "https://datasheet.octopart.com:443/RC0805FR-0710KL-Yageo-datasheet-8330313.pdf?src-supplier=element14+APAC"; VariantName = "[No Variations]"
Add component (AddParameter): Name = "ComponentLink7URL"; Value = "https://datasheet.octopart.com:443/RC0805FR-0710KL-Yageo-datasheet-8330313.pdf?src-supplier=element14+APAC"; VariantName = "[No Variations]"
Add component (AddParameter): Name = "ComponentLink8Description"; Value = "https://datasheet.octopart.com:443/RC0805FR-0710KL-Yageo-datasheet-12592811.pdf?src-supplier=element14+APAC"; VariantName = "[No Variations]"
Add component (AddParameter): Name = "ComponentLink8URL"; Value = "https://datasheet.octopart.com:443/RC0805FR-0710KL-Yageo-datasheet-12592811.pdf?src-supplier=element14+APAC"; VariantName = "[No Variations]"
Add component (AddParameter): Name = "ComponentLink9Description"; Value = "https://datasheet.octopart.com:443/RC0805FR-0710KL-Yageo-Group-datasheet-190305687.pdf?src-supplier=Future+Electronics"; VariantName = "[No Variations]"
Add component (AddParameter): Name = "ComponentLink9URL"; Value = "https://datasheet.octopart.com:443/RC0805FR-0710KL-Yageo-Group-datasheet-190305687.pdf?src-supplier=Future+Electronics"; VariantName = "[No Variations]"
Add component (AddParameter): Name = "ComponentLink10Description"; Value = "https://datasheet.octopart.com:443/RC0805FR-0710KL-Yageo-datasheet-164759695.pdf?src-supplier=Future+Electronics"; VariantName = "[No Variations]"
Add component (AddParameter): Name = "ComponentLink10URL"; Value = "https://datasheet.octopart.com:443/RC0805FR-0710KL-Yageo-datasheet-164759695.pdf?src-supplier=Future+Electronics"; VariantName = "[No Variations]"
Add component (AddParameter): Name = "ComponentLink11Description"; Value = "https://datasheet.octopart.com:443/RC0805FR-0710KL-Yageo-datasheet-15800360.pdf?src-supplier=Future+Electronics"; VariantName = "[No Variations]"
Add component (AddParameter): Name = "ComponentLink11URL"; Value = "https://datasheet.octopart.com:443/RC0805FR-0710KL-Yageo-datasheet-15800360.pdf?src-supplier=Future+Electronics"; VariantName = "[No Variations]"
Add component (AddParameter): Name = "ComponentLink12Description"; Value = "https://datasheet.octopart.com:443/RC0805FR-0710KL-Yageo-datasheet-8324252.pdf?src-supplier=Future+Electronics"; VariantName = "[No Variations]"
Add component (AddParameter): Name = "ComponentLink12URL"; Value = "https://datasheet.octopart.com:443/RC0805FR-0710KL-Yageo-datasheet-8324252.pdf?src-supplier=Future+Electronics"; VariantName = "[No Variations]"
Add component (AddParameter): Name = "ComponentLink13Description"; Value = "https://datasheet.octopart.com:443/RC0805FR-0710KL-Yageo-datasheet-79472498.pdf?src-supplier=Megastar"; VariantName = "[No Variations]"
Add component (AddParameter): Name = "ComponentLink13URL"; Value = "https://datasheet.octopart.com:443/RC0805FR-0710KL-Yageo-datasheet-79472498.pdf?src-supplier=Megastar"; VariantName = "[No Variations]"
Add component (AddParameter): Name = "ComponentLink14Description"; Value = "https://datasheet.octopart.com:443/RC0805FR-0710KL-Yageo-datasheet-27714392.pdf?src-supplier=Seeed+Studio"; VariantName = "[No Variations]"
Add component (AddParameter): Name = "ComponentLink14URL"; Value = "https://datasheet.octopart.com:443/RC0805FR-0710KL-Yageo-datasheet-27714392.pdf?src-supplier=Seeed+Studio"; VariantName = "[No Variations]"
Add component (AddParameter): Name = "ComponentLink15Description"; Value = "https://datasheet.octopart.com/RC0805FR-0710KL-Yageo-datasheet-73766026.pdf"; VariantName = "[No Variations]"
Add component (AddParameter): Name = "ComponentLink15URL"; Value = "https://datasheet.octopart.com/RC0805FR-0710KL-Yageo-datasheet-73766026.pdf"; VariantName = "[No Variations]"
Add component (AddParameter): Name = "ComponentLink16Description"; Value = "https://datasheet.octopart.com:443/RC0805FR-0710KL-Yageo-datasheet-118657.pdf?src-supplier=DigiKey"; VariantName = "[No Variations]"
Add component (AddParameter): Name = "ComponentLink16URL"; Value = "https://datasheet.octopart.com:443/RC0805FR-0710KL-Yageo-datasheet-118657.pdf?src-supplier=DigiKey"; VariantName = "[No Variations]"
Add component (AddParameter): Name = "ComponentLink17Description"; Value = "https://datasheet.octopart.com:443/RC0805FR-0710KL-Yageo-datasheet-502840.pdf?src-supplier=element14"; VariantName = "[No Variations]"
Add component (AddParameter): Name = "ComponentLink17URL"; Value = "https://datasheet.octopart.com:443/RC0805FR-0710KL-Yageo-datasheet-502840.pdf?src-supplier=element14"; VariantName = "[No Variations]"
Add component (AddParameter): Name = "ComponentLink18Description"; Value = "http://sigma.octopart.com:80/conflict_mineral_statement/Yageo-company-3.pdf?src-supplier=Compliance+Statements"; VariantName = "[No Variations]"
Add component (AddParameter): Name = "ComponentLink18URL"; Value = "http://sigma.octopart.com:80/conflict_mineral_statement/Yageo-company-3.pdf?src-supplier=Compliance+Statements"; VariantName = "[No Variations]"
Add component (AddParameter): Name = "ComponentLink19Description"; Value = "http://sigma.octopart.com:80/rohs_statement/Yageo-company-2.pdf?src-supplier=Compliance+Statements"; VariantName = "[No Variations]"
Add component (AddParameter): Name = "ComponentLink19URL"; Value = "http://sigma.octopart.com:80/rohs_statement/Yageo-company-2.pdf?src-supplier=Compliance+Statements"; VariantName = "[No Variations]"
Add component (AddParameter): Name = "Composition"; Value = "Thick Film"; VariantName = "[No Variations]"
Add component (AddParameter): Name = "Country of Origin"; Value = "Mainland China, Taiwan"; VariantName = "[No Variations]"
Add component (AddParameter): Name = "Depth"; Value = "1.25mm"; VariantName = "[No Variations]"
Add component (AddParameter): Name = "Export Control Classification Number (ECCN) Code"; Value = "EAR99"; VariantName = "[No Variations]"
Add component (AddParameter): Name = "Features"; Value = "Moisture Resistant"; VariantName = "[No Variations]"
Add component (AddParameter): Name = "Harmonized Tariff Schedule (HTS) Code"; Value = "8533.21.00.30"; VariantName = "[No Variations]"
Add component (AddParameter): Name = "Height"; Value = "500µm"; VariantName = "[No Variations]"
Add component (AddParameter): Name = "Introduction Date"; Value = "2004-09-22"; VariantName = "[No Variations]"
Add component (AddParameter): Name = "Lead Free"; Value = "Lead Free"; VariantName = "[No Variations]"
Add component (AddParameter): Name = "Length"; Value = "2mm"; VariantName = "[No Variations]"
Add component (AddParameter): Name = "Lifecycle Status"; Value = "Production"; VariantName = "[No Variations]"
Add component (AddParameter): Name = "Manufacturer"; Value = "Yageo Group"; VariantName = "[No Variations]"
Add component (AddParameter): Name = "Manufacturer Part Number"; Value = "RC0805FR-0710KL"; VariantName = "[No Variations]"
Add component (AddParameter): Name = "Max Operating Temperature"; Value = "155°C"; VariantName = "[No Variations]"
Add component (AddParameter): Name = "Max Power Dissipation"; Value = "125mW"; VariantName = "[No Variations]"
Add component (AddParameter): Name = "Military Standard"; Value = "Not"; VariantName = "[No Variations]"
Add component (AddParameter): Name = "Min Operating Temperature"; Value = "-55°C"; VariantName = "[No Variations]"
Add component (AddParameter): Name = "Mounting Technology"; Value = "Surface Mount"; VariantName = "[No Variations]"
Add component (AddParameter): Name = "Number of Terminals"; Value = "2"; VariantName = "[No Variations]"
Add component (AddParameter): Name = "Number of Terminations"; Value = "2"; VariantName = "[No Variations]"
Add component (AddParameter): Name = "Packaging"; Value = "Tape and Reel"; VariantName = "[No Variations]"
Add component (AddParameter): Name = "Pins"; Value = "2"; VariantName = "[No Variations]"
Add component (AddParameter): Name = "Power Dissipation"; Value = "125mW"; VariantName = "[No Variations]"
Add component (AddParameter): Name = "Power Rating"; Value = "125mW"; VariantName = "[No Variations]"
Add component (AddParameter): Name = "Pricing"; Value = "1=0.13, 10=0.009, 25=0.0088, 50=0.0082 (USD)"; VariantName = "[No Variations]"
Add component (AddParameter): Name = "REACH SVHC"; Value = "Yes"; VariantName = "[No Variations]"
Add component (AddParameter): Name = "RoHS"; Value = "Compliant"; VariantName = "[No Variations]"
Add component (AddParameter): Name = "Schedule B"; Value = "8533210045, 8533210045|8533210045|8533210045|8533210045|8533210045|8533210045|8533210045|8533210045|8533210045|8533210045|8533210045|8533210045|8533210045|8533210045|8533210045|8533210045|8533210045|8533210045|8533210045|8533210045|8533210045|8533210045|8533210045|85"; VariantName = "[No Variations]"
Add component (AddParameter): Name = "Stock"; Value = "2846345"; VariantName = "[No Variations]"
Add component (AddParameter): Name = "Supplier"; Value = "DigiKey"; VariantName = "[No Variations]"
Add component (AddParameter): Name = "Supplier Part Number"; Value = "311-10.0KCRCT-ND"; VariantName = "[No Variations]"
Add component (AddParameter): Name = "Temperature Coefficient"; Value = "100ppm/°C"; VariantName = "[No Variations]"
Add component (AddParameter): Name = "Termination"; Value = "SMD/SMT"; VariantName = "[No Variations]"
Add component (AddParameter): Name = "Tolerance"; Value = "1%"; VariantName = "[No Variations]"
Add component (AddParameter): Name = "Value"; Value = "10kO"; VariantName = "[No Variations]"
Add component (AddParameter): Name = "Voltage Rating"; Value = "150V"; VariantName = "[No Variations]"
Add component (AddParameter): Name = "Voltage Rating (AC)"; Value = "150V"; VariantName = "[No Variations]"
Add component (AddParameter): Name = "Width"; Value = "1.25mm"; VariantName = "[No Variations]"
Add component (AddParameter): Name = "Working Voltage"; Value = "150V"; VariantName = "[No Variations]"
Added Component: Designator=R21(R0805)
Add component (AddParameter): Name = "Case Code (Imperial)"; Value = "0805"; VariantName = "[No Variations]"
Add component (AddParameter): Name = "Case/Package"; Value = "0805"; VariantName = "[No Variations]"
Add component (AddParameter): Name = "Category"; Value = "Chip SMD Resistors"; VariantName = "[No Variations]"
Add component (AddParameter): Name = "China RoHS"; Value = "Non-Compliant"; VariantName = "[No Variations]"
Add component (AddParameter): Name = "ComponentLink1Description"; Value = "https://datasheet.octopart.com:443/RC0805FR-0710KL-Yageo-datasheet-175887523.pdf?src-supplier=Newark"; VariantName = "[No Variations]"
Add component (AddParameter): Name = "ComponentLink1URL"; Value = "https://datasheet.octopart.com:443/RC0805FR-0710KL-Yageo-datasheet-175887523.pdf?src-supplier=Newark"; VariantName = "[No Variations]"
Add component (AddParameter): Name = "ComponentLink2Description"; Value = "https://datasheet.octopart.com:443/RC0805FR-0710KL-Yageo-datasheet-62067350.pdf?src-supplier=Farnell"; VariantName = "[No Variations]"
Add component (AddParameter): Name = "ComponentLink2URL"; Value = "https://datasheet.octopart.com:443/RC0805FR-0710KL-Yageo-datasheet-62067350.pdf?src-supplier=Farnell"; VariantName = "[No Variations]"
Add component (AddParameter): Name = "ComponentLink3Description"; Value = "https://datasheet.octopart.com:443/RC0805FR-0710KL-Yageo-datasheet-13691069.pdf?src-supplier=Farnell"; VariantName = "[No Variations]"
Add component (AddParameter): Name = "ComponentLink3URL"; Value = "https://datasheet.octopart.com:443/RC0805FR-0710KL-Yageo-datasheet-13691069.pdf?src-supplier=Farnell"; VariantName = "[No Variations]"
Add component (AddParameter): Name = "ComponentLink4Description"; Value = "https://datasheet.octopart.com:443/RC0805FR-0710KL-Yageo-datasheet-103092701.pdf?src-supplier=Upverter"; VariantName = "[No Variations]"
Add component (AddParameter): Name = "ComponentLink4URL"; Value = "https://datasheet.octopart.com:443/RC0805FR-0710KL-Yageo-datasheet-103092701.pdf?src-supplier=Upverter"; VariantName = "[No Variations]"
Add component (AddParameter): Name = "ComponentLink5Description"; Value = "https://datasheet.octopart.com:443/RC0805FR-0710KL-Yageo-datasheet-98239111.pdf?src-supplier=Upverter"; VariantName = "[No Variations]"
Add component (AddParameter): Name = "ComponentLink5URL"; Value = "https://datasheet.octopart.com:443/RC0805FR-0710KL-Yageo-datasheet-98239111.pdf?src-supplier=Upverter"; VariantName = "[No Variations]"
Add component (AddParameter): Name = "ComponentLink6Description"; Value = "https://datasheet.octopart.com:443/RC0805FR-0710KL-Yageo---Phycomp-datasheet-67302840.pdf?src-supplier=Upverter"; VariantName = "[No Variations]"
Add component (AddParameter): Name = "ComponentLink6URL"; Value = "https://datasheet.octopart.com:443/RC0805FR-0710KL-Yageo---Phycomp-datasheet-67302840.pdf?src-supplier=Upverter"; VariantName = "[No Variations]"
Add component (AddParameter): Name = "ComponentLink7Description"; Value = "https://datasheet.octopart.com:443/RC0805FR-0710KL-Yageo-datasheet-8330313.pdf?src-supplier=element14+APAC"; VariantName = "[No Variations]"
Add component (AddParameter): Name = "ComponentLink7URL"; Value = "https://datasheet.octopart.com:443/RC0805FR-0710KL-Yageo-datasheet-8330313.pdf?src-supplier=element14+APAC"; VariantName = "[No Variations]"
Add component (AddParameter): Name = "ComponentLink8Description"; Value = "https://datasheet.octopart.com:443/RC0805FR-0710KL-Yageo-datasheet-12592811.pdf?src-supplier=element14+APAC"; VariantName = "[No Variations]"
Add component (AddParameter): Name = "ComponentLink8URL"; Value = "https://datasheet.octopart.com:443/RC0805FR-0710KL-Yageo-datasheet-12592811.pdf?src-supplier=element14+APAC"; VariantName = "[No Variations]"
Add component (AddParameter): Name = "ComponentLink9Description"; Value = "https://datasheet.octopart.com:443/RC0805FR-0710KL-Yageo-Group-datasheet-190305687.pdf?src-supplier=Future+Electronics"; VariantName = "[No Variations]"
Add component (AddParameter): Name = "ComponentLink9URL"; Value = "https://datasheet.octopart.com:443/RC0805FR-0710KL-Yageo-Group-datasheet-190305687.pdf?src-supplier=Future+Electronics"; VariantName = "[No Variations]"
Add component (AddParameter): Name = "ComponentLink10Description"; Value = "https://datasheet.octopart.com:443/RC0805FR-0710KL-Yageo-datasheet-164759695.pdf?src-supplier=Future+Electronics"; VariantName = "[No Variations]"
Add component (AddParameter): Name = "ComponentLink10URL"; Value = "https://datasheet.octopart.com:443/RC0805FR-0710KL-Yageo-datasheet-164759695.pdf?src-supplier=Future+Electronics"; VariantName = "[No Variations]"
Add component (AddParameter): Name = "ComponentLink11Description"; Value = "https://datasheet.octopart.com:443/RC0805FR-0710KL-Yageo-datasheet-15800360.pdf?src-supplier=Future+Electronics"; VariantName = "[No Variations]"
Add component (AddParameter): Name = "ComponentLink11URL"; Value = "https://datasheet.octopart.com:443/RC0805FR-0710KL-Yageo-datasheet-15800360.pdf?src-supplier=Future+Electronics"; VariantName = "[No Variations]"
Add component (AddParameter): Name = "ComponentLink12Description"; Value = "https://datasheet.octopart.com:443/RC0805FR-0710KL-Yageo-datasheet-8324252.pdf?src-supplier=Future+Electronics"; VariantName = "[No Variations]"
Add component (AddParameter): Name = "ComponentLink12URL"; Value = "https://datasheet.octopart.com:443/RC0805FR-0710KL-Yageo-datasheet-8324252.pdf?src-supplier=Future+Electronics"; VariantName = "[No Variations]"
Add component (AddParameter): Name = "ComponentLink13Description"; Value = "https://datasheet.octopart.com:443/RC0805FR-0710KL-Yageo-datasheet-79472498.pdf?src-supplier=Megastar"; VariantName = "[No Variations]"
Add component (AddParameter): Name = "ComponentLink13URL"; Value = "https://datasheet.octopart.com:443/RC0805FR-0710KL-Yageo-datasheet-79472498.pdf?src-supplier=Megastar"; VariantName = "[No Variations]"
Add component (AddParameter): Name = "ComponentLink14Description"; Value = "https://datasheet.octopart.com:443/RC0805FR-0710KL-Yageo-datasheet-27714392.pdf?src-supplier=Seeed+Studio"; VariantName = "[No Variations]"
Add component (AddParameter): Name = "ComponentLink14URL"; Value = "https://datasheet.octopart.com:443/RC0805FR-0710KL-Yageo-datasheet-27714392.pdf?src-supplier=Seeed+Studio"; VariantName = "[No Variations]"
Add component (AddParameter): Name = "ComponentLink15Description"; Value = "https://datasheet.octopart.com/RC0805FR-0710KL-Yageo-datasheet-73766026.pdf"; VariantName = "[No Variations]"
Add component (AddParameter): Name = "ComponentLink15URL"; Value = "https://datasheet.octopart.com/RC0805FR-0710KL-Yageo-datasheet-73766026.pdf"; VariantName = "[No Variations]"
Add component (AddParameter): Name = "ComponentLink16Description"; Value = "https://datasheet.octopart.com:443/RC0805FR-0710KL-Yageo-datasheet-118657.pdf?src-supplier=DigiKey"; VariantName = "[No Variations]"
Add component (AddParameter): Name = "ComponentLink16URL"; Value = "https://datasheet.octopart.com:443/RC0805FR-0710KL-Yageo-datasheet-118657.pdf?src-supplier=DigiKey"; VariantName = "[No Variations]"
Add component (AddParameter): Name = "ComponentLink17Description"; Value = "https://datasheet.octopart.com:443/RC0805FR-0710KL-Yageo-datasheet-502840.pdf?src-supplier=element14"; VariantName = "[No Variations]"
Add component (AddParameter): Name = "ComponentLink17URL"; Value = "https://datasheet.octopart.com:443/RC0805FR-0710KL-Yageo-datasheet-502840.pdf?src-supplier=element14"; VariantName = "[No Variations]"
Add component (AddParameter): Name = "ComponentLink18Description"; Value = "http://sigma.octopart.com:80/conflict_mineral_statement/Yageo-company-3.pdf?src-supplier=Compliance+Statements"; VariantName = "[No Variations]"
Add component (AddParameter): Name = "ComponentLink18URL"; Value = "http://sigma.octopart.com:80/conflict_mineral_statement/Yageo-company-3.pdf?src-supplier=Compliance+Statements"; VariantName = "[No Variations]"
Add component (AddParameter): Name = "ComponentLink19Description"; Value = "http://sigma.octopart.com:80/rohs_statement/Yageo-company-2.pdf?src-supplier=Compliance+Statements"; VariantName = "[No Variations]"
Add component (AddParameter): Name = "ComponentLink19URL"; Value = "http://sigma.octopart.com:80/rohs_statement/Yageo-company-2.pdf?src-supplier=Compliance+Statements"; VariantName = "[No Variations]"
Add component (AddParameter): Name = "Composition"; Value = "Thick Film"; VariantName = "[No Variations]"
Add component (AddParameter): Name = "Country of Origin"; Value = "Mainland China, Taiwan"; VariantName = "[No Variations]"
Add component (AddParameter): Name = "Depth"; Value = "1.25mm"; VariantName = "[No Variations]"
Add component (AddParameter): Name = "Export Control Classification Number (ECCN) Code"; Value = "EAR99"; VariantName = "[No Variations]"
Add component (AddParameter): Name = "Features"; Value = "Moisture Resistant"; VariantName = "[No Variations]"
Add component (AddParameter): Name = "Harmonized Tariff Schedule (HTS) Code"; Value = "8533.21.00.30"; VariantName = "[No Variations]"
Add component (AddParameter): Name = "Height"; Value = "500µm"; VariantName = "[No Variations]"
Add component (AddParameter): Name = "Introduction Date"; Value = "2004-09-22"; VariantName = "[No Variations]"
Add component (AddParameter): Name = "Lead Free"; Value = "Lead Free"; VariantName = "[No Variations]"
Add component (AddParameter): Name = "Length"; Value = "2mm"; VariantName = "[No Variations]"
Add component (AddParameter): Name = "Lifecycle Status"; Value = "Production"; VariantName = "[No Variations]"
Add component (AddParameter): Name = "Manufacturer"; Value = "Yageo Group"; VariantName = "[No Variations]"
Add component (AddParameter): Name = "Manufacturer Part Number"; Value = "RC0805FR-0710KL"; VariantName = "[No Variations]"
Add component (AddParameter): Name = "Max Operating Temperature"; Value = "155°C"; VariantName = "[No Variations]"
Add component (AddParameter): Name = "Max Power Dissipation"; Value = "125mW"; VariantName = "[No Variations]"
Add component (AddParameter): Name = "Military Standard"; Value = "Not"; VariantName = "[No Variations]"
Add component (AddParameter): Name = "Min Operating Temperature"; Value = "-55°C"; VariantName = "[No Variations]"
Add component (AddParameter): Name = "Mounting Technology"; Value = "Surface Mount"; VariantName = "[No Variations]"
Add component (AddParameter): Name = "Number of Terminals"; Value = "2"; VariantName = "[No Variations]"
Add component (AddParameter): Name = "Number of Terminations"; Value = "2"; VariantName = "[No Variations]"
Add component (AddParameter): Name = "Packaging"; Value = "Tape and Reel"; VariantName = "[No Variations]"
Add component (AddParameter): Name = "Pins"; Value = "2"; VariantName = "[No Variations]"
Add component (AddParameter): Name = "Power Dissipation"; Value = "125mW"; VariantName = "[No Variations]"
Add component (AddParameter): Name = "Power Rating"; Value = "125mW"; VariantName = "[No Variations]"
Add component (AddParameter): Name = "Pricing"; Value = "1=0.13, 10=0.009, 25=0.0088, 50=0.0082 (USD)"; VariantName = "[No Variations]"
Add component (AddParameter): Name = "REACH SVHC"; Value = "Yes"; VariantName = "[No Variations]"
Add component (AddParameter): Name = "RoHS"; Value = "Compliant"; VariantName = "[No Variations]"
Add component (AddParameter): Name = "Schedule B"; Value = "8533210045, 8533210045|8533210045|8533210045|8533210045|8533210045|8533210045|8533210045|8533210045|8533210045|8533210045|8533210045|8533210045|8533210045|8533210045|8533210045|8533210045|8533210045|8533210045|8533210045|8533210045|8533210045|8533210045|8533210045|85"; VariantName = "[No Variations]"
Add component (AddParameter): Name = "Stock"; Value = "2846345"; VariantName = "[No Variations]"
Add component (AddParameter): Name = "Supplier"; Value = "DigiKey"; VariantName = "[No Variations]"
Add component (AddParameter): Name = "Supplier Part Number"; Value = "311-10.0KCRCT-ND"; VariantName = "[No Variations]"
Add component (AddParameter): Name = "Temperature Coefficient"; Value = "100ppm/°C"; VariantName = "[No Variations]"
Add component (AddParameter): Name = "Termination"; Value = "SMD/SMT"; VariantName = "[No Variations]"
Add component (AddParameter): Name = "Tolerance"; Value = "1%"; VariantName = "[No Variations]"
Add component (AddParameter): Name = "Value"; Value = "10kO"; VariantName = "[No Variations]"
Add component (AddParameter): Name = "Voltage Rating"; Value = "150V"; VariantName = "[No Variations]"
Add component (AddParameter): Name = "Voltage Rating (AC)"; Value = "150V"; VariantName = "[No Variations]"
Add component (AddParameter): Name = "Width"; Value = "1.25mm"; VariantName = "[No Variations]"
Add component (AddParameter): Name = "Working Voltage"; Value = "150V"; VariantName = "[No Variations]"
Added Component: Designator=R22(R0805)
Add component (AddParameter): Name = "Case Code (Imperial)"; Value = "0805"; VariantName = "[No Variations]"
Add component (AddParameter): Name = "Case Code (Metric)"; Value = "2012"; VariantName = "[No Variations]"
Add component (AddParameter): Name = "Case/Package"; Value = "0805"; VariantName = "[No Variations]"
Add component (AddParameter): Name = "Category"; Value = "Chip SMD Resistors"; VariantName = "[No Variations]"
Add component (AddParameter): Name = "China RoHS"; Value = "Non-Compliant"; VariantName = "[No Variations]"
Add component (AddParameter): Name = "ComponentLink1Description"; Value = "https://datasheet.octopart.com:443/AC0805FR-07560RL-Yageo-datasheet-182189377.pdf?src-supplier=IHS"; VariantName = "[No Variations]"
Add component (AddParameter): Name = "ComponentLink1URL"; Value = "https://datasheet.octopart.com:443/AC0805FR-07560RL-Yageo-datasheet-182189377.pdf?src-supplier=IHS"; VariantName = "[No Variations]"
Add component (AddParameter): Name = "ComponentLink2Description"; Value = "https://datasheet.octopart.com:443/AC0805FR-07560RL-Yageo-datasheet-83209224.pdf?src-supplier=Upverter"; VariantName = "[No Variations]"
Add component (AddParameter): Name = "ComponentLink2URL"; Value = "https://datasheet.octopart.com:443/AC0805FR-07560RL-Yageo-datasheet-83209224.pdf?src-supplier=Upverter"; VariantName = "[No Variations]"
Add component (AddParameter): Name = "ComponentLink3Description"; Value = "https://datasheet.octopart.com:443/AC0805FR-07560RL-Yageo-datasheet-178509465.pdf?src-supplier=Newark"; VariantName = "[No Variations]"
Add component (AddParameter): Name = "ComponentLink3URL"; Value = "https://datasheet.octopart.com:443/AC0805FR-07560RL-Yageo-datasheet-178509465.pdf?src-supplier=Newark"; VariantName = "[No Variations]"
Add component (AddParameter): Name = "ComponentLink4Description"; Value = "https://datasheet.octopart.com:443/AC0805FR-07560RL-Yageo-Group-datasheet-188689268.pdf?src-supplier=LCSC"; VariantName = "[No Variations]"
Add component (AddParameter): Name = "ComponentLink4URL"; Value = "https://datasheet.octopart.com:443/AC0805FR-07560RL-Yageo-Group-datasheet-188689268.pdf?src-supplier=LCSC"; VariantName = "[No Variations]"
Add component (AddParameter): Name = "ComponentLink5Description"; Value = "https://datasheet.octopart.com:443/AC0805FR-07560RL-Yageo-datasheet-166720450.pdf?src-supplier=Future+Electronics"; VariantName = "[No Variations]"
Add component (AddParameter): Name = "ComponentLink5URL"; Value = "https://datasheet.octopart.com:443/AC0805FR-07560RL-Yageo-datasheet-166720450.pdf?src-supplier=Future+Electronics"; VariantName = "[No Variations]"
Add component (AddParameter): Name = "ComponentLink6Description"; Value = "https://datasheet.octopart.com:443/AC0805FR-07560RL-Yageo-datasheet-151884373.pdf?src-supplier=Future+Electronics"; VariantName = "[No Variations]"
Add component (AddParameter): Name = "ComponentLink6URL"; Value = "https://datasheet.octopart.com:443/AC0805FR-07560RL-Yageo-datasheet-151884373.pdf?src-supplier=Future+Electronics"; VariantName = "[No Variations]"
Add component (AddParameter): Name = "ComponentLink7Description"; Value = "https://datasheet.octopart.com:443/AC0805FR-07560RL-Yageo-datasheet-137699919.pdf?src-supplier=Future+Electronics"; VariantName = "[No Variations]"
Add component (AddParameter): Name = "ComponentLink7URL"; Value = "https://datasheet.octopart.com:443/AC0805FR-07560RL-Yageo-datasheet-137699919.pdf?src-supplier=Future+Electronics"; VariantName = "[No Variations]"
Add component (AddParameter): Name = "ComponentLink8Description"; Value = "https://datasheet.octopart.com:443/AC0805FR-07560RL-Yageo-datasheet-86786639.pdf?src-supplier=Future+Electronics"; VariantName = "[No Variations]"
Add component (AddParameter): Name = "ComponentLink8URL"; Value = "https://datasheet.octopart.com:443/AC0805FR-07560RL-Yageo-datasheet-86786639.pdf?src-supplier=Future+Electronics"; VariantName = "[No Variations]"
Add component (AddParameter): Name = "ComponentLink9Description"; Value = "https://datasheet.octopart.com:443/AC0805FR-07560RL-Yageo-datasheet-159083007.pdf?src-supplier=TME"; VariantName = "[No Variations]"
Add component (AddParameter): Name = "ComponentLink9URL"; Value = "https://datasheet.octopart.com:443/AC0805FR-07560RL-Yageo-datasheet-159083007.pdf?src-supplier=TME"; VariantName = "[No Variations]"
Add component (AddParameter): Name = "ComponentLink10Description"; Value = "https://datasheet.octopart.com:443/AC0805FR-07560RL-Yageo-datasheet-128680628.pdf?src-supplier=X-ON"; VariantName = "[No Variations]"
Add component (AddParameter): Name = "ComponentLink10URL"; Value = "https://datasheet.octopart.com:443/AC0805FR-07560RL-Yageo-datasheet-128680628.pdf?src-supplier=X-ON"; VariantName = "[No Variations]"
Add component (AddParameter): Name = "ComponentLink11Description"; Value = "https://datasheet.octopart.com/AC0805FR-07560RL-Yageo-datasheet-12512238.pdf"; VariantName = "[No Variations]"
Add component (AddParameter): Name = "ComponentLink11URL"; Value = "https://datasheet.octopart.com/AC0805FR-07560RL-Yageo-datasheet-12512238.pdf"; VariantName = "[No Variations]"
Add component (AddParameter): Name = "ComponentLink12Description"; Value = "http://sigma.octopart.com:80/conflict_mineral_statement/Yageo-company-3.pdf?src-supplier=Compliance+Statements"; VariantName = "[No Variations]"
Add component (AddParameter): Name = "ComponentLink12URL"; Value = "http://sigma.octopart.com:80/conflict_mineral_statement/Yageo-company-3.pdf?src-supplier=Compliance+Statements"; VariantName = "[No Variations]"
Add component (AddParameter): Name = "ComponentLink13Description"; Value = "http://sigma.octopart.com:80/rohs_statement/Yageo-company-2.pdf?src-supplier=Compliance+Statements"; VariantName = "[No Variations]"
Add component (AddParameter): Name = "ComponentLink13URL"; Value = "http://sigma.octopart.com:80/rohs_statement/Yageo-company-2.pdf?src-supplier=Compliance+Statements"; VariantName = "[No Variations]"
Add component (AddParameter): Name = "Composition"; Value = "Thick Film"; VariantName = "[No Variations]"
Add component (AddParameter): Name = "Features"; Value = "Automotive AEC-Q200, Moisture Resistant"; VariantName = "[No Variations]"
Add component (AddParameter): Name = "Height"; Value = "500µm"; VariantName = "[No Variations]"
Add component (AddParameter): Name = "Length"; Value = "2mm"; VariantName = "[No Variations]"
Add component (AddParameter): Name = "Lifecycle Status"; Value = "Production"; VariantName = "[No Variations]"
Add component (AddParameter): Name = "Manufacturer"; Value = "Yageo Group"; VariantName = "[No Variations]"
Add component (AddParameter): Name = "Manufacturer Package Identifier"; Value = "0805 (2012 metric)"; VariantName = "[No Variations]"
Add component (AddParameter): Name = "Manufacturer Part Number"; Value = "AC0805FR-07560RL"; VariantName = "[No Variations]"
Add component (AddParameter): Name = "Max Operating Temperature"; Value = "155°C"; VariantName = "[No Variations]"
Add component (AddParameter): Name = "Max Power Dissipation"; Value = "125mW"; VariantName = "[No Variations]"
Add component (AddParameter): Name = "Min Operating Temperature"; Value = "-55°C"; VariantName = "[No Variations]"
Add component (AddParameter): Name = "Mounting Technology"; Value = "Surface Mount"; VariantName = "[No Variations]"
Add component (AddParameter): Name = "Number of Terminals"; Value = "2"; VariantName = "[No Variations]"
Add component (AddParameter): Name = "Number of Terminations"; Value = "2"; VariantName = "[No Variations]"
Add component (AddParameter): Name = "Packaging"; Value = "Tape & Reel"; VariantName = "[No Variations]"
Add component (AddParameter): Name = "Power Rating"; Value = "125mW"; VariantName = "[No Variations]"
Add component (AddParameter): Name = "Pricing"; Value = "1=0.1, 10=0.037, 25=0.028, 50=0.0228, 100=0.0188, 250=0.01484, 500=0.0126, 1000=0.01083 (USD)"; VariantName = "[No Variations]"
Add component (AddParameter): Name = "Ratings"; Value = "AEC-Q200"; VariantName = "[No Variations]"
Add component (AddParameter): Name = "REACH SVHC"; Value = "Yes"; VariantName = "[No Variations]"
Add component (AddParameter): Name = "RoHS"; Value = "Compliant"; VariantName = "[No Variations]"
Add component (AddParameter): Name = "Schedule B"; Value = "8533210045, 8533210045|8533210045, 8533210045|8533210045|8533210045, 8533210045|8533210045|8533210045|8533210045"; VariantName = "[No Variations]"
Add component (AddParameter): Name = "Stock"; Value = "36111"; VariantName = "[No Variations]"
Add component (AddParameter): Name = "Supplier"; Value = "DigiKey"; VariantName = "[No Variations]"
Add component (AddParameter): Name = "Supplier Part Number"; Value = "YAG3743DKR-ND"; VariantName = "[No Variations]"
Add component (AddParameter): Name = "Temperature Coefficient"; Value = "100ppm/°C"; VariantName = "[No Variations]"
Add component (AddParameter): Name = "Termination"; Value = "SMD/SMT"; VariantName = "[No Variations]"
Add component (AddParameter): Name = "Tolerance"; Value = "1%"; VariantName = "[No Variations]"
Add component (AddParameter): Name = "Value"; Value = "560O"; VariantName = "[No Variations]"
Add component (AddParameter): Name = "Voltage Rating"; Value = "150V"; VariantName = "[No Variations]"
Add component (AddParameter): Name = "Weight"; Value = "5.499807mg"; VariantName = "[No Variations]"
Add component (AddParameter): Name = "Width"; Value = "1.25mm"; VariantName = "[No Variations]"
Add component (AddParameter): Name = "Working Voltage"; Value = "150V"; VariantName = "[No Variations]"
Added Component: Designator=R23(R0805)
Add component (AddParameter): Name = "Case Code (Imperial)"; Value = "0805"; VariantName = "[No Variations]"
Add component (AddParameter): Name = "Case/Package"; Value = "0805"; VariantName = "[No Variations]"
Add component (AddParameter): Name = "Category"; Value = "Chip SMD Resistors"; VariantName = "[No Variations]"
Add component (AddParameter): Name = "China RoHS"; Value = "Non-Compliant"; VariantName = "[No Variations]"
Add component (AddParameter): Name = "ComponentLink1Description"; Value = "https://datasheet.octopart.com:443/RC0805FR-0722RL-Yageo-datasheet-175887523.pdf?src-supplier=IHS"; VariantName = "[No Variations]"
Add component (AddParameter): Name = "ComponentLink1URL"; Value = "https://datasheet.octopart.com:443/RC0805FR-0722RL-Yageo-datasheet-175887523.pdf?src-supplier=IHS"; VariantName = "[No Variations]"
Add component (AddParameter): Name = "ComponentLink2Description"; Value = "https://datasheet.octopart.com:443/RC0805FR-0722RL-Yageo-datasheet-103092701.pdf?src-supplier=Upverter"; VariantName = "[No Variations]"
Add component (AddParameter): Name = "ComponentLink2URL"; Value = "https://datasheet.octopart.com:443/RC0805FR-0722RL-Yageo-datasheet-103092701.pdf?src-supplier=Upverter"; VariantName = "[No Variations]"
Add component (AddParameter): Name = "ComponentLink3Description"; Value = "https://datasheet.octopart.com:443/RC0805FR-0722RL-Yageo-datasheet-79472498.pdf?src-supplier=Upverter"; VariantName = "[No Variations]"
Add component (AddParameter): Name = "ComponentLink3URL"; Value = "https://datasheet.octopart.com:443/RC0805FR-0722RL-Yageo-datasheet-79472498.pdf?src-supplier=Upverter"; VariantName = "[No Variations]"
Add component (AddParameter): Name = "ComponentLink4Description"; Value = "https://datasheet.octopart.com:443/RC0805FR-0722RL-Yageo-datasheet-8330313.pdf?src-supplier=element14+APAC"; VariantName = "[No Variations]"
Add component (AddParameter): Name = "ComponentLink4URL"; Value = "https://datasheet.octopart.com:443/RC0805FR-0722RL-Yageo-datasheet-8330313.pdf?src-supplier=element14+APAC"; VariantName = "[No Variations]"
Add component (AddParameter): Name = "ComponentLink5Description"; Value = "https://datasheet.octopart.com:443/RC0805FR-0722RL-Yageo-datasheet-62067350.pdf?src-supplier=element14+APAC"; VariantName = "[No Variations]"
Add component (AddParameter): Name = "ComponentLink5URL"; Value = "https://datasheet.octopart.com:443/RC0805FR-0722RL-Yageo-datasheet-62067350.pdf?src-supplier=element14+APAC"; VariantName = "[No Variations]"
Add component (AddParameter): Name = "ComponentLink6Description"; Value = "https://datasheet.octopart.com:443/RC0805FR-0722RL-Yageo-Group-datasheet-176638170.pdf?src-supplier=Future+Electronics"; VariantName = "[No Variations]"
Add component (AddParameter): Name = "ComponentLink6URL"; Value = "https://datasheet.octopart.com:443/RC0805FR-0722RL-Yageo-Group-datasheet-176638170.pdf?src-supplier=Future+Electronics"; VariantName = "[No Variations]"
Add component (AddParameter): Name = "ComponentLink7Description"; Value = "https://datasheet.octopart.com:443/RC0805FR-0722RL-Yageo-datasheet-164759695.pdf?src-supplier=Future+Electronics"; VariantName = "[No Variations]"
Add component (AddParameter): Name = "ComponentLink7URL"; Value = "https://datasheet.octopart.com:443/RC0805FR-0722RL-Yageo-datasheet-164759695.pdf?src-supplier=Future+Electronics"; VariantName = "[No Variations]"
Add component (AddParameter): Name = "ComponentLink8Description"; Value = "https://datasheet.octopart.com:443/RC0805FR-0722RL-Yageo-datasheet-12592811.pdf?src-supplier=Future+Electronics"; VariantName = "[No Variations]"
Add component (AddParameter): Name = "ComponentLink8URL"; Value = "https://datasheet.octopart.com:443/RC0805FR-0722RL-Yageo-datasheet-12592811.pdf?src-supplier=Future+Electronics"; VariantName = "[No Variations]"
Add component (AddParameter): Name = "ComponentLink9Description"; Value = "https://datasheet.octopart.com:443/RC0805FR-0722RL-Yageo-datasheet-8324252.pdf?src-supplier=Future+Electronics"; VariantName = "[No Variations]"
Add component (AddParameter): Name = "ComponentLink9URL"; Value = "https://datasheet.octopart.com:443/RC0805FR-0722RL-Yageo-datasheet-8324252.pdf?src-supplier=Future+Electronics"; VariantName = "[No Variations]"
Add component (AddParameter): Name = "ComponentLink10Description"; Value = "https://datasheet.octopart.com/RC0805FR-0722RL-Yageo-datasheet-73766026.pdf"; VariantName = "[No Variations]"
Add component (AddParameter): Name = "ComponentLink10URL"; Value = "https://datasheet.octopart.com/RC0805FR-0722RL-Yageo-datasheet-73766026.pdf"; VariantName = "[No Variations]"
Add component (AddParameter): Name = "ComponentLink11Description"; Value = "https://datasheet.octopart.com:443/RC0805FR-0722RL-Yageo-datasheet-13691069.pdf?src-supplier=Farnell"; VariantName = "[No Variations]"
Add component (AddParameter): Name = "ComponentLink11URL"; Value = "https://datasheet.octopart.com:443/RC0805FR-0722RL-Yageo-datasheet-13691069.pdf?src-supplier=Farnell"; VariantName = "[No Variations]"
Add component (AddParameter): Name = "ComponentLink12Description"; Value = "https://datasheet.octopart.com:443/RC0805FR-0722RL-Yageo-datasheet-118657.pdf?src-supplier=DigiKey"; VariantName = "[No Variations]"
Add component (AddParameter): Name = "ComponentLink12URL"; Value = "https://datasheet.octopart.com:443/RC0805FR-0722RL-Yageo-datasheet-118657.pdf?src-supplier=DigiKey"; VariantName = "[No Variations]"
Add component (AddParameter): Name = "ComponentLink13Description"; Value = "http://sigma.octopart.com:80/conflict_mineral_statement/Yageo-company-3.pdf?src-supplier=Compliance+Statements"; VariantName = "[No Variations]"
Add component (AddParameter): Name = "ComponentLink13URL"; Value = "http://sigma.octopart.com:80/conflict_mineral_statement/Yageo-company-3.pdf?src-supplier=Compliance+Statements"; VariantName = "[No Variations]"
Add component (AddParameter): Name = "ComponentLink14Description"; Value = "http://sigma.octopart.com:80/rohs_statement/Yageo-company-2.pdf?src-supplier=Compliance+Statements"; VariantName = "[No Variations]"
Add component (AddParameter): Name = "ComponentLink14URL"; Value = "http://sigma.octopart.com:80/rohs_statement/Yageo-company-2.pdf?src-supplier=Compliance+Statements"; VariantName = "[No Variations]"
Add component (AddParameter): Name = "Composition"; Value = "Thick Film"; VariantName = "[No Variations]"
Add component (AddParameter): Name = "Country of Origin"; Value = "Mainland China, Taiwan"; VariantName = "[No Variations]"
Add component (AddParameter): Name = "Depth"; Value = "1.25mm"; VariantName = "[No Variations]"
Add component (AddParameter): Name = "Export Control Classification Number (ECCN) Code"; Value = "EAR99"; VariantName = "[No Variations]"
Add component (AddParameter): Name = "Features"; Value = "Moisture Resistant"; VariantName = "[No Variations]"
Add component (AddParameter): Name = "Harmonized Tariff Schedule (HTS) Code"; Value = "8533.21.00.30"; VariantName = "[No Variations]"
Add component (AddParameter): Name = "Height"; Value = "500µm"; VariantName = "[No Variations]"
Add component (AddParameter): Name = "Introduction Date"; Value = "2004-09-22"; VariantName = "[No Variations]"
Add component (AddParameter): Name = "Lead Free"; Value = "Lead Free"; VariantName = "[No Variations]"
Add component (AddParameter): Name = "Length"; Value = "2mm"; VariantName = "[No Variations]"
Add component (AddParameter): Name = "Lifecycle Status"; Value = "Production"; VariantName = "[No Variations]"
Add component (AddParameter): Name = "Manufacturer"; Value = "Yageo Group"; VariantName = "[No Variations]"
Add component (AddParameter): Name = "Manufacturer Part Number"; Value = "RC0805FR-0722RL"; VariantName = "[No Variations]"
Add component (AddParameter): Name = "Max Operating Temperature"; Value = "155°C"; VariantName = "[No Variations]"
Add component (AddParameter): Name = "Max Power Dissipation"; Value = "125mW"; VariantName = "[No Variations]"
Add component (AddParameter): Name = "Military Standard"; Value = "Not"; VariantName = "[No Variations]"
Add component (AddParameter): Name = "Min Operating Temperature"; Value = "-55°C"; VariantName = "[No Variations]"
Add component (AddParameter): Name = "Mounting Technology"; Value = "Surface Mount"; VariantName = "[No Variations]"
Add component (AddParameter): Name = "Number of Terminals"; Value = "2"; VariantName = "[No Variations]"
Add component (AddParameter): Name = "Number of Terminations"; Value = "2"; VariantName = "[No Variations]"
Add component (AddParameter): Name = "Packaging"; Value = "Tape & Reel"; VariantName = "[No Variations]"
Add component (AddParameter): Name = "Pins"; Value = "2"; VariantName = "[No Variations]"
Add component (AddParameter): Name = "Power Dissipation"; Value = "125mW"; VariantName = "[No Variations]"
Add component (AddParameter): Name = "Power Rating"; Value = "125mW"; VariantName = "[No Variations]"
Add component (AddParameter): Name = "Pricing"; Value = "1=0.17, 10=0.015, 25=0.0128, 50=0.0102, 100=0.0092, 250=0.00828 (USD)"; VariantName = "[No Variations]"
Add component (AddParameter): Name = "REACH SVHC"; Value = "Yes"; VariantName = "[No Variations]"
Add component (AddParameter): Name = "RoHS"; Value = "Compliant"; VariantName = "[No Variations]"
Add component (AddParameter): Name = "Schedule B"; Value = "8533210045, 8533210045|8533210045, 8533210045|8533210045|8533210045, 8533210045|8533210045|8533210045|8533210045"; VariantName = "[No Variations]"
Add component (AddParameter): Name = "Stock"; Value = "96991"; VariantName = "[No Variations]"
Add component (AddParameter): Name = "Supplier"; Value = "DigiKey"; VariantName = "[No Variations]"
Add component (AddParameter): Name = "Supplier Part Number"; Value = "311-22.0CRCT-ND"; VariantName = "[No Variations]"
Add component (AddParameter): Name = "Temperature Coefficient"; Value = "100ppm/°C"; VariantName = "[No Variations]"
Add component (AddParameter): Name = "Termination"; Value = "SMD/SMT"; VariantName = "[No Variations]"
Add component (AddParameter): Name = "Tolerance"; Value = "1%"; VariantName = "[No Variations]"
Add component (AddParameter): Name = "Value"; Value = "22O"; VariantName = "[No Variations]"
Add component (AddParameter): Name = "Voltage Rating"; Value = "150V"; VariantName = "[No Variations]"
Add component (AddParameter): Name = "Voltage Rating (AC)"; Value = "150V"; VariantName = "[No Variations]"
Add component (AddParameter): Name = "Voltage Rating (DC)"; Value = "150V"; VariantName = "[No Variations]"
Add component (AddParameter): Name = "Width"; Value = "1.25mm"; VariantName = "[No Variations]"
Add component (AddParameter): Name = "Working Voltage"; Value = "150V"; VariantName = "[No Variations]"
Added Component: Designator=R24(R0805)
Add component (AddParameter): Name = "Case Code (Imperial)"; Value = "0805"; VariantName = "[No Variations]"
Add component (AddParameter): Name = "Case/Package"; Value = "0805"; VariantName = "[No Variations]"
Add component (AddParameter): Name = "Category"; Value = "Chip SMD Resistors"; VariantName = "[No Variations]"
Add component (AddParameter): Name = "China RoHS"; Value = "Non-Compliant"; VariantName = "[No Variations]"
Add component (AddParameter): Name = "ComponentLink1Description"; Value = "https://datasheet.octopart.com:443/RC0805FR-0722RL-Yageo-datasheet-175887523.pdf?src-supplier=IHS"; VariantName = "[No Variations]"
Add component (AddParameter): Name = "ComponentLink1URL"; Value = "https://datasheet.octopart.com:443/RC0805FR-0722RL-Yageo-datasheet-175887523.pdf?src-supplier=IHS"; VariantName = "[No Variations]"
Add component (AddParameter): Name = "ComponentLink2Description"; Value = "https://datasheet.octopart.com:443/RC0805FR-0722RL-Yageo-datasheet-103092701.pdf?src-supplier=Upverter"; VariantName = "[No Variations]"
Add component (AddParameter): Name = "ComponentLink2URL"; Value = "https://datasheet.octopart.com:443/RC0805FR-0722RL-Yageo-datasheet-103092701.pdf?src-supplier=Upverter"; VariantName = "[No Variations]"
Add component (AddParameter): Name = "ComponentLink3Description"; Value = "https://datasheet.octopart.com:443/RC0805FR-0722RL-Yageo-datasheet-79472498.pdf?src-supplier=Upverter"; VariantName = "[No Variations]"
Add component (AddParameter): Name = "ComponentLink3URL"; Value = "https://datasheet.octopart.com:443/RC0805FR-0722RL-Yageo-datasheet-79472498.pdf?src-supplier=Upverter"; VariantName = "[No Variations]"
Add component (AddParameter): Name = "ComponentLink4Description"; Value = "https://datasheet.octopart.com:443/RC0805FR-0722RL-Yageo-datasheet-8330313.pdf?src-supplier=element14+APAC"; VariantName = "[No Variations]"
Add component (AddParameter): Name = "ComponentLink4URL"; Value = "https://datasheet.octopart.com:443/RC0805FR-0722RL-Yageo-datasheet-8330313.pdf?src-supplier=element14+APAC"; VariantName = "[No Variations]"
Add component (AddParameter): Name = "ComponentLink5Description"; Value = "https://datasheet.octopart.com:443/RC0805FR-0722RL-Yageo-datasheet-62067350.pdf?src-supplier=element14+APAC"; VariantName = "[No Variations]"
Add component (AddParameter): Name = "ComponentLink5URL"; Value = "https://datasheet.octopart.com:443/RC0805FR-0722RL-Yageo-datasheet-62067350.pdf?src-supplier=element14+APAC"; VariantName = "[No Variations]"
Add component (AddParameter): Name = "ComponentLink6Description"; Value = "https://datasheet.octopart.com:443/RC0805FR-0722RL-Yageo-Group-datasheet-176638170.pdf?src-supplier=Future+Electronics"; VariantName = "[No Variations]"
Add component (AddParameter): Name = "ComponentLink6URL"; Value = "https://datasheet.octopart.com:443/RC0805FR-0722RL-Yageo-Group-datasheet-176638170.pdf?src-supplier=Future+Electronics"; VariantName = "[No Variations]"
Add component (AddParameter): Name = "ComponentLink7Description"; Value = "https://datasheet.octopart.com:443/RC0805FR-0722RL-Yageo-datasheet-164759695.pdf?src-supplier=Future+Electronics"; VariantName = "[No Variations]"
Add component (AddParameter): Name = "ComponentLink7URL"; Value = "https://datasheet.octopart.com:443/RC0805FR-0722RL-Yageo-datasheet-164759695.pdf?src-supplier=Future+Electronics"; VariantName = "[No Variations]"
Add component (AddParameter): Name = "ComponentLink8Description"; Value = "https://datasheet.octopart.com:443/RC0805FR-0722RL-Yageo-datasheet-12592811.pdf?src-supplier=Future+Electronics"; VariantName = "[No Variations]"
Add component (AddParameter): Name = "ComponentLink8URL"; Value = "https://datasheet.octopart.com:443/RC0805FR-0722RL-Yageo-datasheet-12592811.pdf?src-supplier=Future+Electronics"; VariantName = "[No Variations]"
Add component (AddParameter): Name = "ComponentLink9Description"; Value = "https://datasheet.octopart.com:443/RC0805FR-0722RL-Yageo-datasheet-8324252.pdf?src-supplier=Future+Electronics"; VariantName = "[No Variations]"
Add component (AddParameter): Name = "ComponentLink9URL"; Value = "https://datasheet.octopart.com:443/RC0805FR-0722RL-Yageo-datasheet-8324252.pdf?src-supplier=Future+Electronics"; VariantName = "[No Variations]"
Add component (AddParameter): Name = "ComponentLink10Description"; Value = "https://datasheet.octopart.com/RC0805FR-0722RL-Yageo-datasheet-73766026.pdf"; VariantName = "[No Variations]"
Add component (AddParameter): Name = "ComponentLink10URL"; Value = "https://datasheet.octopart.com/RC0805FR-0722RL-Yageo-datasheet-73766026.pdf"; VariantName = "[No Variations]"
Add component (AddParameter): Name = "ComponentLink11Description"; Value = "https://datasheet.octopart.com:443/RC0805FR-0722RL-Yageo-datasheet-13691069.pdf?src-supplier=Farnell"; VariantName = "[No Variations]"
Add component (AddParameter): Name = "ComponentLink11URL"; Value = "https://datasheet.octopart.com:443/RC0805FR-0722RL-Yageo-datasheet-13691069.pdf?src-supplier=Farnell"; VariantName = "[No Variations]"
Add component (AddParameter): Name = "ComponentLink12Description"; Value = "https://datasheet.octopart.com:443/RC0805FR-0722RL-Yageo-datasheet-118657.pdf?src-supplier=DigiKey"; VariantName = "[No Variations]"
Add component (AddParameter): Name = "ComponentLink12URL"; Value = "https://datasheet.octopart.com:443/RC0805FR-0722RL-Yageo-datasheet-118657.pdf?src-supplier=DigiKey"; VariantName = "[No Variations]"
Add component (AddParameter): Name = "ComponentLink13Description"; Value = "http://sigma.octopart.com:80/conflict_mineral_statement/Yageo-company-3.pdf?src-supplier=Compliance+Statements"; VariantName = "[No Variations]"
Add component (AddParameter): Name = "ComponentLink13URL"; Value = "http://sigma.octopart.com:80/conflict_mineral_statement/Yageo-company-3.pdf?src-supplier=Compliance+Statements"; VariantName = "[No Variations]"
Add component (AddParameter): Name = "ComponentLink14Description"; Value = "http://sigma.octopart.com:80/rohs_statement/Yageo-company-2.pdf?src-supplier=Compliance+Statements"; VariantName = "[No Variations]"
Add component (AddParameter): Name = "ComponentLink14URL"; Value = "http://sigma.octopart.com:80/rohs_statement/Yageo-company-2.pdf?src-supplier=Compliance+Statements"; VariantName = "[No Variations]"
Add component (AddParameter): Name = "Composition"; Value = "Thick Film"; VariantName = "[No Variations]"
Add component (AddParameter): Name = "Country of Origin"; Value = "Mainland China, Taiwan"; VariantName = "[No Variations]"
Add component (AddParameter): Name = "Depth"; Value = "1.25mm"; VariantName = "[No Variations]"
Add component (AddParameter): Name = "Export Control Classification Number (ECCN) Code"; Value = "EAR99"; VariantName = "[No Variations]"
Add component (AddParameter): Name = "Features"; Value = "Moisture Resistant"; VariantName = "[No Variations]"
Add component (AddParameter): Name = "Harmonized Tariff Schedule (HTS) Code"; Value = "8533.21.00.30"; VariantName = "[No Variations]"
Add component (AddParameter): Name = "Height"; Value = "500µm"; VariantName = "[No Variations]"
Add component (AddParameter): Name = "Introduction Date"; Value = "2004-09-22"; VariantName = "[No Variations]"
Add component (AddParameter): Name = "Lead Free"; Value = "Lead Free"; VariantName = "[No Variations]"
Add component (AddParameter): Name = "Length"; Value = "2mm"; VariantName = "[No Variations]"
Add component (AddParameter): Name = "Lifecycle Status"; Value = "Production"; VariantName = "[No Variations]"
Add component (AddParameter): Name = "Manufacturer"; Value = "Yageo Group"; VariantName = "[No Variations]"
Add component (AddParameter): Name = "Manufacturer Part Number"; Value = "RC0805FR-0722RL"; VariantName = "[No Variations]"
Add component (AddParameter): Name = "Max Operating Temperature"; Value = "155°C"; VariantName = "[No Variations]"
Add component (AddParameter): Name = "Max Power Dissipation"; Value = "125mW"; VariantName = "[No Variations]"
Add component (AddParameter): Name = "Military Standard"; Value = "Not"; VariantName = "[No Variations]"
Add component (AddParameter): Name = "Min Operating Temperature"; Value = "-55°C"; VariantName = "[No Variations]"
Add component (AddParameter): Name = "Mounting Technology"; Value = "Surface Mount"; VariantName = "[No Variations]"
Add component (AddParameter): Name = "Number of Terminals"; Value = "2"; VariantName = "[No Variations]"
Add component (AddParameter): Name = "Number of Terminations"; Value = "2"; VariantName = "[No Variations]"
Add component (AddParameter): Name = "Packaging"; Value = "Tape & Reel"; VariantName = "[No Variations]"
Add component (AddParameter): Name = "Pins"; Value = "2"; VariantName = "[No Variations]"
Add component (AddParameter): Name = "Power Dissipation"; Value = "125mW"; VariantName = "[No Variations]"
Add component (AddParameter): Name = "Power Rating"; Value = "125mW"; VariantName = "[No Variations]"
Add component (AddParameter): Name = "Pricing"; Value = "1=0.17, 10=0.015, 25=0.0128, 50=0.0102, 100=0.0092, 250=0.00828 (USD)"; VariantName = "[No Variations]"
Add component (AddParameter): Name = "REACH SVHC"; Value = "Yes"; VariantName = "[No Variations]"
Add component (AddParameter): Name = "RoHS"; Value = "Compliant"; VariantName = "[No Variations]"
Add component (AddParameter): Name = "Schedule B"; Value = "8533210045, 8533210045|8533210045, 8533210045|8533210045|8533210045, 8533210045|8533210045|8533210045|8533210045"; VariantName = "[No Variations]"
Add component (AddParameter): Name = "Stock"; Value = "96991"; VariantName = "[No Variations]"
Add component (AddParameter): Name = "Supplier"; Value = "DigiKey"; VariantName = "[No Variations]"
Add component (AddParameter): Name = "Supplier Part Number"; Value = "311-22.0CRCT-ND"; VariantName = "[No Variations]"
Add component (AddParameter): Name = "Temperature Coefficient"; Value = "100ppm/°C"; VariantName = "[No Variations]"
Add component (AddParameter): Name = "Termination"; Value = "SMD/SMT"; VariantName = "[No Variations]"
Add component (AddParameter): Name = "Tolerance"; Value = "1%"; VariantName = "[No Variations]"
Add component (AddParameter): Name = "Value"; Value = "22O"; VariantName = "[No Variations]"
Add component (AddParameter): Name = "Voltage Rating"; Value = "150V"; VariantName = "[No Variations]"
Add component (AddParameter): Name = "Voltage Rating (AC)"; Value = "150V"; VariantName = "[No Variations]"
Add component (AddParameter): Name = "Voltage Rating (DC)"; Value = "150V"; VariantName = "[No Variations]"
Add component (AddParameter): Name = "Width"; Value = "1.25mm"; VariantName = "[No Variations]"
Add component (AddParameter): Name = "Working Voltage"; Value = "150V"; VariantName = "[No Variations]"
Added Component: Designator=R25(R0805)
Add component (AddParameter): Name = "Case Code (Imperial)"; Value = "0805"; VariantName = "[No Variations]"
Add component (AddParameter): Name = "Case/Package"; Value = "0805"; VariantName = "[No Variations]"
Add component (AddParameter): Name = "Category"; Value = "Chip SMD Resistors"; VariantName = "[No Variations]"
Add component (AddParameter): Name = "China RoHS"; Value = "Non-Compliant"; VariantName = "[No Variations]"
Add component (AddParameter): Name = "ComponentLink1Description"; Value = "https://datasheet.octopart.com:443/RC0805FR-0722RL-Yageo-datasheet-175887523.pdf?src-supplier=IHS"; VariantName = "[No Variations]"
Add component (AddParameter): Name = "ComponentLink1URL"; Value = "https://datasheet.octopart.com:443/RC0805FR-0722RL-Yageo-datasheet-175887523.pdf?src-supplier=IHS"; VariantName = "[No Variations]"
Add component (AddParameter): Name = "ComponentLink2Description"; Value = "https://datasheet.octopart.com:443/RC0805FR-0722RL-Yageo-datasheet-103092701.pdf?src-supplier=Upverter"; VariantName = "[No Variations]"
Add component (AddParameter): Name = "ComponentLink2URL"; Value = "https://datasheet.octopart.com:443/RC0805FR-0722RL-Yageo-datasheet-103092701.pdf?src-supplier=Upverter"; VariantName = "[No Variations]"
Add component (AddParameter): Name = "ComponentLink3Description"; Value = "https://datasheet.octopart.com:443/RC0805FR-0722RL-Yageo-datasheet-79472498.pdf?src-supplier=Upverter"; VariantName = "[No Variations]"
Add component (AddParameter): Name = "ComponentLink3URL"; Value = "https://datasheet.octopart.com:443/RC0805FR-0722RL-Yageo-datasheet-79472498.pdf?src-supplier=Upverter"; VariantName = "[No Variations]"
Add component (AddParameter): Name = "ComponentLink4Description"; Value = "https://datasheet.octopart.com:443/RC0805FR-0722RL-Yageo-datasheet-8330313.pdf?src-supplier=element14+APAC"; VariantName = "[No Variations]"
Add component (AddParameter): Name = "ComponentLink4URL"; Value = "https://datasheet.octopart.com:443/RC0805FR-0722RL-Yageo-datasheet-8330313.pdf?src-supplier=element14+APAC"; VariantName = "[No Variations]"
Add component (AddParameter): Name = "ComponentLink5Description"; Value = "https://datasheet.octopart.com:443/RC0805FR-0722RL-Yageo-datasheet-62067350.pdf?src-supplier=element14+APAC"; VariantName = "[No Variations]"
Add component (AddParameter): Name = "ComponentLink5URL"; Value = "https://datasheet.octopart.com:443/RC0805FR-0722RL-Yageo-datasheet-62067350.pdf?src-supplier=element14+APAC"; VariantName = "[No Variations]"
Add component (AddParameter): Name = "ComponentLink6Description"; Value = "https://datasheet.octopart.com:443/RC0805FR-0722RL-Yageo-Group-datasheet-176638170.pdf?src-supplier=Future+Electronics"; VariantName = "[No Variations]"
Add component (AddParameter): Name = "ComponentLink6URL"; Value = "https://datasheet.octopart.com:443/RC0805FR-0722RL-Yageo-Group-datasheet-176638170.pdf?src-supplier=Future+Electronics"; VariantName = "[No Variations]"
Add component (AddParameter): Name = "ComponentLink7Description"; Value = "https://datasheet.octopart.com:443/RC0805FR-0722RL-Yageo-datasheet-164759695.pdf?src-supplier=Future+Electronics"; VariantName = "[No Variations]"
Add component (AddParameter): Name = "ComponentLink7URL"; Value = "https://datasheet.octopart.com:443/RC0805FR-0722RL-Yageo-datasheet-164759695.pdf?src-supplier=Future+Electronics"; VariantName = "[No Variations]"
Add component (AddParameter): Name = "ComponentLink8Description"; Value = "https://datasheet.octopart.com:443/RC0805FR-0722RL-Yageo-datasheet-12592811.pdf?src-supplier=Future+Electronics"; VariantName = "[No Variations]"
Add component (AddParameter): Name = "ComponentLink8URL"; Value = "https://datasheet.octopart.com:443/RC0805FR-0722RL-Yageo-datasheet-12592811.pdf?src-supplier=Future+Electronics"; VariantName = "[No Variations]"
Add component (AddParameter): Name = "ComponentLink9Description"; Value = "https://datasheet.octopart.com:443/RC0805FR-0722RL-Yageo-datasheet-8324252.pdf?src-supplier=Future+Electronics"; VariantName = "[No Variations]"
Add component (AddParameter): Name = "ComponentLink9URL"; Value = "https://datasheet.octopart.com:443/RC0805FR-0722RL-Yageo-datasheet-8324252.pdf?src-supplier=Future+Electronics"; VariantName = "[No Variations]"
Add component (AddParameter): Name = "ComponentLink10Description"; Value = "https://datasheet.octopart.com/RC0805FR-0722RL-Yageo-datasheet-73766026.pdf"; VariantName = "[No Variations]"
Add component (AddParameter): Name = "ComponentLink10URL"; Value = "https://datasheet.octopart.com/RC0805FR-0722RL-Yageo-datasheet-73766026.pdf"; VariantName = "[No Variations]"
Add component (AddParameter): Name = "ComponentLink11Description"; Value = "https://datasheet.octopart.com:443/RC0805FR-0722RL-Yageo-datasheet-13691069.pdf?src-supplier=Farnell"; VariantName = "[No Variations]"
Add component (AddParameter): Name = "ComponentLink11URL"; Value = "https://datasheet.octopart.com:443/RC0805FR-0722RL-Yageo-datasheet-13691069.pdf?src-supplier=Farnell"; VariantName = "[No Variations]"
Add component (AddParameter): Name = "ComponentLink12Description"; Value = "https://datasheet.octopart.com:443/RC0805FR-0722RL-Yageo-datasheet-118657.pdf?src-supplier=DigiKey"; VariantName = "[No Variations]"
Add component (AddParameter): Name = "ComponentLink12URL"; Value = "https://datasheet.octopart.com:443/RC0805FR-0722RL-Yageo-datasheet-118657.pdf?src-supplier=DigiKey"; VariantName = "[No Variations]"
Add component (AddParameter): Name = "ComponentLink13Description"; Value = "http://sigma.octopart.com:80/conflict_mineral_statement/Yageo-company-3.pdf?src-supplier=Compliance+Statements"; VariantName = "[No Variations]"
Add component (AddParameter): Name = "ComponentLink13URL"; Value = "http://sigma.octopart.com:80/conflict_mineral_statement/Yageo-company-3.pdf?src-supplier=Compliance+Statements"; VariantName = "[No Variations]"
Add component (AddParameter): Name = "ComponentLink14Description"; Value = "http://sigma.octopart.com:80/rohs_statement/Yageo-company-2.pdf?src-supplier=Compliance+Statements"; VariantName = "[No Variations]"
Add component (AddParameter): Name = "ComponentLink14URL"; Value = "http://sigma.octopart.com:80/rohs_statement/Yageo-company-2.pdf?src-supplier=Compliance+Statements"; VariantName = "[No Variations]"
Add component (AddParameter): Name = "Composition"; Value = "Thick Film"; VariantName = "[No Variations]"
Add component (AddParameter): Name = "Country of Origin"; Value = "Mainland China, Taiwan"; VariantName = "[No Variations]"
Add component (AddParameter): Name = "Depth"; Value = "1.25mm"; VariantName = "[No Variations]"
Add component (AddParameter): Name = "Export Control Classification Number (ECCN) Code"; Value = "EAR99"; VariantName = "[No Variations]"
Add component (AddParameter): Name = "Features"; Value = "Moisture Resistant"; VariantName = "[No Variations]"
Add component (AddParameter): Name = "Harmonized Tariff Schedule (HTS) Code"; Value = "8533.21.00.30"; VariantName = "[No Variations]"
Add component (AddParameter): Name = "Height"; Value = "500µm"; VariantName = "[No Variations]"
Add component (AddParameter): Name = "Introduction Date"; Value = "2004-09-22"; VariantName = "[No Variations]"
Add component (AddParameter): Name = "Lead Free"; Value = "Lead Free"; VariantName = "[No Variations]"
Add component (AddParameter): Name = "Length"; Value = "2mm"; VariantName = "[No Variations]"
Add component (AddParameter): Name = "Lifecycle Status"; Value = "Production"; VariantName = "[No Variations]"
Add component (AddParameter): Name = "Manufacturer"; Value = "Yageo Group"; VariantName = "[No Variations]"
Add component (AddParameter): Name = "Manufacturer Part Number"; Value = "RC0805FR-0722RL"; VariantName = "[No Variations]"
Add component (AddParameter): Name = "Max Operating Temperature"; Value = "155°C"; VariantName = "[No Variations]"
Add component (AddParameter): Name = "Max Power Dissipation"; Value = "125mW"; VariantName = "[No Variations]"
Add component (AddParameter): Name = "Military Standard"; Value = "Not"; VariantName = "[No Variations]"
Add component (AddParameter): Name = "Min Operating Temperature"; Value = "-55°C"; VariantName = "[No Variations]"
Add component (AddParameter): Name = "Mounting Technology"; Value = "Surface Mount"; VariantName = "[No Variations]"
Add component (AddParameter): Name = "Number of Terminals"; Value = "2"; VariantName = "[No Variations]"
Add component (AddParameter): Name = "Number of Terminations"; Value = "2"; VariantName = "[No Variations]"
Add component (AddParameter): Name = "Packaging"; Value = "Tape & Reel"; VariantName = "[No Variations]"
Add component (AddParameter): Name = "Pins"; Value = "2"; VariantName = "[No Variations]"
Add component (AddParameter): Name = "Power Dissipation"; Value = "125mW"; VariantName = "[No Variations]"
Add component (AddParameter): Name = "Power Rating"; Value = "125mW"; VariantName = "[No Variations]"
Add component (AddParameter): Name = "Pricing"; Value = "1=0.17, 10=0.015, 25=0.0128, 50=0.0102, 100=0.0092, 250=0.00828 (USD)"; VariantName = "[No Variations]"
Add component (AddParameter): Name = "REACH SVHC"; Value = "Yes"; VariantName = "[No Variations]"
Add component (AddParameter): Name = "RoHS"; Value = "Compliant"; VariantName = "[No Variations]"
Add component (AddParameter): Name = "Schedule B"; Value = "8533210045, 8533210045|8533210045, 8533210045|8533210045|8533210045, 8533210045|8533210045|8533210045|8533210045"; VariantName = "[No Variations]"
Add component (AddParameter): Name = "Stock"; Value = "96991"; VariantName = "[No Variations]"
Add component (AddParameter): Name = "Supplier"; Value = "DigiKey"; VariantName = "[No Variations]"
Add component (AddParameter): Name = "Supplier Part Number"; Value = "311-22.0CRCT-ND"; VariantName = "[No Variations]"
Add component (AddParameter): Name = "Temperature Coefficient"; Value = "100ppm/°C"; VariantName = "[No Variations]"
Add component (AddParameter): Name = "Termination"; Value = "SMD/SMT"; VariantName = "[No Variations]"
Add component (AddParameter): Name = "Tolerance"; Value = "1%"; VariantName = "[No Variations]"
Add component (AddParameter): Name = "Value"; Value = "22O"; VariantName = "[No Variations]"
Add component (AddParameter): Name = "Voltage Rating"; Value = "150V"; VariantName = "[No Variations]"
Add component (AddParameter): Name = "Voltage Rating (AC)"; Value = "150V"; VariantName = "[No Variations]"
Add component (AddParameter): Name = "Voltage Rating (DC)"; Value = "150V"; VariantName = "[No Variations]"
Add component (AddParameter): Name = "Width"; Value = "1.25mm"; VariantName = "[No Variations]"
Add component (AddParameter): Name = "Working Voltage"; Value = "150V"; VariantName = "[No Variations]"
Added Component: Designator=R26(R0805)
Add component (AddParameter): Name = "Case/Package"; Value = "0805"; VariantName = "[No Variations]"
Add component (AddParameter): Name = "Category"; Value = "Chip SMD Resistors"; VariantName = "[No Variations]"
Add component (AddParameter): Name = "China RoHS"; Value = "Non-Compliant"; VariantName = "[No Variations]"
Add component (AddParameter): Name = "ComponentLink1Description"; Value = "https://datasheet.octopart.com:443/CR0805AJ--000EAS-Bourns-datasheet-181955238.pdf?src-supplier=IHS"; VariantName = "[No Variations]"
Add component (AddParameter): Name = "ComponentLink1URL"; Value = "https://datasheet.octopart.com:443/CR0805AJ--000EAS-Bourns-datasheet-181955238.pdf?src-supplier=IHS"; VariantName = "[No Variations]"
Add component (AddParameter): Name = "ComponentLink2Description"; Value = "https://datasheet.octopart.com:443/CR0805AJ--000EAS-Bourns-datasheet-181955240.pdf?src-supplier=IHS"; VariantName = "[No Variations]"
Add component (AddParameter): Name = "ComponentLink2URL"; Value = "https://datasheet.octopart.com:443/CR0805AJ--000EAS-Bourns-datasheet-181955240.pdf?src-supplier=IHS"; VariantName = "[No Variations]"
Add component (AddParameter): Name = "ComponentLink3Description"; Value = "https://datasheet.octopart.com:443/CR0805AJ--000EAS-Bourns-datasheet-166097895.pdf?src-supplier=Electro+Sonic"; VariantName = "[No Variations]"
Add component (AddParameter): Name = "ComponentLink3URL"; Value = "https://datasheet.octopart.com:443/CR0805AJ--000EAS-Bourns-datasheet-166097895.pdf?src-supplier=Electro+Sonic"; VariantName = "[No Variations]"
Add component (AddParameter): Name = "ComponentLink4Description"; Value = "https://datasheet.octopart.com:443/CR0805AJ--000EAS-Bourns-datasheet-136430691.pdf?src-supplier=Electro+Sonic"; VariantName = "[No Variations]"
Add component (AddParameter): Name = "ComponentLink4URL"; Value = "https://datasheet.octopart.com:443/CR0805AJ--000EAS-Bourns-datasheet-136430691.pdf?src-supplier=Electro+Sonic"; VariantName = "[No Variations]"
Add component (AddParameter): Name = "ComponentLink5Description"; Value = "https://datasheet.octopart.com:443/CR0805AJ--000EAS-Bourns-datasheet-177039331.pdf?src-supplier=Burklin+Elektronik"; VariantName = "[No Variations]"
Add component (AddParameter): Name = "ComponentLink5URL"; Value = "https://datasheet.octopart.com:443/CR0805AJ--000EAS-Bourns-datasheet-177039331.pdf?src-supplier=Burklin+Elektronik"; VariantName = "[No Variations]"
Add component (AddParameter): Name = "ComponentLink6Description"; Value = "http://sigma.octopart.com:80/conflict_mineral_statement/Bourns-company-36.pdf?src-supplier=Compliance+Statements"; VariantName = "[No Variations]"
Add component (AddParameter): Name = "ComponentLink6URL"; Value = "http://sigma.octopart.com:80/conflict_mineral_statement/Bourns-company-36.pdf?src-supplier=Compliance+Statements"; VariantName = "[No Variations]"
Add component (AddParameter): Name = "Composition"; Value = "Thick Film"; VariantName = "[No Variations]"
Add component (AddParameter): Name = "Country of Origin"; Value = "Taiwan"; VariantName = "[No Variations]"
Add component (AddParameter): Name = "Export Control Classification Number (ECCN) Code"; Value = "EAR99"; VariantName = "[No Variations]"
Add component (AddParameter): Name = "Harmonized Tariff Schedule (HTS) Code"; Value = "8533.21.00.30"; VariantName = "[No Variations]"
Add component (AddParameter): Name = "Height"; Value = "500µm"; VariantName = "[No Variations]"
Add component (AddParameter): Name = "Introduction Date"; Value = "2019-05-31"; VariantName = "[No Variations]"
Add component (AddParameter): Name = "Length"; Value = "2mm"; VariantName = "[No Variations]"
Add component (AddParameter): Name = "Lifecycle Status"; Value = "Production"; VariantName = "[No Variations]"
Add component (AddParameter): Name = "Manufacturer"; Value = "Bourns"; VariantName = "[No Variations]"
Add component (AddParameter): Name = "Manufacturer Part Number"; Value = "CR0805AJ/-000EAS"; VariantName = "[No Variations]"
Add component (AddParameter): Name = "Max Operating Temperature"; Value = "155°C"; VariantName = "[No Variations]"
Add component (AddParameter): Name = "Min Operating Temperature"; Value = "-55°C"; VariantName = "[No Variations]"
Add component (AddParameter): Name = "Mounting Technology"; Value = "Surface Mount"; VariantName = "[No Variations]"
Add component (AddParameter): Name = "Number of Terminals"; Value = "2"; VariantName = "[No Variations]"
Add component (AddParameter): Name = "Power Rating"; Value = "125mW"; VariantName = "[No Variations]"
Add component (AddParameter): Name = "Pricing"; Value = "1=0.1, 10=0.039, 25=0.0296, 50=0.024, 100=0.0199, 250=0.01576, 500=0.01342, 1000=0.01156 (USD)"; VariantName = "[No Variations]"
Add component (AddParameter): Name = "Ratings"; Value = "AEC-Q200"; VariantName = "[No Variations]"
Add component (AddParameter): Name = "REACH SVHC"; Value = "Yes"; VariantName = "[No Variations]"
Add component (AddParameter): Name = "RoHS"; Value = "Compliant"; VariantName = "[No Variations]"
Add component (AddParameter): Name = "Stock"; Value = "68321"; VariantName = "[No Variations]"
Add component (AddParameter): Name = "Supplier"; Value = "DigiKey"; VariantName = "[No Variations]"
Add component (AddParameter): Name = "Supplier Part Number"; Value = "CR0805AJ/-000EASCT-ND"; VariantName = "[No Variations]"
Add component (AddParameter): Name = "Temperature Coefficient"; Value = "400ppm/°C"; VariantName = "[No Variations]"
Add component (AddParameter): Name = "Tolerance"; Value = "5%"; VariantName = "[No Variations]"
Add component (AddParameter): Name = "Value"; Value = "0O"; VariantName = "[No Variations]"
Add component (AddParameter): Name = "Voltage Rating"; Value = "150V"; VariantName = "[No Variations]"
Add component (AddParameter): Name = "Voltage Rating (DC)"; Value = "150V"; VariantName = "[No Variations]"
Add component (AddParameter): Name = "Width"; Value = "1.25mm"; VariantName = "[No Variations]"
Added Component: Designator=R27(R0805)
Add component (AddParameter): Name = "Case/Package"; Value = "0805"; VariantName = "[No Variations]"
Add component (AddParameter): Name = "Category"; Value = "Chip SMD Resistors"; VariantName = "[No Variations]"
Add component (AddParameter): Name = "China RoHS"; Value = "Non-Compliant"; VariantName = "[No Variations]"
Add component (AddParameter): Name = "ComponentLink1Description"; Value = "https://datasheet.octopart.com:443/CR0805AJ--000EAS-Bourns-datasheet-181955238.pdf?src-supplier=IHS"; VariantName = "[No Variations]"
Add component (AddParameter): Name = "ComponentLink1URL"; Value = "https://datasheet.octopart.com:443/CR0805AJ--000EAS-Bourns-datasheet-181955238.pdf?src-supplier=IHS"; VariantName = "[No Variations]"
Add component (AddParameter): Name = "ComponentLink2Description"; Value = "https://datasheet.octopart.com:443/CR0805AJ--000EAS-Bourns-datasheet-181955240.pdf?src-supplier=IHS"; VariantName = "[No Variations]"
Add component (AddParameter): Name = "ComponentLink2URL"; Value = "https://datasheet.octopart.com:443/CR0805AJ--000EAS-Bourns-datasheet-181955240.pdf?src-supplier=IHS"; VariantName = "[No Variations]"
Add component (AddParameter): Name = "ComponentLink3Description"; Value = "https://datasheet.octopart.com:443/CR0805AJ--000EAS-Bourns-datasheet-166097895.pdf?src-supplier=Electro+Sonic"; VariantName = "[No Variations]"
Add component (AddParameter): Name = "ComponentLink3URL"; Value = "https://datasheet.octopart.com:443/CR0805AJ--000EAS-Bourns-datasheet-166097895.pdf?src-supplier=Electro+Sonic"; VariantName = "[No Variations]"
Add component (AddParameter): Name = "ComponentLink4Description"; Value = "https://datasheet.octopart.com:443/CR0805AJ--000EAS-Bourns-datasheet-136430691.pdf?src-supplier=Electro+Sonic"; VariantName = "[No Variations]"
Add component (AddParameter): Name = "ComponentLink4URL"; Value = "https://datasheet.octopart.com:443/CR0805AJ--000EAS-Bourns-datasheet-136430691.pdf?src-supplier=Electro+Sonic"; VariantName = "[No Variations]"
Add component (AddParameter): Name = "ComponentLink5Description"; Value = "https://datasheet.octopart.com:443/CR0805AJ--000EAS-Bourns-datasheet-177039331.pdf?src-supplier=Burklin+Elektronik"; VariantName = "[No Variations]"
Add component (AddParameter): Name = "ComponentLink5URL"; Value = "https://datasheet.octopart.com:443/CR0805AJ--000EAS-Bourns-datasheet-177039331.pdf?src-supplier=Burklin+Elektronik"; VariantName = "[No Variations]"
Add component (AddParameter): Name = "ComponentLink6Description"; Value = "http://sigma.octopart.com:80/conflict_mineral_statement/Bourns-company-36.pdf?src-supplier=Compliance+Statements"; VariantName = "[No Variations]"
Add component (AddParameter): Name = "ComponentLink6URL"; Value = "http://sigma.octopart.com:80/conflict_mineral_statement/Bourns-company-36.pdf?src-supplier=Compliance+Statements"; VariantName = "[No Variations]"
Add component (AddParameter): Name = "Composition"; Value = "Thick Film"; VariantName = "[No Variations]"
Add component (AddParameter): Name = "Country of Origin"; Value = "Taiwan"; VariantName = "[No Variations]"
Add component (AddParameter): Name = "Export Control Classification Number (ECCN) Code"; Value = "EAR99"; VariantName = "[No Variations]"
Add component (AddParameter): Name = "Harmonized Tariff Schedule (HTS) Code"; Value = "8533.21.00.30"; VariantName = "[No Variations]"
Add component (AddParameter): Name = "Height"; Value = "500µm"; VariantName = "[No Variations]"
Add component (AddParameter): Name = "Introduction Date"; Value = "2019-05-31"; VariantName = "[No Variations]"
Add component (AddParameter): Name = "Length"; Value = "2mm"; VariantName = "[No Variations]"
Add component (AddParameter): Name = "Lifecycle Status"; Value = "Production"; VariantName = "[No Variations]"
Add component (AddParameter): Name = "Manufacturer"; Value = "Bourns"; VariantName = "[No Variations]"
Add component (AddParameter): Name = "Manufacturer Part Number"; Value = "CR0805AJ/-000EAS"; VariantName = "[No Variations]"
Add component (AddParameter): Name = "Max Operating Temperature"; Value = "155°C"; VariantName = "[No Variations]"
Add component (AddParameter): Name = "Min Operating Temperature"; Value = "-55°C"; VariantName = "[No Variations]"
Add component (AddParameter): Name = "Mounting Technology"; Value = "Surface Mount"; VariantName = "[No Variations]"
Add component (AddParameter): Name = "Number of Terminals"; Value = "2"; VariantName = "[No Variations]"
Add component (AddParameter): Name = "Power Rating"; Value = "125mW"; VariantName = "[No Variations]"
Add component (AddParameter): Name = "Pricing"; Value = "1=0.1, 10=0.039, 25=0.0296, 50=0.024, 100=0.0199, 250=0.01576, 500=0.01342, 1000=0.01156 (USD)"; VariantName = "[No Variations]"
Add component (AddParameter): Name = "Ratings"; Value = "AEC-Q200"; VariantName = "[No Variations]"
Add component (AddParameter): Name = "REACH SVHC"; Value = "Yes"; VariantName = "[No Variations]"
Add component (AddParameter): Name = "RoHS"; Value = "Compliant"; VariantName = "[No Variations]"
Add component (AddParameter): Name = "Stock"; Value = "68321"; VariantName = "[No Variations]"
Add component (AddParameter): Name = "Supplier"; Value = "DigiKey"; VariantName = "[No Variations]"
Add component (AddParameter): Name = "Supplier Part Number"; Value = "CR0805AJ/-000EASCT-ND"; VariantName = "[No Variations]"
Add component (AddParameter): Name = "Temperature Coefficient"; Value = "400ppm/°C"; VariantName = "[No Variations]"
Add component (AddParameter): Name = "Tolerance"; Value = "5%"; VariantName = "[No Variations]"
Add component (AddParameter): Name = "Value"; Value = "0O"; VariantName = "[No Variations]"
Add component (AddParameter): Name = "Voltage Rating"; Value = "150V"; VariantName = "[No Variations]"
Add component (AddParameter): Name = "Voltage Rating (DC)"; Value = "150V"; VariantName = "[No Variations]"
Add component (AddParameter): Name = "Width"; Value = "1.25mm"; VariantName = "[No Variations]"
Added Component: Designator=R28(R0805)
Add component (AddParameter): Name = "Case/Package"; Value = "0805"; VariantName = "[No Variations]"
Add component (AddParameter): Name = "Category"; Value = "Chip SMD Resistors"; VariantName = "[No Variations]"
Add component (AddParameter): Name = "China RoHS"; Value = "Non-Compliant"; VariantName = "[No Variations]"
Add component (AddParameter): Name = "ComponentLink1Description"; Value = "https://datasheet.octopart.com:443/CR0805AJ--000EAS-Bourns-datasheet-181955238.pdf?src-supplier=IHS"; VariantName = "[No Variations]"
Add component (AddParameter): Name = "ComponentLink1URL"; Value = "https://datasheet.octopart.com:443/CR0805AJ--000EAS-Bourns-datasheet-181955238.pdf?src-supplier=IHS"; VariantName = "[No Variations]"
Add component (AddParameter): Name = "ComponentLink2Description"; Value = "https://datasheet.octopart.com:443/CR0805AJ--000EAS-Bourns-datasheet-181955240.pdf?src-supplier=IHS"; VariantName = "[No Variations]"
Add component (AddParameter): Name = "ComponentLink2URL"; Value = "https://datasheet.octopart.com:443/CR0805AJ--000EAS-Bourns-datasheet-181955240.pdf?src-supplier=IHS"; VariantName = "[No Variations]"
Add component (AddParameter): Name = "ComponentLink3Description"; Value = "https://datasheet.octopart.com:443/CR0805AJ--000EAS-Bourns-datasheet-166097895.pdf?src-supplier=Electro+Sonic"; VariantName = "[No Variations]"
Add component (AddParameter): Name = "ComponentLink3URL"; Value = "https://datasheet.octopart.com:443/CR0805AJ--000EAS-Bourns-datasheet-166097895.pdf?src-supplier=Electro+Sonic"; VariantName = "[No Variations]"
Add component (AddParameter): Name = "ComponentLink4Description"; Value = "https://datasheet.octopart.com:443/CR0805AJ--000EAS-Bourns-datasheet-136430691.pdf?src-supplier=Electro+Sonic"; VariantName = "[No Variations]"
Add component (AddParameter): Name = "ComponentLink4URL"; Value = "https://datasheet.octopart.com:443/CR0805AJ--000EAS-Bourns-datasheet-136430691.pdf?src-supplier=Electro+Sonic"; VariantName = "[No Variations]"
Add component (AddParameter): Name = "ComponentLink5Description"; Value = "https://datasheet.octopart.com:443/CR0805AJ--000EAS-Bourns-datasheet-177039331.pdf?src-supplier=Burklin+Elektronik"; VariantName = "[No Variations]"
Add component (AddParameter): Name = "ComponentLink5URL"; Value = "https://datasheet.octopart.com:443/CR0805AJ--000EAS-Bourns-datasheet-177039331.pdf?src-supplier=Burklin+Elektronik"; VariantName = "[No Variations]"
Add component (AddParameter): Name = "ComponentLink6Description"; Value = "http://sigma.octopart.com:80/conflict_mineral_statement/Bourns-company-36.pdf?src-supplier=Compliance+Statements"; VariantName = "[No Variations]"
Add component (AddParameter): Name = "ComponentLink6URL"; Value = "http://sigma.octopart.com:80/conflict_mineral_statement/Bourns-company-36.pdf?src-supplier=Compliance+Statements"; VariantName = "[No Variations]"
Add component (AddParameter): Name = "Composition"; Value = "Thick Film"; VariantName = "[No Variations]"
Add component (AddParameter): Name = "Country of Origin"; Value = "Taiwan"; VariantName = "[No Variations]"
Add component (AddParameter): Name = "Export Control Classification Number (ECCN) Code"; Value = "EAR99"; VariantName = "[No Variations]"
Add component (AddParameter): Name = "Harmonized Tariff Schedule (HTS) Code"; Value = "8533.21.00.30"; VariantName = "[No Variations]"
Add component (AddParameter): Name = "Height"; Value = "500µm"; VariantName = "[No Variations]"
Add component (AddParameter): Name = "Introduction Date"; Value = "2019-05-31"; VariantName = "[No Variations]"
Add component (AddParameter): Name = "Length"; Value = "2mm"; VariantName = "[No Variations]"
Add component (AddParameter): Name = "Lifecycle Status"; Value = "Production"; VariantName = "[No Variations]"
Add component (AddParameter): Name = "Manufacturer"; Value = "Bourns"; VariantName = "[No Variations]"
Add component (AddParameter): Name = "Manufacturer Part Number"; Value = "CR0805AJ/-000EAS"; VariantName = "[No Variations]"
Add component (AddParameter): Name = "Max Operating Temperature"; Value = "155°C"; VariantName = "[No Variations]"
Add component (AddParameter): Name = "Min Operating Temperature"; Value = "-55°C"; VariantName = "[No Variations]"
Add component (AddParameter): Name = "Mounting Technology"; Value = "Surface Mount"; VariantName = "[No Variations]"
Add component (AddParameter): Name = "Number of Terminals"; Value = "2"; VariantName = "[No Variations]"
Add component (AddParameter): Name = "Power Rating"; Value = "125mW"; VariantName = "[No Variations]"
Add component (AddParameter): Name = "Pricing"; Value = "1=0.1, 10=0.039, 25=0.0296, 50=0.024, 100=0.0199, 250=0.01576, 500=0.01342, 1000=0.01156 (USD)"; VariantName = "[No Variations]"
Add component (AddParameter): Name = "Ratings"; Value = "AEC-Q200"; VariantName = "[No Variations]"
Add component (AddParameter): Name = "REACH SVHC"; Value = "Yes"; VariantName = "[No Variations]"
Add component (AddParameter): Name = "RoHS"; Value = "Compliant"; VariantName = "[No Variations]"
Add component (AddParameter): Name = "Stock"; Value = "68321"; VariantName = "[No Variations]"
Add component (AddParameter): Name = "Supplier"; Value = "DigiKey"; VariantName = "[No Variations]"
Add component (AddParameter): Name = "Supplier Part Number"; Value = "CR0805AJ/-000EASCT-ND"; VariantName = "[No Variations]"
Add component (AddParameter): Name = "Temperature Coefficient"; Value = "400ppm/°C"; VariantName = "[No Variations]"
Add component (AddParameter): Name = "Tolerance"; Value = "5%"; VariantName = "[No Variations]"
Add component (AddParameter): Name = "Value"; Value = "0O"; VariantName = "[No Variations]"
Add component (AddParameter): Name = "Voltage Rating"; Value = "150V"; VariantName = "[No Variations]"
Add component (AddParameter): Name = "Voltage Rating (DC)"; Value = "150V"; VariantName = "[No Variations]"
Add component (AddParameter): Name = "Width"; Value = "1.25mm"; VariantName = "[No Variations]"
Added Component: Designator=R29(R0805)
Add component (AddParameter): Name = "Case Code (Imperial)"; Value = "0805"; VariantName = "[No Variations]"
Add component (AddParameter): Name = "Case/Package"; Value = "0805"; VariantName = "[No Variations]"
Add component (AddParameter): Name = "Category"; Value = "Chip SMD Resistors"; VariantName = "[No Variations]"
Add component (AddParameter): Name = "China RoHS"; Value = "Non-Compliant"; VariantName = "[No Variations]"
Add component (AddParameter): Name = "ComponentLink1Description"; Value = "https://datasheet.octopart.com:443/RC0805FR-075K1L-Yageo-datasheet-175887523.pdf?src-supplier=Farnell"; VariantName = "[No Variations]"
Add component (AddParameter): Name = "ComponentLink1URL"; Value = "https://datasheet.octopart.com:443/RC0805FR-075K1L-Yageo-datasheet-175887523.pdf?src-supplier=Farnell"; VariantName = "[No Variations]"
Add component (AddParameter): Name = "ComponentLink2Description"; Value = "https://datasheet.octopart.com:443/RC0805FR-075K1L-Yageo-datasheet-103092701.pdf?src-supplier=Upverter"; VariantName = "[No Variations]"
Add component (AddParameter): Name = "ComponentLink2URL"; Value = "https://datasheet.octopart.com:443/RC0805FR-075K1L-Yageo-datasheet-103092701.pdf?src-supplier=Upverter"; VariantName = "[No Variations]"
Add component (AddParameter): Name = "ComponentLink3Description"; Value = "https://datasheet.octopart.com:443/RC0805FR-075K1L-Yageo-Group-datasheet-190305687.pdf?src-supplier=Future+Electronics"; VariantName = "[No Variations]"
Add component (AddParameter): Name = "ComponentLink3URL"; Value = "https://datasheet.octopart.com:443/RC0805FR-075K1L-Yageo-Group-datasheet-190305687.pdf?src-supplier=Future+Electronics"; VariantName = "[No Variations]"
Add component (AddParameter): Name = "ComponentLink4Description"; Value = "https://datasheet.octopart.com:443/RC0805FR-075K1L-Yageo-datasheet-164759695.pdf?src-supplier=Future+Electronics"; VariantName = "[No Variations]"
Add component (AddParameter): Name = "ComponentLink4URL"; Value = "https://datasheet.octopart.com:443/RC0805FR-075K1L-Yageo-datasheet-164759695.pdf?src-supplier=Future+Electronics"; VariantName = "[No Variations]"
Add component (AddParameter): Name = "ComponentLink5Description"; Value = "https://datasheet.octopart.com:443/RC0805FR-075K1L-Yageo-datasheet-12592811.pdf?src-supplier=Future+Electronics"; VariantName = "[No Variations]"
Add component (AddParameter): Name = "ComponentLink5URL"; Value = "https://datasheet.octopart.com:443/RC0805FR-075K1L-Yageo-datasheet-12592811.pdf?src-supplier=Future+Electronics"; VariantName = "[No Variations]"
Add component (AddParameter): Name = "ComponentLink6Description"; Value = "https://datasheet.octopart.com:443/RC0805FR-075K1L-Yageo-datasheet-8324252.pdf?src-supplier=Future+Electronics"; VariantName = "[No Variations]"
Add component (AddParameter): Name = "ComponentLink6URL"; Value = "https://datasheet.octopart.com:443/RC0805FR-075K1L-Yageo-datasheet-8324252.pdf?src-supplier=Future+Electronics"; VariantName = "[No Variations]"
Add component (AddParameter): Name = "ComponentLink7Description"; Value = "https://datasheet.octopart.com:443/RC0805FR-075K1L-Yageo-datasheet-8330313.pdf?src-supplier=Burklin+Elektronik"; VariantName = "[No Variations]"
Add component (AddParameter): Name = "ComponentLink7URL"; Value = "https://datasheet.octopart.com:443/RC0805FR-075K1L-Yageo-datasheet-8330313.pdf?src-supplier=Burklin+Elektronik"; VariantName = "[No Variations]"
Add component (AddParameter): Name = "ComponentLink8Description"; Value = "https://datasheet.octopart.com:443/RC0805FR-075K1L-Yageo-Group-datasheet-189192902.pdf?src-supplier=LCSC"; VariantName = "[No Variations]"
Add component (AddParameter): Name = "ComponentLink8URL"; Value = "https://datasheet.octopart.com:443/RC0805FR-075K1L-Yageo-Group-datasheet-189192902.pdf?src-supplier=LCSC"; VariantName = "[No Variations]"
Add component (AddParameter): Name = "ComponentLink9Description"; Value = "https://datasheet.octopart.com/RC0805FR-075K1L-Yageo-datasheet-73766026.pdf"; VariantName = "[No Variations]"
Add component (AddParameter): Name = "ComponentLink9URL"; Value = "https://datasheet.octopart.com/RC0805FR-075K1L-Yageo-datasheet-73766026.pdf"; VariantName = "[No Variations]"
Add component (AddParameter): Name = "ComponentLink10Description"; Value = "https://datasheet.octopart.com:443/RC0805FR-075K1L-Yageo-datasheet-118657.pdf?src-supplier=DigiKey"; VariantName = "[No Variations]"
Add component (AddParameter): Name = "ComponentLink10URL"; Value = "https://datasheet.octopart.com:443/RC0805FR-075K1L-Yageo-datasheet-118657.pdf?src-supplier=DigiKey"; VariantName = "[No Variations]"
Add component (AddParameter): Name = "ComponentLink11Description"; Value = "http://sigma.octopart.com:80/conflict_mineral_statement/Yageo-company-3.pdf?src-supplier=Compliance+Statements"; VariantName = "[No Variations]"
Add component (AddParameter): Name = "ComponentLink11URL"; Value = "http://sigma.octopart.com:80/conflict_mineral_statement/Yageo-company-3.pdf?src-supplier=Compliance+Statements"; VariantName = "[No Variations]"
Add component (AddParameter): Name = "ComponentLink12Description"; Value = "http://sigma.octopart.com:80/rohs_statement/Yageo-company-2.pdf?src-supplier=Compliance+Statements"; VariantName = "[No Variations]"
Add component (AddParameter): Name = "ComponentLink12URL"; Value = "http://sigma.octopart.com:80/rohs_statement/Yageo-company-2.pdf?src-supplier=Compliance+Statements"; VariantName = "[No Variations]"
Add component (AddParameter): Name = "Composition"; Value = "Thick Film"; VariantName = "[No Variations]"
Add component (AddParameter): Name = "Contact Plating"; Value = "Tin"; VariantName = "[No Variations]"
Add component (AddParameter): Name = "Depth"; Value = "1.25mm"; VariantName = "[No Variations]"
Add component (AddParameter): Name = "Features"; Value = "Moisture Resistant"; VariantName = "[No Variations]"
Add component (AddParameter): Name = "Height"; Value = "500µm"; VariantName = "[No Variations]"
Add component (AddParameter): Name = "Lead Free"; Value = "Lead Free"; VariantName = "[No Variations]"
Add component (AddParameter): Name = "Length"; Value = "2mm"; VariantName = "[No Variations]"
Add component (AddParameter): Name = "Lifecycle Status"; Value = "Production"; VariantName = "[No Variations]"
Add component (AddParameter): Name = "Manufacturer"; Value = "Yageo Group"; VariantName = "[No Variations]"
Add component (AddParameter): Name = "Manufacturer Part Number"; Value = "RC0805FR-075K1L"; VariantName = "[No Variations]"
Add component (AddParameter): Name = "Max Operating Temperature"; Value = "155°C"; VariantName = "[No Variations]"
Add component (AddParameter): Name = "Max Power Dissipation"; Value = "125mW"; VariantName = "[No Variations]"
Add component (AddParameter): Name = "Military Standard"; Value = "Not"; VariantName = "[No Variations]"
Add component (AddParameter): Name = "Min Operating Temperature"; Value = "-55°C"; VariantName = "[No Variations]"
Add component (AddParameter): Name = "Mounting Technology"; Value = "Surface Mount"; VariantName = "[No Variations]"
Add component (AddParameter): Name = "Number of Terminals"; Value = "2"; VariantName = "[No Variations]"
Add component (AddParameter): Name = "Number of Terminations"; Value = "2"; VariantName = "[No Variations]"
Add component (AddParameter): Name = "Packaging"; Value = "Tape & Reel"; VariantName = "[No Variations]"
Add component (AddParameter): Name = "Power Rating"; Value = "125mW"; VariantName = "[No Variations]"
Add component (AddParameter): Name = "Pricing"; Value = "1=0.1, 10=0.034, 25=0.0256, 50=0.0208, 100=0.0171, 250=0.01344, 500=0.01136, 1000=0.00973 (USD)"; VariantName = "[No Variations]"
Add component (AddParameter): Name = "Radiation Hardening"; Value = "No"; VariantName = "[No Variations]"
Add component (AddParameter): Name = "REACH SVHC"; Value = "Yes"; VariantName = "[No Variations]"
Add component (AddParameter): Name = "RoHS"; Value = "Compliant"; VariantName = "[No Variations]"
Add component (AddParameter): Name = "Schedule B"; Value = "8533210045, 8533210045|8533210045, 8533210045|8533210045|8533210045, 8533210045|8533210045|8533210045|8533210045"; VariantName = "[No Variations]"
Add component (AddParameter): Name = "Stock"; Value = "221866"; VariantName = "[No Variations]"
Add component (AddParameter): Name = "Supplier"; Value = "DigiKey"; VariantName = "[No Variations]"
Add component (AddParameter): Name = "Supplier Part Number"; Value = "311-5.10KCRCT-ND"; VariantName = "[No Variations]"
Add component (AddParameter): Name = "Temperature Coefficient"; Value = "100ppm/°C"; VariantName = "[No Variations]"
Add component (AddParameter): Name = "Termination"; Value = "SMD/SMT"; VariantName = "[No Variations]"
Add component (AddParameter): Name = "Tolerance"; Value = "1%"; VariantName = "[No Variations]"
Add component (AddParameter): Name = "Value"; Value = "5.1kO"; VariantName = "[No Variations]"
Add component (AddParameter): Name = "Voltage Rating"; Value = "150V"; VariantName = "[No Variations]"
Add component (AddParameter): Name = "Voltage Rating (DC)"; Value = "150V"; VariantName = "[No Variations]"
Add component (AddParameter): Name = "Width"; Value = "1.25mm"; VariantName = "[No Variations]"
Add component (AddParameter): Name = "Working Voltage"; Value = "150V"; VariantName = "[No Variations]"
Added Component: Designator=SCKT FOR U1(28_DIP_7.62MM_SOCKET)
Add component (AddParameter): Name = "Category"; Value = "Connectors"; VariantName = "[No Variations]"
Add component (AddParameter): Name = "China RoHS"; Value = "Compliant"; VariantName = "[No Variations]"
Add component (AddParameter): Name = "ComponentLink1Description"; Value = "https://datasheet.octopart.com:443/4828-3004-CP-3M-datasheet-11754339.pdf?src-supplier=element14+APAC"; VariantName = "[No Variations]"
Add component (AddParameter): Name = "ComponentLink1URL"; Value = "https://datasheet.octopart.com:443/4828-3004-CP-3M-datasheet-11754339.pdf?src-supplier=element14+APAC"; VariantName = "[No Variations]"
Add component (AddParameter): Name = "ComponentLink2Description"; Value = "https://datasheet.octopart.com:443/4828-3004-CP-3M-datasheet-125432.pdf?src-supplier=Verical"; VariantName = "[No Variations]"
Add component (AddParameter): Name = "ComponentLink2URL"; Value = "https://datasheet.octopart.com:443/4828-3004-CP-3M-datasheet-125432.pdf?src-supplier=Verical"; VariantName = "[No Variations]"
Add component (AddParameter): Name = "ComponentLink3Description"; Value = "https://datasheet.octopart.com:443/4828-3004-CP-3M-datasheet-110561487.pdf?src-supplier=RS+(Formerly+Allied+Electronics)"; VariantName = "[No Variations]"
Add component (AddParameter): Name = "ComponentLink3URL"; Value = "https://datasheet.octopart.com:443/4828-3004-CP-3M-datasheet-110561487.pdf?src-supplier=RS+(Formerly+Allied+Electronics)"; VariantName = "[No Variations]"
Add component (AddParameter): Name = "ComponentLink4Description"; Value = "https://datasheet.octopart.com:443/4828-3004-CP-3M-datasheet-12002015.pdf?src-supplier=RS+(Formerly+Allied+Electronics)"; VariantName = "[No Variations]"
Add component (AddParameter): Name = "ComponentLink4URL"; Value = "https://datasheet.octopart.com:443/4828-3004-CP-3M-datasheet-12002015.pdf?src-supplier=RS+(Formerly+Allied+Electronics)"; VariantName = "[No Variations]"
Add component (AddParameter): Name = "ComponentLink5Description"; Value = "http://sigma.octopart.com:80/conflict_mineral_statement/3M-company-24.pdf?src-supplier=Compliance+Statements"; VariantName = "[No Variations]"
Add component (AddParameter): Name = "ComponentLink5URL"; Value = "http://sigma.octopart.com:80/conflict_mineral_statement/3M-company-24.pdf?src-supplier=Compliance+Statements"; VariantName = "[No Variations]"
Add component (AddParameter): Name = "Connector Type"; Value = "DIP, Socket"; VariantName = "[No Variations]"
Add component (AddParameter): Name = "Contact Material"; Value = "Bronze"; VariantName = "[No Variations]"
Add component (AddParameter): Name = "Contact Plating"; Value = "Tin"; VariantName = "[No Variations]"
Add component (AddParameter): Name = "Current Rating"; Value = "1A"; VariantName = "[No Variations]"
Add component (AddParameter): Name = "Depth"; Value = "5.08mm"; VariantName = "[No Variations]"
Add component (AddParameter): Name = "Export Control Classification Number (ECCN) Code"; Value = "EAR99"; VariantName = "[No Variations]"
Add component (AddParameter): Name = "Gender"; Value = "Female"; VariantName = "[No Variations]"
Add component (AddParameter): Name = "Harmonized Tariff Schedule (HTS) Code"; Value = "8536.69.40.40"; VariantName = "[No Variations]"
Add component (AddParameter): Name = "Housing Material"; Value = "Glass"; VariantName = "[No Variations]"
Add component (AddParameter): Name = "Insulation Resistance"; Value = "5GO"; VariantName = "[No Variations]"
Add component (AddParameter): Name = "Introduction Date"; Value = "2011-04-19"; VariantName = "[No Variations]"
Add component (AddParameter): Name = "Lead Free"; Value = "Lead Free"; VariantName = "[No Variations]"
Add component (AddParameter): Name = "Length"; Value = "35.43mm"; VariantName = "[No Variations]"
Add component (AddParameter): Name = "Lifecycle Status"; Value = "Production"; VariantName = "[No Variations]"
Add component (AddParameter): Name = "Manufacturer"; Value = "3M"; VariantName = "[No Variations]"
Add component (AddParameter): Name = "Manufacturer Part Number"; Value = "4828-3004-CP"; VariantName = "[No Variations]"
Add component (AddParameter): Name = "Max Operating Temperature"; Value = "85°C"; VariantName = "[No Variations]"
Add component (AddParameter): Name = "Min Operating Temperature"; Value = "-25°C"; VariantName = "[No Variations]"
Add component (AddParameter): Name = "Mounting Technology"; Value = "Through Hole"; VariantName = "[No Variations]"
Add component (AddParameter): Name = "Number of Contacts"; Value = "28"; VariantName = "[No Variations]"
Add component (AddParameter): Name = "Number of Positions"; Value = "28"; VariantName = "[No Variations]"
Add component (AddParameter): Name = "Number of Rows"; Value = "2"; VariantName = "[No Variations]"
Add component (AddParameter): Name = "Orientation"; Value = "Straight"; VariantName = "[No Variations]"
Add component (AddParameter): Name = "Pins"; Value = "28"; VariantName = "[No Variations]"
Add component (AddParameter): Name = "Pitch"; Value = "2.54mm"; VariantName = "[No Variations]"
Add component (AddParameter): Name = "Pricing"; Value = "1=1.68, 14=1.39, 28=1.32357, 56=1.26018, 112=1.19991, 252=1.13313, 504=1.07905, 1008=1.02754, 2506=0.96361 (USD)"; VariantName = "[No Variations]"
Add component (AddParameter): Name = "REACH SVHC"; Value = "Yes"; VariantName = "[No Variations]"
Add component (AddParameter): Name = "RoHS"; Value = "Compliant"; VariantName = "[No Variations]"
Add component (AddParameter): Name = "Row Spacing"; Value = "7.62mm"; VariantName = "[No Variations]"
Add component (AddParameter): Name = "Stock"; Value = "6938"; VariantName = "[No Variations]"
Add component (AddParameter): Name = "Supplier"; Value = "DigiKey"; VariantName = "[No Variations]"
Add component (AddParameter): Name = "Supplier Part Number"; Value = "3M5480-ND"; VariantName = "[No Variations]"
Add component (AddParameter): Name = "Terminal Pitch"; Value = "2.54mm"; VariantName = "[No Variations]"
Add component (AddParameter): Name = "Termination"; Value = "Solder"; VariantName = "[No Variations]"
Add component (AddParameter): Name = "Width"; Value = "10.16mm"; VariantName = "[No Variations]"
Added Component: Designator=SW1(1825910-6)
Add component (AddParameter): Name = "Actuator Length"; Value = "1.397mm"; VariantName = "[No Variations]"
Add component (AddParameter): Name = "Actuator Material"; Value = "PBT, Polyacetal, Resin"; VariantName = "[No Variations]"
Add component (AddParameter): Name = "Category"; Value = "Pushbutton Switches"; VariantName = "[No Variations]"
Add component (AddParameter): Name = "China RoHS"; Value = "Compliant"; VariantName = "[No Variations]"
Add component (AddParameter): Name = "Color"; Value = "Black"; VariantName = "[No Variations]"
Add component (AddParameter): Name = "ComponentLink1Description"; Value = "https://datasheet.octopart.com:443/1825910-6-TE-Connectivity-datasheet-10294628.pdf?src-supplier=HQonline"; VariantName = "[No Variations]"
Add component (AddParameter): Name = "ComponentLink1URL"; Value = "https://datasheet.octopart.com:443/1825910-6-TE-Connectivity-datasheet-10294628.pdf?src-supplier=HQonline"; VariantName = "[No Variations]"
Add component (AddParameter): Name = "ComponentLink2Description"; Value = "https://datasheet.octopart.com:443/1825910-6-TE-Connectivity-datasheet-179971975.pdf?src-supplier=IHS"; VariantName = "[No Variations]"
Add component (AddParameter): Name = "ComponentLink2URL"; Value = "https://datasheet.octopart.com:443/1825910-6-TE-Connectivity-datasheet-179971975.pdf?src-supplier=IHS"; VariantName = "[No Variations]"
Add component (AddParameter): Name = "ComponentLink3Description"; Value = "https://datasheet.octopart.com:443/FSM4JH-TE-Connectivity---AMP-datasheet-512274.pdf?src-supplier=IHS"; VariantName = "[No Variations]"
Add component (AddParameter): Name = "ComponentLink3URL"; Value = "https://datasheet.octopart.com:443/FSM4JH-TE-Connectivity---AMP-datasheet-512274.pdf?src-supplier=IHS"; VariantName = "[No Variations]"
Add component (AddParameter): Name = "ComponentLink4Description"; Value = "https://datasheet.octopart.com:443/1825910-6-TE-Connectivity---Alcoswitch-datasheet-181441334.pdf?src-supplier=IHS"; VariantName = "[No Variations]"
Add component (AddParameter): Name = "ComponentLink4URL"; Value = "https://datasheet.octopart.com:443/1825910-6-TE-Connectivity---Alcoswitch-datasheet-181441334.pdf?src-supplier=IHS"; VariantName = "[No Variations]"
Add component (AddParameter): Name = "ComponentLink5Description"; Value = "https://datasheet.octopart.com:443/FSM4JH-TE-Connectivity-datasheet-181317608.pdf?src-supplier=IHS"; VariantName = "[No Variations]"
Add component (AddParameter): Name = "ComponentLink5URL"; Value = "https://datasheet.octopart.com:443/FSM4JH-TE-Connectivity-datasheet-181317608.pdf?src-supplier=IHS"; VariantName = "[No Variations]"
Add component (AddParameter): Name = "ComponentLink6Description"; Value = "https://sigma.octopart.com:443/101748000/technical_drawing/TE-Connectivity-1825910-6.pdf?src-supplier=Sager+Electronics"; VariantName = "[No Variations]"
Add component (AddParameter): Name = "ComponentLink6URL"; Value = "https://sigma.octopart.com:443/101748000/technical_drawing/TE-Connectivity-1825910-6.pdf?src-supplier=Sager+Electronics"; VariantName = "[No Variations]"
Add component (AddParameter): Name = "ComponentLink7Description"; Value = "https://sigma.octopart.com:443/12291753/technical_drawing/TE-Connectivity-1825910-6.pdf?src-supplier=Burklin+Elektronik"; VariantName = "[No Variations]"
Add component (AddParameter): Name = "ComponentLink7URL"; Value = "https://sigma.octopart.com:443/12291753/technical_drawing/TE-Connectivity-1825910-6.pdf?src-supplier=Burklin+Elektronik"; VariantName = "[No Variations]"
Add component (AddParameter): Name = "ComponentLink8Description"; Value = "https://datasheet.octopart.com:443/FSM4JH-Tyco-Electronics-datasheet-5302851.pdf?src-supplier=Upverter"; VariantName = "[No Variations]"
Add component (AddParameter): Name = "ComponentLink8URL"; Value = "https://datasheet.octopart.com:443/FSM4JH-Tyco-Electronics-datasheet-5302851.pdf?src-supplier=Upverter"; VariantName = "[No Variations]"
Add component (AddParameter): Name = "ComponentLink9Description"; Value = "https://sigma.octopart.com:443/58177301/technical_drawing/TE-Connectivity-1825910-6.pdf?src-supplier=TE+Connectivity"; VariantName = "[No Variations]"
Add component (AddParameter): Name = "ComponentLink9URL"; Value = "https://sigma.octopart.com:443/58177301/technical_drawing/TE-Connectivity-1825910-6.pdf?src-supplier=TE+Connectivity"; VariantName = "[No Variations]"
Add component (AddParameter): Name = "ComponentLink10Description"; Value = "https://datasheet.octopart.com:443/1825910-6-TE-Connectivity-datasheet-33021037.pdf?src-supplier=Farnell"; VariantName = "[No Variations]"
Add component (AddParameter): Name = "ComponentLink10URL"; Value = "https://datasheet.octopart.com:443/1825910-6-TE-Connectivity-datasheet-33021037.pdf?src-supplier=Farnell"; VariantName = "[No Variations]"
Add component (AddParameter): Name = "ComponentLink11Description"; Value = "https://datasheet.octopart.com:443/FSM4JH-Tyco-Electronics-datasheet-12163206.pdf?src-supplier=Farnell"; VariantName = "[No Variations]"
Add component (AddParameter): Name = "ComponentLink11URL"; Value = "https://datasheet.octopart.com:443/FSM4JH-Tyco-Electronics-datasheet-12163206.pdf?src-supplier=Farnell"; VariantName = "[No Variations]"
Add component (AddParameter): Name = "ComponentLink12Description"; Value = "https://datasheet.octopart.com:443/FSM4JH-Alcoswitch-datasheet-41434433.pdf?src-supplier=Master+Electronics"; VariantName = "[No Variations]"
Add component (AddParameter): Name = "ComponentLink12URL"; Value = "https://datasheet.octopart.com:443/FSM4JH-Alcoswitch-datasheet-41434433.pdf?src-supplier=Master+Electronics"; VariantName = "[No Variations]"
Add component (AddParameter): Name = "ComponentLink13Description"; Value = "https://datasheet.octopart.com:443/1825910-6-TE-Connectivity---AMP-datasheet-189108451.pdf?src-supplier=Master+Electronics"; VariantName = "[No Variations]"
Add component (AddParameter): Name = "ComponentLink13URL"; Value = "https://datasheet.octopart.com:443/1825910-6-TE-Connectivity---AMP-datasheet-189108451.pdf?src-supplier=Master+Electronics"; VariantName = "[No Variations]"
Add component (AddParameter): Name = "ComponentLink14Description"; Value = "https://datasheet.octopart.com:443/1825910-6-TE-Connectivity-datasheet-145419878.pdf?src-supplier=RS+(Formerly+Allied+Electronics)"; VariantName = "[No Variations]"
Add component (AddParameter): Name = "ComponentLink14URL"; Value = "https://datasheet.octopart.com:443/1825910-6-TE-Connectivity-datasheet-145419878.pdf?src-supplier=RS+(Formerly+Allied+Electronics)"; VariantName = "[No Variations]"
Add component (AddParameter): Name = "ComponentLink15Description"; Value = "https://datasheet.octopart.com:443/FSM4JH-Agastat-datasheet-15984561.pdf?src-supplier=RS+(Formerly+Allied+Electronics)"; VariantName = "[No Variations]"
Add component (AddParameter): Name = "ComponentLink15URL"; Value = "https://datasheet.octopart.com:443/FSM4JH-Agastat-datasheet-15984561.pdf?src-supplier=RS+(Formerly+Allied+Electronics)"; VariantName = "[No Variations]"
Add component (AddParameter): Name = "ComponentLink16Description"; Value = "https://datasheet.octopart.com:443/1825910-6-TE-Connectivity-datasheet-140613545.pdf?src-supplier=TME"; VariantName = "[No Variations]"
Add component (AddParameter): Name = "ComponentLink16URL"; Value = "https://datasheet.octopart.com:443/1825910-6-TE-Connectivity-datasheet-140613545.pdf?src-supplier=TME"; VariantName = "[No Variations]"
Add component (AddParameter): Name = "ComponentLink17Description"; Value = "https://datasheet.octopart.com:443/1825910-6-TE-Connectivity---AMP-datasheet-23715110.pdf?src-supplier=Electro+Sonic"; VariantName = "[No Variations]"
Add component (AddParameter): Name = "ComponentLink17URL"; Value = "https://datasheet.octopart.com:443/1825910-6-TE-Connectivity---AMP-datasheet-23715110.pdf?src-supplier=Electro+Sonic"; VariantName = "[No Variations]"
Add component (AddParameter): Name = "ComponentLink18Description"; Value = "http://sigma.octopart.com:80/14574207/rohs_statement/TE-Connectivity-1825910-6.pdf?src-supplier=Compliance+Statements"; VariantName = "[No Variations]"
Add component (AddParameter): Name = "ComponentLink18URL"; Value = "http://sigma.octopart.com:80/14574207/rohs_statement/TE-Connectivity-1825910-6.pdf?src-supplier=Compliance+Statements"; VariantName = "[No Variations]"
Add component (AddParameter): Name = "ComponentLink19Description"; Value = "http://sigma.octopart.com:80/41598133/materials_sheet/TE-Connectivity-1825910-6.pdf?src-supplier=Compliance+Statements"; VariantName = "[No Variations]"
Add component (AddParameter): Name = "ComponentLink19URL"; Value = "http://sigma.octopart.com:80/41598133/materials_sheet/TE-Connectivity-1825910-6.pdf?src-supplier=Compliance+Statements"; VariantName = "[No Variations]"
Add component (AddParameter): Name = "ComponentLink20Description"; Value = "http://sigma.octopart.com:80/78006367/materials_sheet/TE-Connectivity-1825910-6.pdf?src-supplier=Compliance+Statements"; VariantName = "[No Variations]"
Add component (AddParameter): Name = "ComponentLink20URL"; Value = "http://sigma.octopart.com:80/78006367/materials_sheet/TE-Connectivity-1825910-6.pdf?src-supplier=Compliance+Statements"; VariantName = "[No Variations]"
Add component (AddParameter): Name = "ComponentLink21Description"; Value = "http://sigma.octopart.com:80/136693561/materials_sheet/TE-Connectivity-1825910-6.pdf?src-supplier=Compliance+Statements"; VariantName = "[No Variations]"
Add component (AddParameter): Name = "ComponentLink21URL"; Value = "http://sigma.octopart.com:80/136693561/materials_sheet/TE-Connectivity-1825910-6.pdf?src-supplier=Compliance+Statements"; VariantName = "[No Variations]"
Add component (AddParameter): Name = "ComponentLink22Description"; Value = "http://sigma.octopart.com:80/14555950/rohs_certificate/Agastat-FSM4JH.pdf?src-supplier=Compliance+Statements"; VariantName = "[No Variations]"
Add component (AddParameter): Name = "ComponentLink22URL"; Value = "http://sigma.octopart.com:80/14555950/rohs_certificate/Agastat-FSM4JH.pdf?src-supplier=Compliance+Statements"; VariantName = "[No Variations]"
Add component (AddParameter): Name = "Contact Current Rating"; Value = "50mA"; VariantName = "[No Variations]"
Add component (AddParameter): Name = "Contact Material"; Value = "Copper"; VariantName = "[No Variations]"
Add component (AddParameter): Name = "Contact Plating"; Value = "Silver"; VariantName = "[No Variations]"
Add component (AddParameter): Name = "Contact Resistance"; Value = "100mO"; VariantName = "[No Variations]"
Add component (AddParameter): Name = "Current Rating"; Value = "50mA"; VariantName = "[No Variations]"
Add component (AddParameter): Name = "Electrical Life"; Value = "100kcycles"; VariantName = "[No Variations]"
Add component (AddParameter): Name = "ELV"; Value = "Compliant"; VariantName = "[No Variations]"
Add component (AddParameter): Name = "Export Control Classification Number (ECCN) Code"; Value = "EAR99"; VariantName = "[No Variations]"
Add component (AddParameter): Name = "Harmonized Tariff Schedule (HTS) Code"; Value = "8536.50.90.40"; VariantName = "[No Variations]"
Add component (AddParameter): Name = "Height"; Value = "3.61mm"; VariantName = "[No Variations]"
Add component (AddParameter): Name = "Housing Material"; Value = "Nylon"; VariantName = "[No Variations]"
Add component (AddParameter): Name = "Illumination Type"; Value = "Illuminated, Non-Illuminated"; VariantName = "[No Variations]"
Add component (AddParameter): Name = "Insulation Resistance"; Value = "100MO"; VariantName = "[No Variations]"
Add component (AddParameter): Name = "Introduction Date"; Value = "2010-05-28"; VariantName = "[No Variations]"
Add component (AddParameter): Name = "Lead Free"; Value = "Lead Free"; VariantName = "[No Variations]"
Add component (AddParameter): Name = "Length"; Value = "5.99mm"; VariantName = "[No Variations]"
Add component (AddParameter): Name = "Life (Cycles)"; Value = "100kcycles"; VariantName = "[No Variations]"
Add component (AddParameter): Name = "Lifecycle Status"; Value = "Production"; VariantName = "[No Variations]"
Add component (AddParameter): Name = "Manufacturer"; Value = "TE Connectivity"; VariantName = "[No Variations]"
Add component (AddParameter): Name = "Manufacturer Lifecycle Status"; Value = "ACTIVE"; VariantName = "[No Variations]"
Add component (AddParameter): Name = "Manufacturer Part Number"; Value = "1825910-6"; VariantName = "[No Variations]"
Add component (AddParameter): Name = "Material"; Value = "Nylon"; VariantName = "[No Variations]"
Add component (AddParameter): Name = "Max Current Rating"; Value = "50mA"; VariantName = "[No Variations]"
Add component (AddParameter): Name = "Max Operating Temperature"; Value = "85°C"; VariantName = "[No Variations]"
Add component (AddParameter): Name = "Max Voltage Rating (DC)"; Value = "24V"; VariantName = "[No Variations]"
Add component (AddParameter): Name = "Mechanical Life"; Value = "100kcycles"; VariantName = "[No Variations]"
Add component (AddParameter): Name = "Min Operating Temperature"; Value = "-35°C"; VariantName = "[No Variations]"
Add component (AddParameter): Name = "Mounting Technology"; Value = "Through Hole"; VariantName = "[No Variations]"
Add component (AddParameter): Name = "Number of Positions"; Value = "1"; VariantName = "[No Variations]"
Add component (AddParameter): Name = "Operating Force"; Value = "1.568N"; VariantName = "[No Variations]"
Add component (AddParameter): Name = "Orientation"; Value = "Straight"; VariantName = "[No Variations]"
Add component (AddParameter): Name = "Packaging"; Value = "Bulk"; VariantName = "[No Variations]"
Add component (AddParameter): Name = "Pricing"; Value = "1=0.13, 10=0.114, 25=0.1072, 100=0.0965, 250=0.08964, 750=0.0818, 1500=0.07721, 3000=0.07292, 5250=0.06972 (USD)"; VariantName = "[No Variations]"
Add component (AddParameter): Name = "REACH SVHC"; Value = "Yes"; VariantName = "[No Variations]"
Add component (AddParameter): Name = "RoHS"; Value = "Compliant"; VariantName = "[No Variations]"
Add component (AddParameter): Name = "Stock"; Value = "42535"; VariantName = "[No Variations]"
Add component (AddParameter): Name = "Supplier"; Value = "DigiKey"; VariantName = "[No Variations]"
Add component (AddParameter): Name = "Supplier Part Number"; Value = "450-1650-ND"; VariantName = "[No Variations]"
Add component (AddParameter): Name = "Switch Function"; Value = "Off-Mom"; VariantName = "[No Variations]"
Add component (AddParameter): Name = "Switch Travel"; Value = "250µm"; VariantName = "[No Variations]"
Add component (AddParameter): Name = "Termination"; Value = "PC Pin, PC Pins"; VariantName = "[No Variations]"
Add component (AddParameter): Name = "Throw Configuration"; Value = "SPST"; VariantName = "[No Variations]"
Add component (AddParameter): Name = "Type"; Value = "Switch"; VariantName = "[No Variations]"
Add component (AddParameter): Name = "Voltage Rating (DC)"; Value = "24V"; VariantName = "[No Variations]"
Add component (AddParameter): Name = "Width"; Value = "6mm"; VariantName = "[No Variations]"
Added Component: Designator=SW2(1825910-6)
Add component (AddParameter): Name = "Actuator Length"; Value = "1.397mm"; VariantName = "[No Variations]"
Add component (AddParameter): Name = "Actuator Material"; Value = "PBT, Polyacetal, Resin"; VariantName = "[No Variations]"
Add component (AddParameter): Name = "Category"; Value = "Pushbutton Switches"; VariantName = "[No Variations]"
Add component (AddParameter): Name = "China RoHS"; Value = "Compliant"; VariantName = "[No Variations]"
Add component (AddParameter): Name = "Color"; Value = "Black"; VariantName = "[No Variations]"
Add component (AddParameter): Name = "ComponentLink1Description"; Value = "https://datasheet.octopart.com:443/1825910-6-TE-Connectivity-datasheet-10294628.pdf?src-supplier=HQonline"; VariantName = "[No Variations]"
Add component (AddParameter): Name = "ComponentLink1URL"; Value = "https://datasheet.octopart.com:443/1825910-6-TE-Connectivity-datasheet-10294628.pdf?src-supplier=HQonline"; VariantName = "[No Variations]"
Add component (AddParameter): Name = "ComponentLink2Description"; Value = "https://datasheet.octopart.com:443/1825910-6-TE-Connectivity-datasheet-179971975.pdf?src-supplier=IHS"; VariantName = "[No Variations]"
Add component (AddParameter): Name = "ComponentLink2URL"; Value = "https://datasheet.octopart.com:443/1825910-6-TE-Connectivity-datasheet-179971975.pdf?src-supplier=IHS"; VariantName = "[No Variations]"
Add component (AddParameter): Name = "ComponentLink3Description"; Value = "https://datasheet.octopart.com:443/FSM4JH-TE-Connectivity---AMP-datasheet-512274.pdf?src-supplier=IHS"; VariantName = "[No Variations]"
Add component (AddParameter): Name = "ComponentLink3URL"; Value = "https://datasheet.octopart.com:443/FSM4JH-TE-Connectivity---AMP-datasheet-512274.pdf?src-supplier=IHS"; VariantName = "[No Variations]"
Add component (AddParameter): Name = "ComponentLink4Description"; Value = "https://datasheet.octopart.com:443/1825910-6-TE-Connectivity---Alcoswitch-datasheet-181441334.pdf?src-supplier=IHS"; VariantName = "[No Variations]"
Add component (AddParameter): Name = "ComponentLink4URL"; Value = "https://datasheet.octopart.com:443/1825910-6-TE-Connectivity---Alcoswitch-datasheet-181441334.pdf?src-supplier=IHS"; VariantName = "[No Variations]"
Add component (AddParameter): Name = "ComponentLink5Description"; Value = "https://datasheet.octopart.com:443/FSM4JH-TE-Connectivity-datasheet-181317608.pdf?src-supplier=IHS"; VariantName = "[No Variations]"
Add component (AddParameter): Name = "ComponentLink5URL"; Value = "https://datasheet.octopart.com:443/FSM4JH-TE-Connectivity-datasheet-181317608.pdf?src-supplier=IHS"; VariantName = "[No Variations]"
Add component (AddParameter): Name = "ComponentLink6Description"; Value = "https://sigma.octopart.com:443/101748000/technical_drawing/TE-Connectivity-1825910-6.pdf?src-supplier=Sager+Electronics"; VariantName = "[No Variations]"
Add component (AddParameter): Name = "ComponentLink6URL"; Value = "https://sigma.octopart.com:443/101748000/technical_drawing/TE-Connectivity-1825910-6.pdf?src-supplier=Sager+Electronics"; VariantName = "[No Variations]"
Add component (AddParameter): Name = "ComponentLink7Description"; Value = "https://sigma.octopart.com:443/12291753/technical_drawing/TE-Connectivity-1825910-6.pdf?src-supplier=Burklin+Elektronik"; VariantName = "[No Variations]"
Add component (AddParameter): Name = "ComponentLink7URL"; Value = "https://sigma.octopart.com:443/12291753/technical_drawing/TE-Connectivity-1825910-6.pdf?src-supplier=Burklin+Elektronik"; VariantName = "[No Variations]"
Add component (AddParameter): Name = "ComponentLink8Description"; Value = "https://datasheet.octopart.com:443/FSM4JH-Tyco-Electronics-datasheet-5302851.pdf?src-supplier=Upverter"; VariantName = "[No Variations]"
Add component (AddParameter): Name = "ComponentLink8URL"; Value = "https://datasheet.octopart.com:443/FSM4JH-Tyco-Electronics-datasheet-5302851.pdf?src-supplier=Upverter"; VariantName = "[No Variations]"
Add component (AddParameter): Name = "ComponentLink9Description"; Value = "https://sigma.octopart.com:443/58177301/technical_drawing/TE-Connectivity-1825910-6.pdf?src-supplier=TE+Connectivity"; VariantName = "[No Variations]"
Add component (AddParameter): Name = "ComponentLink9URL"; Value = "https://sigma.octopart.com:443/58177301/technical_drawing/TE-Connectivity-1825910-6.pdf?src-supplier=TE+Connectivity"; VariantName = "[No Variations]"
Add component (AddParameter): Name = "ComponentLink10Description"; Value = "https://datasheet.octopart.com:443/1825910-6-TE-Connectivity-datasheet-33021037.pdf?src-supplier=Farnell"; VariantName = "[No Variations]"
Add component (AddParameter): Name = "ComponentLink10URL"; Value = "https://datasheet.octopart.com:443/1825910-6-TE-Connectivity-datasheet-33021037.pdf?src-supplier=Farnell"; VariantName = "[No Variations]"
Add component (AddParameter): Name = "ComponentLink11Description"; Value = "https://datasheet.octopart.com:443/FSM4JH-Tyco-Electronics-datasheet-12163206.pdf?src-supplier=Farnell"; VariantName = "[No Variations]"
Add component (AddParameter): Name = "ComponentLink11URL"; Value = "https://datasheet.octopart.com:443/FSM4JH-Tyco-Electronics-datasheet-12163206.pdf?src-supplier=Farnell"; VariantName = "[No Variations]"
Add component (AddParameter): Name = "ComponentLink12Description"; Value = "https://datasheet.octopart.com:443/FSM4JH-Alcoswitch-datasheet-41434433.pdf?src-supplier=Master+Electronics"; VariantName = "[No Variations]"
Add component (AddParameter): Name = "ComponentLink12URL"; Value = "https://datasheet.octopart.com:443/FSM4JH-Alcoswitch-datasheet-41434433.pdf?src-supplier=Master+Electronics"; VariantName = "[No Variations]"
Add component (AddParameter): Name = "ComponentLink13Description"; Value = "https://datasheet.octopart.com:443/1825910-6-TE-Connectivity---AMP-datasheet-189108451.pdf?src-supplier=Master+Electronics"; VariantName = "[No Variations]"
Add component (AddParameter): Name = "ComponentLink13URL"; Value = "https://datasheet.octopart.com:443/1825910-6-TE-Connectivity---AMP-datasheet-189108451.pdf?src-supplier=Master+Electronics"; VariantName = "[No Variations]"
Add component (AddParameter): Name = "ComponentLink14Description"; Value = "https://datasheet.octopart.com:443/1825910-6-TE-Connectivity-datasheet-145419878.pdf?src-supplier=RS+(Formerly+Allied+Electronics)"; VariantName = "[No Variations]"
Add component (AddParameter): Name = "ComponentLink14URL"; Value = "https://datasheet.octopart.com:443/1825910-6-TE-Connectivity-datasheet-145419878.pdf?src-supplier=RS+(Formerly+Allied+Electronics)"; VariantName = "[No Variations]"
Add component (AddParameter): Name = "ComponentLink15Description"; Value = "https://datasheet.octopart.com:443/FSM4JH-Agastat-datasheet-15984561.pdf?src-supplier=RS+(Formerly+Allied+Electronics)"; VariantName = "[No Variations]"
Add component (AddParameter): Name = "ComponentLink15URL"; Value = "https://datasheet.octopart.com:443/FSM4JH-Agastat-datasheet-15984561.pdf?src-supplier=RS+(Formerly+Allied+Electronics)"; VariantName = "[No Variations]"
Add component (AddParameter): Name = "ComponentLink16Description"; Value = "https://datasheet.octopart.com:443/1825910-6-TE-Connectivity-datasheet-140613545.pdf?src-supplier=TME"; VariantName = "[No Variations]"
Add component (AddParameter): Name = "ComponentLink16URL"; Value = "https://datasheet.octopart.com:443/1825910-6-TE-Connectivity-datasheet-140613545.pdf?src-supplier=TME"; VariantName = "[No Variations]"
Add component (AddParameter): Name = "ComponentLink17Description"; Value = "https://datasheet.octopart.com:443/1825910-6-TE-Connectivity---AMP-datasheet-23715110.pdf?src-supplier=Electro+Sonic"; VariantName = "[No Variations]"
Add component (AddParameter): Name = "ComponentLink17URL"; Value = "https://datasheet.octopart.com:443/1825910-6-TE-Connectivity---AMP-datasheet-23715110.pdf?src-supplier=Electro+Sonic"; VariantName = "[No Variations]"
Add component (AddParameter): Name = "ComponentLink18Description"; Value = "http://sigma.octopart.com:80/14574207/rohs_statement/TE-Connectivity-1825910-6.pdf?src-supplier=Compliance+Statements"; VariantName = "[No Variations]"
Add component (AddParameter): Name = "ComponentLink18URL"; Value = "http://sigma.octopart.com:80/14574207/rohs_statement/TE-Connectivity-1825910-6.pdf?src-supplier=Compliance+Statements"; VariantName = "[No Variations]"
Add component (AddParameter): Name = "ComponentLink19Description"; Value = "http://sigma.octopart.com:80/41598133/materials_sheet/TE-Connectivity-1825910-6.pdf?src-supplier=Compliance+Statements"; VariantName = "[No Variations]"
Add component (AddParameter): Name = "ComponentLink19URL"; Value = "http://sigma.octopart.com:80/41598133/materials_sheet/TE-Connectivity-1825910-6.pdf?src-supplier=Compliance+Statements"; VariantName = "[No Variations]"
Add component (AddParameter): Name = "ComponentLink20Description"; Value = "http://sigma.octopart.com:80/78006367/materials_sheet/TE-Connectivity-1825910-6.pdf?src-supplier=Compliance+Statements"; VariantName = "[No Variations]"
Add component (AddParameter): Name = "ComponentLink20URL"; Value = "http://sigma.octopart.com:80/78006367/materials_sheet/TE-Connectivity-1825910-6.pdf?src-supplier=Compliance+Statements"; VariantName = "[No Variations]"
Add component (AddParameter): Name = "ComponentLink21Description"; Value = "http://sigma.octopart.com:80/136693561/materials_sheet/TE-Connectivity-1825910-6.pdf?src-supplier=Compliance+Statements"; VariantName = "[No Variations]"
Add component (AddParameter): Name = "ComponentLink21URL"; Value = "http://sigma.octopart.com:80/136693561/materials_sheet/TE-Connectivity-1825910-6.pdf?src-supplier=Compliance+Statements"; VariantName = "[No Variations]"
Add component (AddParameter): Name = "ComponentLink22Description"; Value = "http://sigma.octopart.com:80/14555950/rohs_certificate/Agastat-FSM4JH.pdf?src-supplier=Compliance+Statements"; VariantName = "[No Variations]"
Add component (AddParameter): Name = "ComponentLink22URL"; Value = "http://sigma.octopart.com:80/14555950/rohs_certificate/Agastat-FSM4JH.pdf?src-supplier=Compliance+Statements"; VariantName = "[No Variations]"
Add component (AddParameter): Name = "Contact Current Rating"; Value = "50mA"; VariantName = "[No Variations]"
Add component (AddParameter): Name = "Contact Material"; Value = "Copper"; VariantName = "[No Variations]"
Add component (AddParameter): Name = "Contact Plating"; Value = "Silver"; VariantName = "[No Variations]"
Add component (AddParameter): Name = "Contact Resistance"; Value = "100mO"; VariantName = "[No Variations]"
Add component (AddParameter): Name = "Current Rating"; Value = "50mA"; VariantName = "[No Variations]"
Add component (AddParameter): Name = "Electrical Life"; Value = "100kcycles"; VariantName = "[No Variations]"
Add component (AddParameter): Name = "ELV"; Value = "Compliant"; VariantName = "[No Variations]"
Add component (AddParameter): Name = "Export Control Classification Number (ECCN) Code"; Value = "EAR99"; VariantName = "[No Variations]"
Add component (AddParameter): Name = "Harmonized Tariff Schedule (HTS) Code"; Value = "8536.50.90.40"; VariantName = "[No Variations]"
Add component (AddParameter): Name = "Height"; Value = "3.61mm"; VariantName = "[No Variations]"
Add component (AddParameter): Name = "Housing Material"; Value = "Nylon"; VariantName = "[No Variations]"
Add component (AddParameter): Name = "Illumination Type"; Value = "Illuminated, Non-Illuminated"; VariantName = "[No Variations]"
Add component (AddParameter): Name = "Insulation Resistance"; Value = "100MO"; VariantName = "[No Variations]"
Add component (AddParameter): Name = "Introduction Date"; Value = "2010-05-28"; VariantName = "[No Variations]"
Add component (AddParameter): Name = "Lead Free"; Value = "Lead Free"; VariantName = "[No Variations]"
Add component (AddParameter): Name = "Length"; Value = "5.99mm"; VariantName = "[No Variations]"
Add component (AddParameter): Name = "Life (Cycles)"; Value = "100kcycles"; VariantName = "[No Variations]"
Add component (AddParameter): Name = "Lifecycle Status"; Value = "Production"; VariantName = "[No Variations]"
Add component (AddParameter): Name = "Manufacturer"; Value = "TE Connectivity"; VariantName = "[No Variations]"
Add component (AddParameter): Name = "Manufacturer Lifecycle Status"; Value = "ACTIVE"; VariantName = "[No Variations]"
Add component (AddParameter): Name = "Manufacturer Part Number"; Value = "1825910-6"; VariantName = "[No Variations]"
Add component (AddParameter): Name = "Material"; Value = "Nylon"; VariantName = "[No Variations]"
Add component (AddParameter): Name = "Max Current Rating"; Value = "50mA"; VariantName = "[No Variations]"
Add component (AddParameter): Name = "Max Operating Temperature"; Value = "85°C"; VariantName = "[No Variations]"
Add component (AddParameter): Name = "Max Voltage Rating (DC)"; Value = "24V"; VariantName = "[No Variations]"
Add component (AddParameter): Name = "Mechanical Life"; Value = "100kcycles"; VariantName = "[No Variations]"
Add component (AddParameter): Name = "Min Operating Temperature"; Value = "-35°C"; VariantName = "[No Variations]"
Add component (AddParameter): Name = "Mounting Technology"; Value = "Through Hole"; VariantName = "[No Variations]"
Add component (AddParameter): Name = "Number of Positions"; Value = "1"; VariantName = "[No Variations]"
Add component (AddParameter): Name = "Operating Force"; Value = "1.568N"; VariantName = "[No Variations]"
Add component (AddParameter): Name = "Orientation"; Value = "Straight"; VariantName = "[No Variations]"
Add component (AddParameter): Name = "Packaging"; Value = "Bulk"; VariantName = "[No Variations]"
Add component (AddParameter): Name = "Pricing"; Value = "1=0.13, 10=0.114, 25=0.1072, 100=0.0965, 250=0.08964, 750=0.0818, 1500=0.07721, 3000=0.07292, 5250=0.06972 (USD)"; VariantName = "[No Variations]"
Add component (AddParameter): Name = "REACH SVHC"; Value = "Yes"; VariantName = "[No Variations]"
Add component (AddParameter): Name = "RoHS"; Value = "Compliant"; VariantName = "[No Variations]"
Add component (AddParameter): Name = "Stock"; Value = "42535"; VariantName = "[No Variations]"
Add component (AddParameter): Name = "Supplier"; Value = "DigiKey"; VariantName = "[No Variations]"
Add component (AddParameter): Name = "Supplier Part Number"; Value = "450-1650-ND"; VariantName = "[No Variations]"
Add component (AddParameter): Name = "Switch Function"; Value = "Off-Mom"; VariantName = "[No Variations]"
Add component (AddParameter): Name = "Switch Travel"; Value = "250µm"; VariantName = "[No Variations]"
Add component (AddParameter): Name = "Termination"; Value = "PC Pin, PC Pins"; VariantName = "[No Variations]"
Add component (AddParameter): Name = "Throw Configuration"; Value = "SPST"; VariantName = "[No Variations]"
Add component (AddParameter): Name = "Type"; Value = "Switch"; VariantName = "[No Variations]"
Add component (AddParameter): Name = "Voltage Rating (DC)"; Value = "24V"; VariantName = "[No Variations]"
Add component (AddParameter): Name = "Width"; Value = "6mm"; VariantName = "[No Variations]"
Added Component: Designator=U1(Atmega328p)
Add component (AddParameter): Name = "Case/Package"; Value = "PDIP"; VariantName = "[No Variations]"
Add component (AddParameter): Name = "Category"; Value = "Microcontrollers"; VariantName = "[No Variations]"
Add component (AddParameter): Name = "Clock Frequency"; Value = "20MHz"; VariantName = "[No Variations]"
Add component (AddParameter): Name = "ComponentLink1Description"; Value = "https://datasheet.octopart.com:443/ATMEGA328P-PU-Microchip-datasheet-147334532.pdf?src-supplier=Microchip"; VariantName = "[No Variations]"
Add component (AddParameter): Name = "ComponentLink1URL"; Value = "https://datasheet.octopart.com:443/ATMEGA328P-PU-Microchip-datasheet-147334532.pdf?src-supplier=Microchip"; VariantName = "[No Variations]"
Add component (AddParameter): Name = "ComponentLink2Description"; Value = "https://datasheet.octopart.com:443/ATMEGA328P-PU-Microchip-datasheet-148646239.pdf?src-supplier=Microchip"; VariantName = "[No Variations]"
Add component (AddParameter): Name = "ComponentLink2URL"; Value = "https://datasheet.octopart.com:443/ATMEGA328P-PU-Microchip-datasheet-148646239.pdf?src-supplier=Microchip"; VariantName = "[No Variations]"
Add component (AddParameter): Name = "ComponentLink3Description"; Value = "https://datasheet.octopart.com:443/ATMEGA328P-PU-Microchip-datasheet-68295846.pdf?src-supplier=SHENGYU+ELECTRONICS"; VariantName = "[No Variations]"
Add component (AddParameter): Name = "ComponentLink3URL"; Value = "https://datasheet.octopart.com:443/ATMEGA328P-PU-Microchip-datasheet-68295846.pdf?src-supplier=SHENGYU+ELECTRONICS"; VariantName = "[No Variations]"
Add component (AddParameter): Name = "ComponentLink4Description"; Value = "https://datasheet.octopart.com:443/ATMEGA328P-PU-Microchip-datasheet-14421303.pdf?src-supplier=Upverter"; VariantName = "[No Variations]"
Add component (AddParameter): Name = "ComponentLink4URL"; Value = "https://datasheet.octopart.com:443/ATMEGA328P-PU-Microchip-datasheet-14421303.pdf?src-supplier=Upverter"; VariantName = "[No Variations]"
Add component (AddParameter): Name = "ComponentLink5Description"; Value = "https://datasheet.octopart.com:443/ATMEGA328P-PU-Atmel-datasheet-34147914.pdf?src-supplier=Upverter"; VariantName = "[No Variations]"
Add component (AddParameter): Name = "ComponentLink5URL"; Value = "https://datasheet.octopart.com:443/ATMEGA328P-PU-Atmel-datasheet-34147914.pdf?src-supplier=Upverter"; VariantName = "[No Variations]"
Add component (AddParameter): Name = "ComponentLink6Description"; Value = "https://datasheet.octopart.com:443/ATMEGA328P-PU-Atmel-datasheet-14353408.pdf?src-supplier=Upverter"; VariantName = "[No Variations]"
Add component (AddParameter): Name = "ComponentLink6URL"; Value = "https://datasheet.octopart.com:443/ATMEGA328P-PU-Atmel-datasheet-14353408.pdf?src-supplier=Upverter"; VariantName = "[No Variations]"
Add component (AddParameter): Name = "ComponentLink7Description"; Value = "https://datasheet.octopart.com:443/ATMEGA328P-PU-Microchip-datasheet-133520744.pdf?src-supplier=LKR"; VariantName = "[No Variations]"
Add component (AddParameter): Name = "ComponentLink7URL"; Value = "https://datasheet.octopart.com:443/ATMEGA328P-PU-Microchip-datasheet-133520744.pdf?src-supplier=LKR"; VariantName = "[No Variations]"
Add component (AddParameter): Name = "ComponentLink8Description"; Value = "https://datasheet.octopart.com:443/ATMEGA328P-PU-Microchip-datasheet-62316222.pdf?src-supplier=element14+APAC"; VariantName = "[No Variations]"
Add component (AddParameter): Name = "ComponentLink8URL"; Value = "https://datasheet.octopart.com:443/ATMEGA328P-PU-Microchip-datasheet-62316222.pdf?src-supplier=element14+APAC"; VariantName = "[No Variations]"
Add component (AddParameter): Name = "ComponentLink9Description"; Value = "https://datasheet.octopart.com:443/ATMEGA328P-PU-Atmel-datasheet-13381135.pdf?src-supplier=element14+APAC"; VariantName = "[No Variations]"
Add component (AddParameter): Name = "ComponentLink9URL"; Value = "https://datasheet.octopart.com:443/ATMEGA328P-PU-Atmel-datasheet-13381135.pdf?src-supplier=element14+APAC"; VariantName = "[No Variations]"
Add component (AddParameter): Name = "ComponentLink10Description"; Value = "https://datasheet.octopart.com:443/ATMEGA328P-PU-Microchip-datasheet-154741723.pdf?src-supplier=Electro+Sonic"; VariantName = "[No Variations]"
Add component (AddParameter): Name = "ComponentLink10URL"; Value = "https://datasheet.octopart.com:443/ATMEGA328P-PU-Microchip-datasheet-154741723.pdf?src-supplier=Electro+Sonic"; VariantName = "[No Variations]"
Add component (AddParameter): Name = "ComponentLink11Description"; Value = "https://datasheet.octopart.com:443/ATMEGA328P-PU-Microchip-datasheet-100453898.pdf?src-supplier=Burklin+Elektronik"; VariantName = "[No Variations]"
Add component (AddParameter): Name = "ComponentLink11URL"; Value = "https://datasheet.octopart.com:443/ATMEGA328P-PU-Microchip-datasheet-100453898.pdf?src-supplier=Burklin+Elektronik"; VariantName = "[No Variations]"
Add component (AddParameter): Name = "ComponentLink12Description"; Value = "https://datasheet.octopart.com:443/ATMEGA328P-PU-Atmel-datasheet-30457899.pdf?src-supplier=Seeed+Studio"; VariantName = "[No Variations]"
Add component (AddParameter): Name = "ComponentLink12URL"; Value = "https://datasheet.octopart.com:443/ATMEGA328P-PU-Atmel-datasheet-30457899.pdf?src-supplier=Seeed+Studio"; VariantName = "[No Variations]"
Add component (AddParameter): Name = "ComponentLink13Description"; Value = "https://datasheet.octopart.com:443/ATMEGA328P-PU-Microchip-datasheet-10842036.pdf?src-supplier=SOS+electronic"; VariantName = "[No Variations]"
Add component (AddParameter): Name = "ComponentLink13URL"; Value = "https://datasheet.octopart.com:443/ATMEGA328P-PU-Microchip-datasheet-10842036.pdf?src-supplier=SOS+electronic"; VariantName = "[No Variations]"
Add component (AddParameter): Name = "ComponentLink14Description"; Value = "https://datasheet.octopart.com:443/ATMEGA328P-PU-Microchip-datasheet-8364063.pdf?src-supplier=Jameco"; VariantName = "[No Variations]"
Add component (AddParameter): Name = "ComponentLink14URL"; Value = "https://datasheet.octopart.com:443/ATMEGA328P-PU-Microchip-datasheet-8364063.pdf?src-supplier=Jameco"; VariantName = "[No Variations]"
Add component (AddParameter): Name = "ComponentLink15Description"; Value = "https://datasheet.octopart.com:443/ATMEGA328P-PU-Microchip-datasheet-154323124.pdf?src-supplier=Jameco"; VariantName = "[No Variations]"
Add component (AddParameter): Name = "ComponentLink15URL"; Value = "https://datasheet.octopart.com:443/ATMEGA328P-PU-Microchip-datasheet-154323124.pdf?src-supplier=Jameco"; VariantName = "[No Variations]"
Add component (AddParameter): Name = "ComponentLink16Description"; Value = "https://datasheet.octopart.com:443/ATMEGA328P-PU-Atmel-datasheet-10389530.pdf?src-supplier=Newark"; VariantName = "[No Variations]"
Add component (AddParameter): Name = "ComponentLink16URL"; Value = "https://datasheet.octopart.com:443/ATMEGA328P-PU-Atmel-datasheet-10389530.pdf?src-supplier=Newark"; VariantName = "[No Variations]"
Add component (AddParameter): Name = "ComponentLink17Description"; Value = "https://datasheet.octopart.com:443/ATMEGA328P-PU-Microchip-datasheet-65729177.pdf?src-supplier=TME"; VariantName = "[No Variations]"
Add component (AddParameter): Name = "ComponentLink17URL"; Value = "https://datasheet.octopart.com:443/ATMEGA328P-PU-Microchip-datasheet-65729177.pdf?src-supplier=TME"; VariantName = "[No Variations]"
Add component (AddParameter): Name = "ComponentLink18Description"; Value = "https://datasheet.octopart.com:443/ATMEGA328P-PU-Microchip-datasheet-101746195.pdf?src-supplier=Future+Electronics"; VariantName = "[No Variations]"
Add component (AddParameter): Name = "ComponentLink18URL"; Value = "https://datasheet.octopart.com:443/ATMEGA328P-PU-Microchip-datasheet-101746195.pdf?src-supplier=Future+Electronics"; VariantName = "[No Variations]"
Add component (AddParameter): Name = "ComponentLink19Description"; Value = "http://sigma.octopart.com:80/188450569/materials_sheet/Microchip-ATMEGA328P-PU.pdf?src-supplier=Compliance+Statements"; VariantName = "[No Variations]"
Add component (AddParameter): Name = "ComponentLink19URL"; Value = "http://sigma.octopart.com:80/188450569/materials_sheet/Microchip-ATMEGA328P-PU.pdf?src-supplier=Compliance+Statements"; VariantName = "[No Variations]"
Add component (AddParameter): Name = "ComponentLink20Description"; Value = "http://sigma.octopart.com:80/rohs_statement/Microchip-company-71.pdf?src-supplier=Compliance+Statements"; VariantName = "[No Variations]"
Add component (AddParameter): Name = "ComponentLink20URL"; Value = "http://sigma.octopart.com:80/rohs_statement/Microchip-company-71.pdf?src-supplier=Compliance+Statements"; VariantName = "[No Variations]"
Add component (AddParameter): Name = "ComponentLink21Description"; Value = "http://sigma.octopart.com:80/reach_statement/Microchip-company-70.pdf?src-supplier=Compliance+Statements"; VariantName = "[No Variations]"
Add component (AddParameter): Name = "ComponentLink21URL"; Value = "http://sigma.octopart.com:80/reach_statement/Microchip-company-70.pdf?src-supplier=Compliance+Statements"; VariantName = "[No Variations]"
Add component (AddParameter): Name = "ComponentLink22Description"; Value = "http://sigma.octopart.com:80/conflict_mineral_statement/Microchip-company-69.pdf?src-supplier=Compliance+Statements"; VariantName = "[No Variations]"
Add component (AddParameter): Name = "ComponentLink22URL"; Value = "http://sigma.octopart.com:80/conflict_mineral_statement/Microchip-company-69.pdf?src-supplier=Compliance+Statements"; VariantName = "[No Variations]"
Add component (AddParameter): Name = "ComponentLink23Description"; Value = "http://sigma.octopart.com:80/conflict_mineral_statement/Microchip-company-68.pdf?src-supplier=Compliance+Statements"; VariantName = "[No Variations]"
Add component (AddParameter): Name = "ComponentLink23URL"; Value = "http://sigma.octopart.com:80/conflict_mineral_statement/Microchip-company-68.pdf?src-supplier=Compliance+Statements"; VariantName = "[No Variations]"
Add component (AddParameter): Name = "ComponentLink24Description"; Value = "http://sigma.octopart.com:80/reach_statement/Atmel-company-6.pdf?src-supplier=Compliance+Statements"; VariantName = "[No Variations]"
Add component (AddParameter): Name = "ComponentLink24URL"; Value = "http://sigma.octopart.com:80/reach_statement/Atmel-company-6.pdf?src-supplier=Compliance+Statements"; VariantName = "[No Variations]"
Add component (AddParameter): Name = "ComponentLink25Description"; Value = "http://sigma.octopart.com:80/rohs_statement/Atmel-company-5.pdf?src-supplier=Compliance+Statements"; VariantName = "[No Variations]"
Add component (AddParameter): Name = "ComponentLink25URL"; Value = "http://sigma.octopart.com:80/rohs_statement/Atmel-company-5.pdf?src-supplier=Compliance+Statements"; VariantName = "[No Variations]"
Add component (AddParameter): Name = "ComponentLink26Description"; Value = "http://sigma.octopart.com:80/rohs_statement/Atmel-company-4.pdf?src-supplier=Compliance+Statements"; VariantName = "[No Variations]"
Add component (AddParameter): Name = "ComponentLink26URL"; Value = "http://sigma.octopart.com:80/rohs_statement/Atmel-company-4.pdf?src-supplier=Compliance+Statements"; VariantName = "[No Variations]"
Add component (AddParameter): Name = "Contact Plating"; Value = "Tin"; VariantName = "[No Variations]"
Add component (AddParameter): Name = "Core Architecture"; Value = "AVR"; VariantName = "[No Variations]"
Add component (AddParameter): Name = "Country of Assembly"; Value = "Thailand"; VariantName = "[No Variations]"
Add component (AddParameter): Name = "Country of Fabrication"; Value = "United States of America"; VariantName = "[No Variations]"
Add component (AddParameter): Name = "Country of Origin"; Value = "Thailand"; VariantName = "[No Variations]"
Add component (AddParameter): Name = "Data Bus Width"; Value = "8b"; VariantName = "[No Variations]"
Add component (AddParameter): Name = "Export Control Classification Number (ECCN) Code"; Value = "EAR99"; VariantName = "[No Variations]"
Add component (AddParameter): Name = "Frequency"; Value = "20MHz"; VariantName = "[No Variations]"
Add component (AddParameter): Name = "Harmonized Tariff Schedule (HTS) Code"; Value = "8542.31.0015"; VariantName = "[No Variations]"
Add component (AddParameter): Name = "Height"; Value = "3.28mm"; VariantName = "[No Variations]"
Add component (AddParameter): Name = "Interface"; Value = "2-Wire, I2C, SPI, UART, USART"; VariantName = "[No Variations]"
Add component (AddParameter): Name = "Lead Free"; Value = "Lead Free"; VariantName = "[No Variations]"
Add component (AddParameter): Name = "Length"; Value = "37.4mm"; VariantName = "[No Variations]"
Add component (AddParameter): Name = "Lifecycle Status"; Value = "Production"; VariantName = "[No Variations]"
Add component (AddParameter): Name = "Manufacturer"; Value = "Microchip"; VariantName = "[No Variations]"
Add component (AddParameter): Name = "Manufacturer Lifecycle Status"; Value = "REL"; VariantName = "[No Variations]"
Add component (AddParameter): Name = "Manufacturer Part Number"; Value = "ATMEGA328P-PU"; VariantName = "[No Variations]"
Add component (AddParameter): Name = "Max Operating Temperature"; Value = "85°C"; VariantName = "[No Variations]"
Add component (AddParameter): Name = "Max Supply Voltage"; Value = "5.5V"; VariantName = "[No Variations]"
Add component (AddParameter): Name = "Memory Format"; Value = "FLASH"; VariantName = "[No Variations]"
Add component (AddParameter): Name = "Memory Size"; Value = "32kB"; VariantName = "[No Variations]"
Add component (AddParameter): Name = "Min Operating Temperature"; Value = "-40°C"; VariantName = "[No Variations]"
Add component (AddParameter): Name = "Min Supply Voltage"; Value = "1.8V"; VariantName = "[No Variations]"
Add component (AddParameter): Name = "Mounting Technology"; Value = "Through Hole"; VariantName = "[No Variations]"
Add component (AddParameter): Name = "Number of ADC Channels"; Value = "6"; VariantName = "[No Variations]"
Add component (AddParameter): Name = "Number of I2C Channels"; Value = "1"; VariantName = "[No Variations]"
Add component (AddParameter): Name = "Number of I/Os"; Value = "23"; VariantName = "[No Variations]"
Add component (AddParameter): Name = "Number of Programmable I/O"; Value = "23"; VariantName = "[No Variations]"
Add component (AddParameter): Name = "Number of PWM Channels"; Value = "6"; VariantName = "[No Variations]"
Add component (AddParameter): Name = "Number of SPI Channels"; Value = "1"; VariantName = "[No Variations]"
Add component (AddParameter): Name = "Number of Timers/Counters"; Value = "3"; VariantName = "[No Variations]"
Add component (AddParameter): Name = "Oscillator Type"; Value = "Internal"; VariantName = "[No Variations]"
Add component (AddParameter): Name = "Peripherals"; Value = "Brown-out Detect/Reset, POR, PWM, WDT"; VariantName = "[No Variations]"
Add component (AddParameter): Name = "Pins"; Value = "28"; VariantName = "[No Variations]"
Add component (AddParameter): Name = "Pricing"; Value = "1=2.89, 25=2.65, 100=2.39 (USD)"; VariantName = "[No Variations]"
Add component (AddParameter): Name = "Projected EOL Date"; Value = "2039-11-04"; VariantName = "[No Variations]"
Add component (AddParameter): Name = "Radiation Hardening"; Value = "No"; VariantName = "[No Variations]"
Add component (AddParameter): Name = "RAM Size"; Value = "2kB"; VariantName = "[No Variations]"
Add component (AddParameter): Name = "REACH SVHC"; Value = "No"; VariantName = "[No Variations]"
Add component (AddParameter): Name = "RoHS"; Value = "Compliant"; VariantName = "[No Variations]"
Add component (AddParameter): Name = "Schedule B"; Value = "8542310000, 8542310000|8542310000|8542310000|8542310000|8542310000"; VariantName = "[No Variations]"
Add component (AddParameter): Name = "Stock"; Value = "52205"; VariantName = "[No Variations]"
Add component (AddParameter): Name = "Supplier"; Value = "DigiKey"; VariantName = "[No Variations]"
Add component (AddParameter): Name = "Supplier Part Number"; Value = "ATMEGA328P-PU-ND"; VariantName = "[No Variations]"
Add component (AddParameter): Name = "Watchdog Timer"; Value = "Yes"; VariantName = "[No Variations]"
Add component (AddParameter): Name = "Width"; Value = "6.76mm"; VariantName = "[No Variations]"
Added Component: Designator=U2(ATMEGA16U2-AU-32pin)
Add component (AddParameter): Name = "Case/Package"; Value = "TQFP"; VariantName = "[No Variations]"
Add component (AddParameter): Name = "Category"; Value = "Microcontrollers"; VariantName = "[No Variations]"
Add component (AddParameter): Name = "Clock Frequency"; Value = "16MHz"; VariantName = "[No Variations]"
Add component (AddParameter): Name = "ComponentLink1Description"; Value = "https://datasheet.octopart.com:443/ATMEGA16U2-AU-Microchip-datasheet-175858400.pdf?src-supplier=Microchip"; VariantName = "[No Variations]"
Add component (AddParameter): Name = "ComponentLink1URL"; Value = "https://datasheet.octopart.com:443/ATMEGA16U2-AU-Microchip-datasheet-175858400.pdf?src-supplier=Microchip"; VariantName = "[No Variations]"
Add component (AddParameter): Name = "ComponentLink2Description"; Value = "https://datasheet.octopart.com:443/ATMEGA16U2-AU-Microchip-datasheet-13413706.pdf?src-supplier=Farnell"; VariantName = "[No Variations]"
Add component (AddParameter): Name = "ComponentLink2URL"; Value = "https://datasheet.octopart.com:443/ATMEGA16U2-AU-Microchip-datasheet-13413706.pdf?src-supplier=Farnell"; VariantName = "[No Variations]"
Add component (AddParameter): Name = "ComponentLink3Description"; Value = "https://datasheet.octopart.com:443/ATMEGA16U2-AU-Microchip-datasheet-14435305.pdf?src-supplier=LKR"; VariantName = "[No Variations]"
Add component (AddParameter): Name = "ComponentLink3URL"; Value = "https://datasheet.octopart.com:443/ATMEGA16U2-AU-Microchip-datasheet-14435305.pdf?src-supplier=LKR"; VariantName = "[No Variations]"
Add component (AddParameter): Name = "ComponentLink4Description"; Value = "https://datasheet.octopart.com:443/ATMEGA16U2-AU-Atmel-datasheet-24967522.pdf?src-supplier=Newark"; VariantName = "[No Variations]"
Add component (AddParameter): Name = "ComponentLink4URL"; Value = "https://datasheet.octopart.com:443/ATMEGA16U2-AU-Atmel-datasheet-24967522.pdf?src-supplier=Newark"; VariantName = "[No Variations]"
Add component (AddParameter): Name = "ComponentLink5Description"; Value = "https://datasheet.octopart.com:443/ATMEGA16U2-AU-Atmel-datasheet-10031542.pdf?src-supplier=_legacy+Avnet"; VariantName = "[No Variations]"
Add component (AddParameter): Name = "ComponentLink5URL"; Value = "https://datasheet.octopart.com:443/ATMEGA16U2-AU-Atmel-datasheet-10031542.pdf?src-supplier=_legacy+Avnet"; VariantName = "[No Variations]"
Add component (AddParameter): Name = "ComponentLink6Description"; Value = "https://datasheet.octopart.com:443/ATMEGA16U2-AU-Atmel-datasheet-8702439.pdf?src-supplier=_legacy+Avnet"; VariantName = "[No Variations]"
Add component (AddParameter): Name = "ComponentLink6URL"; Value = "https://datasheet.octopart.com:443/ATMEGA16U2-AU-Atmel-datasheet-8702439.pdf?src-supplier=_legacy+Avnet"; VariantName = "[No Variations]"
Add component (AddParameter): Name = "ComponentLink7Description"; Value = "https://datasheet.octopart.com:443/ATMEGA16U2-AU-Atmel-datasheet-8367484.pdf?src-supplier=_legacy+Avnet"; VariantName = "[No Variations]"
Add component (AddParameter): Name = "ComponentLink7URL"; Value = "https://datasheet.octopart.com:443/ATMEGA16U2-AU-Atmel-datasheet-8367484.pdf?src-supplier=_legacy+Avnet"; VariantName = "[No Variations]"
Add component (AddParameter): Name = "ComponentLink8Description"; Value = "http://sigma.octopart.com:80/188450247/materials_sheet/Microchip-ATMEGA16U2-AU.pdf?src-supplier=Compliance+Statements"; VariantName = "[No Variations]"
Add component (AddParameter): Name = "ComponentLink8URL"; Value = "http://sigma.octopart.com:80/188450247/materials_sheet/Microchip-ATMEGA16U2-AU.pdf?src-supplier=Compliance+Statements"; VariantName = "[No Variations]"
Add component (AddParameter): Name = "ComponentLink9Description"; Value = "http://sigma.octopart.com:80/rohs_statement/Microchip-company-71.pdf?src-supplier=Compliance+Statements"; VariantName = "[No Variations]"
Add component (AddParameter): Name = "ComponentLink9URL"; Value = "http://sigma.octopart.com:80/rohs_statement/Microchip-company-71.pdf?src-supplier=Compliance+Statements"; VariantName = "[No Variations]"
Add component (AddParameter): Name = "ComponentLink10Description"; Value = "http://sigma.octopart.com:80/reach_statement/Microchip-company-70.pdf?src-supplier=Compliance+Statements"; VariantName = "[No Variations]"
Add component (AddParameter): Name = "ComponentLink10URL"; Value = "http://sigma.octopart.com:80/reach_statement/Microchip-company-70.pdf?src-supplier=Compliance+Statements"; VariantName = "[No Variations]"
Add component (AddParameter): Name = "ComponentLink11Description"; Value = "http://sigma.octopart.com:80/conflict_mineral_statement/Microchip-company-69.pdf?src-supplier=Compliance+Statements"; VariantName = "[No Variations]"
Add component (AddParameter): Name = "ComponentLink11URL"; Value = "http://sigma.octopart.com:80/conflict_mineral_statement/Microchip-company-69.pdf?src-supplier=Compliance+Statements"; VariantName = "[No Variations]"
Add component (AddParameter): Name = "ComponentLink12Description"; Value = "http://sigma.octopart.com:80/conflict_mineral_statement/Microchip-company-68.pdf?src-supplier=Compliance+Statements"; VariantName = "[No Variations]"
Add component (AddParameter): Name = "ComponentLink12URL"; Value = "http://sigma.octopart.com:80/conflict_mineral_statement/Microchip-company-68.pdf?src-supplier=Compliance+Statements"; VariantName = "[No Variations]"
Add component (AddParameter): Name = "ComponentLink13Description"; Value = "http://sigma.octopart.com:80/reach_statement/Atmel-company-6.pdf?src-supplier=Compliance+Statements"; VariantName = "[No Variations]"
Add component (AddParameter): Name = "ComponentLink13URL"; Value = "http://sigma.octopart.com:80/reach_statement/Atmel-company-6.pdf?src-supplier=Compliance+Statements"; VariantName = "[No Variations]"
Add component (AddParameter): Name = "ComponentLink14Description"; Value = "http://sigma.octopart.com:80/rohs_statement/Atmel-company-5.pdf?src-supplier=Compliance+Statements"; VariantName = "[No Variations]"
Add component (AddParameter): Name = "ComponentLink14URL"; Value = "http://sigma.octopart.com:80/rohs_statement/Atmel-company-5.pdf?src-supplier=Compliance+Statements"; VariantName = "[No Variations]"
Add component (AddParameter): Name = "ComponentLink15Description"; Value = "http://sigma.octopart.com:80/rohs_statement/Atmel-company-4.pdf?src-supplier=Compliance+Statements"; VariantName = "[No Variations]"
Add component (AddParameter): Name = "ComponentLink15URL"; Value = "http://sigma.octopart.com:80/rohs_statement/Atmel-company-4.pdf?src-supplier=Compliance+Statements"; VariantName = "[No Variations]"
Add component (AddParameter): Name = "Contact Plating"; Value = "Tin"; VariantName = "[No Variations]"
Add component (AddParameter): Name = "Core Architecture"; Value = "AVR"; VariantName = "[No Variations]"
Add component (AddParameter): Name = "Country of Assembly"; Value = "Philippines"; VariantName = "[No Variations]"
Add component (AddParameter): Name = "Country of Fabrication"; Value = "United States of America"; VariantName = "[No Variations]"
Add component (AddParameter): Name = "Country of Origin"; Value = "Philippines"; VariantName = "[No Variations]"
Add component (AddParameter): Name = "Data Bus Width"; Value = "8b"; VariantName = "[No Variations]"
Add component (AddParameter): Name = "Export Control Classification Number (ECCN) Code"; Value = "EAR99"; VariantName = "[No Variations]"
Add component (AddParameter): Name = "Frequency"; Value = "16MHz"; VariantName = "[No Variations]"
Add component (AddParameter): Name = "Harmonized Tariff Schedule (HTS) Code"; Value = "8542.31.0015"; VariantName = "[No Variations]"
Add component (AddParameter): Name = "Height"; Value = "1.05mm"; VariantName = "[No Variations]"
Add component (AddParameter): Name = "Interface"; Value = "SPI, Serial, UART, USART, USB"; VariantName = "[No Variations]"
Add component (AddParameter): Name = "Lead Free"; Value = "Lead Free"; VariantName = "[No Variations]"
Add component (AddParameter): Name = "Length"; Value = "7mm"; VariantName = "[No Variations]"
Add component (AddParameter): Name = "Lifecycle Status"; Value = "Production"; VariantName = "[No Variations]"
Add component (AddParameter): Name = "Manufacturer"; Value = "Microchip"; VariantName = "[No Variations]"
Add component (AddParameter): Name = "Manufacturer Lifecycle Status"; Value = "REL"; VariantName = "[No Variations]"
Add component (AddParameter): Name = "Manufacturer Part Number"; Value = "ATMEGA16U2-AU"; VariantName = "[No Variations]"
Add component (AddParameter): Name = "Max Operating Temperature"; Value = "85°C"; VariantName = "[No Variations]"
Add component (AddParameter): Name = "Max Supply Voltage"; Value = "5.5V"; VariantName = "[No Variations]"
Add component (AddParameter): Name = "Memory Format"; Value = "FLASH"; VariantName = "[No Variations]"
Add component (AddParameter): Name = "Memory Size"; Value = "16kB"; VariantName = "[No Variations]"
Add component (AddParameter): Name = "Min Operating Temperature"; Value = "-40°C"; VariantName = "[No Variations]"
Add component (AddParameter): Name = "Min Supply Voltage"; Value = "2.7V"; VariantName = "[No Variations]"
Add component (AddParameter): Name = "Mounting Technology"; Value = "Surface Mount"; VariantName = "[No Variations]"
Add component (AddParameter): Name = "Number of I/Os"; Value = "22"; VariantName = "[No Variations]"
Add component (AddParameter): Name = "Number of Programmable I/O"; Value = "22"; VariantName = "[No Variations]"
Add component (AddParameter): Name = "Number of PWM Channels"; Value = "5"; VariantName = "[No Variations]"
Add component (AddParameter): Name = "Number of SPI Channels"; Value = "1"; VariantName = "[No Variations]"
Add component (AddParameter): Name = "Number of Timers/Counters"; Value = "2"; VariantName = "[No Variations]"
Add component (AddParameter): Name = "Oscillator Type"; Value = "Internal"; VariantName = "[No Variations]"
Add component (AddParameter): Name = "Peripherals"; Value = "Brown-out Detect/Reset, POR, PWM, WDT"; VariantName = "[No Variations]"
Add component (AddParameter): Name = "Pins"; Value = "32"; VariantName = "[No Variations]"
Add component (AddParameter): Name = "Pricing"; Value = "1=3.24, 25=2.97, 100=2.7 (USD)"; VariantName = "[No Variations]"
Add component (AddParameter): Name = "Projected EOL Date"; Value = "2039-11-08"; VariantName = "[No Variations]"
Add component (AddParameter): Name = "RAM Size"; Value = "512B"; VariantName = "[No Variations]"
Add component (AddParameter): Name = "REACH SVHC"; Value = "No"; VariantName = "[No Variations]"
Add component (AddParameter): Name = "RoHS"; Value = "Compliant"; VariantName = "[No Variations]"
Add component (AddParameter): Name = "Schedule B"; Value = "8542310000, 8542310000|8542310000|8542310000|8542310000|8542310000|8542310000|8542310000|8542310000|8542310000|8542310000|8542310000|8542310000|8542310000|8542310000|8542310000|8542310000|8542310000|8542310000|8542310000|8542310000|8542310000|8542310000|8542310000|85"; VariantName = "[No Variations]"
Add component (AddParameter): Name = "Stock"; Value = "24901"; VariantName = "[No Variations]"
Add component (AddParameter): Name = "Supplier"; Value = "DigiKey"; VariantName = "[No Variations]"
Add component (AddParameter): Name = "Supplier Part Number"; Value = "ATMEGA16U2-AU-ND"; VariantName = "[No Variations]"
Add component (AddParameter): Name = "Watchdog Timer"; Value = "Yes"; VariantName = "[No Variations]"
Add component (AddParameter): Name = "Width"; Value = "7mm"; VariantName = "[No Variations]"
Added Component: Designator=U3(DCQ/SOT223)
Add component (AddParameter): Name = "Accuracy"; Value = "3%"; VariantName = "[No Variations]"
Add component (AddParameter): Name = "Case/Package"; Value = "SOT-223"; VariantName = "[No Variations]"
Add component (AddParameter): Name = "Category"; Value = "LDO Voltage Regulators"; VariantName = "[No Variations]"
Add component (AddParameter): Name = "ComponentLink1Description"; Value = "https://sigma.octopart.com:443/157894086/technical_drawing/Texas-Instruments-TL1963A-33DCQR.pdf?src-supplier=Texas+Instruments"; VariantName = "[No Variations]"
Add component (AddParameter): Name = "ComponentLink1URL"; Value = "https://sigma.octopart.com:443/157894086/technical_drawing/Texas-Instruments-TL1963A-33DCQR.pdf?src-supplier=Texas+Instruments"; VariantName = "[No Variations]"
Add component (AddParameter): Name = "ComponentLink2Description"; Value = "https://octopart.com:443/opatz8j6/c1?t=A_ORigk5aGF7bBkyuLKPlau5ZQ0J1QAP-YuYOjz7dFDR9zEeb7LxB7_eH02NxcyUijxPKVfH1WQr8c_nxrATfKoM8QL7t8HPpakOLUXNxuyf0JzYIbV_xacaY0u9R180nLTrqmobk9DPtbBXLpEEs7NohqsKsyEIwR4JNlZET34ITMUcUHZpgzms3v4ZgiyUq7lybyRDv5jdiMp8c34ldl68JStn_D8AC92RTy7wWI3bvK12O5WlPbA8hzqGoP3if-DShyoq4EnbWplGeNB1WxXYVz4XAC9RAUedshjQq5Z8Fx4dyYSVmj1a6gNVmcBD0yzCRkynEBnilSrMqi5ym-tA0dZqiiMeCqyTd8T8uK_HXunUNEGs-FXWo0VuhxY4H8HduFo&src-supplier=Texas+Instruments"; VariantName = "[No Variations]"
Add component (AddParameter): Name = "ComponentLink2URL"; Value = "https://octopart.com:443/opatz8j6/c1?t=A_ORigk5aGF7bBkyuLKPlau5ZQ0J1QAP-YuYOjz7dFDR9zEeb7LxB7_eH02NxcyUijxPKVfH1WQr8c_nxrATfKoM8QL7t8HPpakOLUXNxuyf0JzYIbV_xacaY0u9R180nLTrqmobk9DPtbBXLpEEs7NohqsKsyEIwR4JNlZET34ITMUcUHZpgzms3v4ZgiyUq7lybyRDv5jdiMp8c34ldl68JStn_D8AC92RTy7wWI3bvK12O5WlPbA8hzqGoP3if-DShyoq4EnbWplGeNB1WxXYVz4XAC9RAUedshjQq5Z8Fx4dyYSVmj1a6gNVmcBD0yzCRkynEBnilSrMqi5ym-tA0dZqiiMeCqyTd8T8uK_HXunUNEGs-FXWo0VuhxY4H8HduFo&src-supplier=Texas+Instruments"; VariantName = "[No Variations]"
Add component (AddParameter): Name = "ComponentLink3Description"; Value = "https://datasheet.octopart.com:443/TL1963A-33DCQR-Texas-Instruments-datasheet-36835243.pdf?src-supplier=Texas+Instruments"; VariantName = "[No Variations]"
Add component (AddParameter): Name = "ComponentLink3URL"; Value = "https://datasheet.octopart.com:443/TL1963A-33DCQR-Texas-Instruments-datasheet-36835243.pdf?src-supplier=Texas+Instruments"; VariantName = "[No Variations]"
Add component (AddParameter): Name = "ComponentLink4Description"; Value = "https://sigma.octopart.com:443/49257225/technical_drawing/Texas-Instruments-TL1963A-33DCQR.pdf?src-supplier=Texas+Instruments"; VariantName = "[No Variations]"
Add component (AddParameter): Name = "ComponentLink4URL"; Value = "https://sigma.octopart.com:443/49257225/technical_drawing/Texas-Instruments-TL1963A-33DCQR.pdf?src-supplier=Texas+Instruments"; VariantName = "[No Variations]"
Add component (AddParameter): Name = "ComponentLink5Description"; Value = "https://datasheet.octopart.com:443/TL1963A-33DCQR-Texas-Instruments-datasheet-10255270.pdf?src-supplier=Texas+Instruments"; VariantName = "[No Variations]"
Add component (AddParameter): Name = "ComponentLink5URL"; Value = "https://datasheet.octopart.com:443/TL1963A-33DCQR-Texas-Instruments-datasheet-10255270.pdf?src-supplier=Texas+Instruments"; VariantName = "[No Variations]"
Add component (AddParameter): Name = "ComponentLink6Description"; Value = "https://datasheet.octopart.com:443/TL1963A-33DCQR-Texas-Instruments-datasheet-159117591.pdf?src-supplier=Augswan"; VariantName = "[No Variations]"
Add component (AddParameter): Name = "ComponentLink6URL"; Value = "https://datasheet.octopart.com:443/TL1963A-33DCQR-Texas-Instruments-datasheet-159117591.pdf?src-supplier=Augswan"; VariantName = "[No Variations]"
Add component (AddParameter): Name = "ComponentLink7Description"; Value = "https://datasheet.octopart.com:443/TL1963A-33DCQR-Texas-Instruments-datasheet-14437412.pdf?src-supplier=HQonline"; VariantName = "[No Variations]"
Add component (AddParameter): Name = "ComponentLink7URL"; Value = "https://datasheet.octopart.com:443/TL1963A-33DCQR-Texas-Instruments-datasheet-14437412.pdf?src-supplier=HQonline"; VariantName = "[No Variations]"
Add component (AddParameter): Name = "ComponentLink8Description"; Value = "http://sigma.octopart.com:80/reach_statement/Texas-Instruments-company-64.pdf?src-supplier=Compliance+Statements"; VariantName = "[No Variations]"
Add component (AddParameter): Name = "ComponentLink8URL"; Value = "http://sigma.octopart.com:80/reach_statement/Texas-Instruments-company-64.pdf?src-supplier=Compliance+Statements"; VariantName = "[No Variations]"
Add component (AddParameter): Name = "ComponentLink9Description"; Value = "http://sigma.octopart.com:80/conflict_mineral_statement/Texas-Instruments-company-63.pdf?src-supplier=Compliance+Statements"; VariantName = "[No Variations]"
Add component (AddParameter): Name = "ComponentLink9URL"; Value = "http://sigma.octopart.com:80/conflict_mineral_statement/Texas-Instruments-company-63.pdf?src-supplier=Compliance+Statements"; VariantName = "[No Variations]"
Add component (AddParameter): Name = "Contact Plating"; Value = "Gold"; VariantName = "[No Variations]"
Add component (AddParameter): Name = "Dropout Voltage"; Value = "340mV"; VariantName = "[No Variations]"
Add component (AddParameter): Name = "Height"; Value = "0m"; VariantName = "[No Variations]"
Add component (AddParameter): Name = "Input Bias Current"; Value = "1mA"; VariantName = "[No Variations]"
Add component (AddParameter): Name = "Lead Free"; Value = "Lead Free"; VariantName = "[No Variations]"
Add component (AddParameter): Name = "Length"; Value = "6.5mm"; VariantName = "[No Variations]"
Add component (AddParameter): Name = "Lifecycle Status"; Value = "Production"; VariantName = "[No Variations]"
Add component (AddParameter): Name = "Manufacturer"; Value = "Texas Instruments"; VariantName = "[No Variations]"
Add component (AddParameter): Name = "Manufacturer Lifecycle Status"; Value = "ACTIVE"; VariantName = "[No Variations]"
Add component (AddParameter): Name = "Manufacturer Part Number"; Value = "TL1963A-33DCQR"; VariantName = "[No Variations]"
Add component (AddParameter): Name = "Max Operating Temperature"; Value = "125°C"; VariantName = "[No Variations]"
Add component (AddParameter): Name = "Max Output current"; Value = "1.5A"; VariantName = "[No Variations]"
Add component (AddParameter): Name = "Max Output Voltage"; Value = "3.3V"; VariantName = "[No Variations]"
Add component (AddParameter): Name = "Max Supply Voltage"; Value = "20V"; VariantName = "[No Variations]"
Add component (AddParameter): Name = "Min Current Limit"; Value = "1.6A"; VariantName = "[No Variations]"
Add component (AddParameter): Name = "Min Input Voltage"; Value = "2.1V"; VariantName = "[No Variations]"
Add component (AddParameter): Name = "Min Operating Temperature"; Value = "-40°C"; VariantName = "[No Variations]"
Add component (AddParameter): Name = "Min Output Voltage"; Value = "3.3V"; VariantName = "[No Variations]"
Add component (AddParameter): Name = "Number of Outputs"; Value = "1"; VariantName = "[No Variations]"
Add component (AddParameter): Name = "Number of Regulators"; Value = "1"; VariantName = "[No Variations]"
Add component (AddParameter): Name = "Output Current"; Value = "1.5A"; VariantName = "[No Variations]"
Add component (AddParameter): Name = "Output Type"; Value = "Fixed"; VariantName = "[No Variations]"
Add component (AddParameter): Name = "Output Voltage"; Value = "3.3V"; VariantName = "[No Variations]"
Add component (AddParameter): Name = "Packaging"; Value = "Tape and Reel"; VariantName = "[No Variations]"
Add component (AddParameter): Name = "Pins"; Value = "6"; VariantName = "[No Variations]"
Add component (AddParameter): Name = "Polarity"; Value = "Positive"; VariantName = "[No Variations]"
Add component (AddParameter): Name = "Pricing"; Value = "1=3.97, 10=3.001, 25=2.7572, 100=2.4897, 250=2.36204, 500=2.34702 (USD)"; VariantName = "[No Variations]"
Add component (AddParameter): Name = "Quiescent Current"; Value = "1mA"; VariantName = "[No Variations]"
Add component (AddParameter): Name = "Radiation Hardening"; Value = "No"; VariantName = "[No Variations]"
Add component (AddParameter): Name = "RoHS"; Value = "Compliant"; VariantName = "[No Variations]"
Add component (AddParameter): Name = "Schedule B"; Value = "8542390000, 8542390000|8542390000|8542390000|8542390000|8542390000"; VariantName = "[No Variations]"
Add component (AddParameter): Name = "Stock"; Value = "6684"; VariantName = "[No Variations]"
Add component (AddParameter): Name = "Supplier"; Value = "DigiKey"; VariantName = "[No Variations]"
Add component (AddParameter): Name = "Supplier Part Number"; Value = "296-24534-1-ND"; VariantName = "[No Variations]"
Add component (AddParameter): Name = "Thickness"; Value = "1.6mm"; VariantName = "[No Variations]"
Add component (AddParameter): Name = "Width"; Value = "3.5mm"; VariantName = "[No Variations]"
Added Component: Designator=U4(SOT-753)
Add component (AddParameter): Name = "Ambient Temperature Range High"; Value = "125°C"; VariantName = "[No Variations]"
Add component (AddParameter): Name = "Case/Package"; Value = "SOT-23"; VariantName = "[No Variations]"
Add component (AddParameter): Name = "Category"; Value = "Logic Gates"; VariantName = "[No Variations]"
Add component (AddParameter): Name = "ComponentLink1Description"; Value = "https://sigma.octopart.com:443/177332311/technical_drawing/Texas-Instruments-SN74AHC1G09DBVR.pdf?src-supplier=Texas+Instruments"; VariantName = "[No Variations]"
Add component (AddParameter): Name = "ComponentLink1URL"; Value = "https://sigma.octopart.com:443/177332311/technical_drawing/Texas-Instruments-SN74AHC1G09DBVR.pdf?src-supplier=Texas+Instruments"; VariantName = "[No Variations]"
Add component (AddParameter): Name = "ComponentLink2Description"; Value = "https://octopart.com:443/opatz8j6/c1?t=xSDM6Y7vRA3VOV__tdlGJD6XqrI5pTw5i1DQ4LS1U5AGemWWlRfvGm74QeITGOyIfDpd6SmltVwzu4BYBYUZVFRy68kYHFyvMpVcEkGMkUTlsM1Xa0fIGPKBKo2z9NQDG2oVb2buPhbwVXHKT6zYY_NOlt07Q0OBJOkn_DETFwRH35BQWWiNMtYxVpnBPBMt9qB2A-ejQGiPhqnRDfajPyAS-f5gu_qaLgvkxyOdysEkivw28KVzcUIkX-luzr1GpNiFXo8sKM-C2ltugJe8JeHts_LmFPwNT6uD6qyGXGyvlzAxOakazSwFBiMdRhReJnRVqRrXR8k1FSzHlxBVsAjw60WZZT7wNC2HkcR1O_nECOXDSMA9Usnw_KO4XzZXY5guGS7ioOo&src-supplier=Texas+Instruments"; VariantName = "[No Variations]"
Add component (AddParameter): Name = "ComponentLink2URL"; Value = "https://octopart.com:443/opatz8j6/c1?t=xSDM6Y7vRA3VOV__tdlGJD6XqrI5pTw5i1DQ4LS1U5AGemWWlRfvGm74QeITGOyIfDpd6SmltVwzu4BYBYUZVFRy68kYHFyvMpVcEkGMkUTlsM1Xa0fIGPKBKo2z9NQDG2oVb2buPhbwVXHKT6zYY_NOlt07Q0OBJOkn_DETFwRH35BQWWiNMtYxVpnBPBMt9qB2A-ejQGiPhqnRDfajPyAS-f5gu_qaLgvkxyOdysEkivw28KVzcUIkX-luzr1GpNiFXo8sKM-C2ltugJe8JeHts_LmFPwNT6uD6qyGXGyvlzAxOakazSwFBiMdRhReJnRVqRrXR8k1FSzHlxBVsAjw60WZZT7wNC2HkcR1O_nECOXDSMA9Usnw_KO4XzZXY5guGS7ioOo&src-supplier=Texas+Instruments"; VariantName = "[No Variations]"
Add component (AddParameter): Name = "ComponentLink3Description"; Value = "https://datasheet.octopart.com:443/SN74AHC1G09DBVR-Texas-Instruments-datasheet-37726925.pdf?src-supplier=Texas+Instruments"; VariantName = "[No Variations]"
Add component (AddParameter): Name = "ComponentLink3URL"; Value = "https://datasheet.octopart.com:443/SN74AHC1G09DBVR-Texas-Instruments-datasheet-37726925.pdf?src-supplier=Texas+Instruments"; VariantName = "[No Variations]"
Add component (AddParameter): Name = "ComponentLink4Description"; Value = "https://sigma.octopart.com:443/175570406/technical_drawing/Texas-Instruments-SN74AHC1G09DBVR.pdf?src-supplier=Texas+Instruments"; VariantName = "[No Variations]"
Add component (AddParameter): Name = "ComponentLink4URL"; Value = "https://sigma.octopart.com:443/175570406/technical_drawing/Texas-Instruments-SN74AHC1G09DBVR.pdf?src-supplier=Texas+Instruments"; VariantName = "[No Variations]"
Add component (AddParameter): Name = "ComponentLink5Description"; Value = "https://sigma.octopart.com:443/169406034/technical_drawing/Texas-Instruments-SN74AHC1G09DBVR.pdf?src-supplier=Texas+Instruments"; VariantName = "[No Variations]"
Add component (AddParameter): Name = "ComponentLink5URL"; Value = "https://sigma.octopart.com:443/169406034/technical_drawing/Texas-Instruments-SN74AHC1G09DBVR.pdf?src-supplier=Texas+Instruments"; VariantName = "[No Variations]"
Add component (AddParameter): Name = "ComponentLink6Description"; Value = "https://sigma.octopart.com:443/155939316/technical_drawing/Texas-Instruments-SN74AHC1G09DBVR.pdf?src-supplier=Texas+Instruments"; VariantName = "[No Variations]"
Add component (AddParameter): Name = "ComponentLink6URL"; Value = "https://sigma.octopart.com:443/155939316/technical_drawing/Texas-Instruments-SN74AHC1G09DBVR.pdf?src-supplier=Texas+Instruments"; VariantName = "[No Variations]"
Add component (AddParameter): Name = "ComponentLink7Description"; Value = "https://sigma.octopart.com:443/102331370/technical_drawing/Texas-Instruments-SN74AHC1G09DBVR.pdf?src-supplier=Texas+Instruments"; VariantName = "[No Variations]"
Add component (AddParameter): Name = "ComponentLink7URL"; Value = "https://sigma.octopart.com:443/102331370/technical_drawing/Texas-Instruments-SN74AHC1G09DBVR.pdf?src-supplier=Texas+Instruments"; VariantName = "[No Variations]"
Add component (AddParameter): Name = "ComponentLink8Description"; Value = "https://sigma.octopart.com:443/49249325/technical_drawing/Texas-Instruments-SN74AHC1G09DBVR.pdf?src-supplier=Texas+Instruments"; VariantName = "[No Variations]"
Add component (AddParameter): Name = "ComponentLink8URL"; Value = "https://sigma.octopart.com:443/49249325/technical_drawing/Texas-Instruments-SN74AHC1G09DBVR.pdf?src-supplier=Texas+Instruments"; VariantName = "[No Variations]"
Add component (AddParameter): Name = "ComponentLink9Description"; Value = "https://datasheet.octopart.com:443/SN74AHC1G09DBVR-Texas-Instruments-datasheet-21221312.pdf?src-supplier=Upverter"; VariantName = "[No Variations]"
Add component (AddParameter): Name = "ComponentLink9URL"; Value = "https://datasheet.octopart.com:443/SN74AHC1G09DBVR-Texas-Instruments-datasheet-21221312.pdf?src-supplier=Upverter"; VariantName = "[No Variations]"
Add component (AddParameter): Name = "ComponentLink10Description"; Value = "https://datasheet.octopart.com:443/SN74AHC1G09DBVR-Texas-Instruments-datasheet-62088831.pdf?src-supplier=Newark"; VariantName = "[No Variations]"
Add component (AddParameter): Name = "ComponentLink10URL"; Value = "https://datasheet.octopart.com:443/SN74AHC1G09DBVR-Texas-Instruments-datasheet-62088831.pdf?src-supplier=Newark"; VariantName = "[No Variations]"
Add component (AddParameter): Name = "ComponentLink11Description"; Value = "https://datasheet.octopart.com:443/SN74AHC1G09DBVR-Texas-Instruments-datasheet-33010737.pdf?src-supplier=Newark"; VariantName = "[No Variations]"
Add component (AddParameter): Name = "ComponentLink11URL"; Value = "https://datasheet.octopart.com:443/SN74AHC1G09DBVR-Texas-Instruments-datasheet-33010737.pdf?src-supplier=Newark"; VariantName = "[No Variations]"
Add component (AddParameter): Name = "ComponentLink12Description"; Value = "https://datasheet.octopart.com:443/SN74AHC1G09DBVR-Texas-Instruments-datasheet-159115775.pdf?src-supplier=SHENGYU+ELECTRONICS"; VariantName = "[No Variations]"
Add component (AddParameter): Name = "ComponentLink12URL"; Value = "https://datasheet.octopart.com:443/SN74AHC1G09DBVR-Texas-Instruments-datasheet-159115775.pdf?src-supplier=SHENGYU+ELECTRONICS"; VariantName = "[No Variations]"
Add component (AddParameter): Name = "ComponentLink13Description"; Value = "https://datasheet.octopart.com:443/SN74AHC1G09DBVR-Texas-Instruments-datasheet-165804331.pdf?src-supplier=LCSC"; VariantName = "[No Variations]"
Add component (AddParameter): Name = "ComponentLink13URL"; Value = "https://datasheet.octopart.com:443/SN74AHC1G09DBVR-Texas-Instruments-datasheet-165804331.pdf?src-supplier=LCSC"; VariantName = "[No Variations]"
Add component (AddParameter): Name = "ComponentLink14Description"; Value = "https://datasheet.octopart.com:443/SN74AHC1G09DBVR-Texas-Instruments-datasheet-140571641.pdf?src-supplier=Arrow.cn"; VariantName = "[No Variations]"
Add component (AddParameter): Name = "ComponentLink14URL"; Value = "https://datasheet.octopart.com:443/SN74AHC1G09DBVR-Texas-Instruments-datasheet-140571641.pdf?src-supplier=Arrow.cn"; VariantName = "[No Variations]"
Add component (AddParameter): Name = "ComponentLink15Description"; Value = "https://datasheet.octopart.com:443/SN74AHC1G09DBVR-Texas-Instruments-datasheet-11780427.pdf?src-supplier=Arrow+Electronics"; VariantName = "[No Variations]"
Add component (AddParameter): Name = "ComponentLink15URL"; Value = "https://datasheet.octopart.com:443/SN74AHC1G09DBVR-Texas-Instruments-datasheet-11780427.pdf?src-supplier=Arrow+Electronics"; VariantName = "[No Variations]"
Add component (AddParameter): Name = "ComponentLink16Description"; Value = "http://sigma.octopart.com:80/reach_statement/Texas-Instruments-company-64.pdf?src-supplier=Compliance+Statements"; VariantName = "[No Variations]"
Add component (AddParameter): Name = "ComponentLink16URL"; Value = "http://sigma.octopart.com:80/reach_statement/Texas-Instruments-company-64.pdf?src-supplier=Compliance+Statements"; VariantName = "[No Variations]"
Add component (AddParameter): Name = "ComponentLink17Description"; Value = "http://sigma.octopart.com:80/conflict_mineral_statement/Texas-Instruments-company-63.pdf?src-supplier=Compliance+Statements"; VariantName = "[No Variations]"
Add component (AddParameter): Name = "ComponentLink17URL"; Value = "http://sigma.octopart.com:80/conflict_mineral_statement/Texas-Instruments-company-63.pdf?src-supplier=Compliance+Statements"; VariantName = "[No Variations]"
Add component (AddParameter): Name = "Contact Plating"; Value = "Tin"; VariantName = "[No Variations]"
Add component (AddParameter): Name = "Height"; Value = "1.45mm"; VariantName = "[No Variations]"
Add component (AddParameter): Name = "Lead Free"; Value = "Lead Free"; VariantName = "[No Variations]"
Add component (AddParameter): Name = "Length"; Value = "2.9mm"; VariantName = "[No Variations]"
Add component (AddParameter): Name = "Lifecycle Status"; Value = "Production"; VariantName = "[No Variations]"
Add component (AddParameter): Name = "Logic Function"; Value = "AND"; VariantName = "[No Variations]"
Add component (AddParameter): Name = "Low Level Output Current"; Value = "8mA"; VariantName = "[No Variations]"
Add component (AddParameter): Name = "Manufacturer"; Value = "Texas Instruments"; VariantName = "[No Variations]"
Add component (AddParameter): Name = "Manufacturer Lifecycle Status"; Value = "ACTIVE"; VariantName = "[No Variations]"
Add component (AddParameter): Name = "Manufacturer Part Number"; Value = "SN74AHC1G09DBVR"; VariantName = "[No Variations]"
Add component (AddParameter): Name = "Max Junction Temperature (Tj)"; Value = "150°C"; VariantName = "[No Variations]"
Add component (AddParameter): Name = "Max Operating Temperature"; Value = "125°C"; VariantName = "[No Variations]"
Add component (AddParameter): Name = "Max Supply Voltage"; Value = "5.5V"; VariantName = "[No Variations]"
Add component (AddParameter): Name = "Min Operating Temperature"; Value = "-55°C"; VariantName = "[No Variations]"
Add component (AddParameter): Name = "Min Supply Voltage"; Value = "2V"; VariantName = "[No Variations]"
Add component (AddParameter): Name = "Mounting Technology"; Value = "Surface Mount"; VariantName = "[No Variations]"
Add component (AddParameter): Name = "Nominal Supply Current"; Value = "1µA"; VariantName = "[No Variations]"
Add component (AddParameter): Name = "Number of Bits"; Value = "1"; VariantName = "[No Variations]"
Add component (AddParameter): Name = "Number of Channels"; Value = "1"; VariantName = "[No Variations]"
Add component (AddParameter): Name = "Number of Circuits"; Value = "1"; VariantName = "[No Variations]"
Add component (AddParameter): Name = "Number of Elements"; Value = "1"; VariantName = "[No Variations]"
Add component (AddParameter): Name = "Number of Gates"; Value = "1"; VariantName = "[No Variations]"
Add component (AddParameter): Name = "Number of Inputs"; Value = "2"; VariantName = "[No Variations]"
Add component (AddParameter): Name = "Number of Outputs"; Value = "1"; VariantName = "[No Variations]"
Add component (AddParameter): Name = "Output Current"; Value = "25mA"; VariantName = "[No Variations]"
Add component (AddParameter): Name = "Output Voltage"; Value = "5.5V"; VariantName = "[No Variations]"
Add component (AddParameter): Name = "Pins"; Value = "5"; VariantName = "[No Variations]"
Add component (AddParameter): Name = "Pricing"; Value = "1=0.12, 10=0.082, 25=0.0716, 100=0.0602, 250=0.05484, 500=0.05162, 1000=0.04896 (USD)"; VariantName = "[No Variations]"
Add component (AddParameter): Name = "Propagation Delay"; Value = "4.6ns"; VariantName = "[No Variations]"
Add component (AddParameter): Name = "Quiescent Current"; Value = "1µA"; VariantName = "[No Variations]"
Add component (AddParameter): Name = "Radiation Hardening"; Value = "No"; VariantName = "[No Variations]"
Add component (AddParameter): Name = "REACH SVHC"; Value = "No"; VariantName = "[No Variations]"
Add component (AddParameter): Name = "RoHS"; Value = "Compliant"; VariantName = "[No Variations]"
Add component (AddParameter): Name = "Schedule B"; Value = "8542390000, 8542390000|8542390000|8542390000|8542390000|8542390000"; VariantName = "[No Variations]"
Add component (AddParameter): Name = "Stock"; Value = "10528"; VariantName = "[No Variations]"
Add component (AddParameter): Name = "Supplier"; Value = "DigiKey"; VariantName = "[No Variations]"
Add component (AddParameter): Name = "Supplier Part Number"; Value = "296-29202-1-ND"; VariantName = "[No Variations]"
Add component (AddParameter): Name = "Thickness"; Value = "1.2mm"; VariantName = "[No Variations]"
Add component (AddParameter): Name = "Width"; Value = "1.6mm"; VariantName = "[No Variations]"
Added Component: Designator=U5(SOT-753)
Add component (AddParameter): Name = "Ambient Temperature Range High"; Value = "125°C"; VariantName = "[No Variations]"
Add component (AddParameter): Name = "Case/Package"; Value = "SOT-23"; VariantName = "[No Variations]"
Add component (AddParameter): Name = "Category"; Value = "Logic Gates"; VariantName = "[No Variations]"
Add component (AddParameter): Name = "ComponentLink1Description"; Value = "https://sigma.octopart.com:443/177332311/technical_drawing/Texas-Instruments-SN74AHC1G09DBVR.pdf?src-supplier=Texas+Instruments"; VariantName = "[No Variations]"
Add component (AddParameter): Name = "ComponentLink1URL"; Value = "https://sigma.octopart.com:443/177332311/technical_drawing/Texas-Instruments-SN74AHC1G09DBVR.pdf?src-supplier=Texas+Instruments"; VariantName = "[No Variations]"
Add component (AddParameter): Name = "ComponentLink2Description"; Value = "https://octopart.com:443/opatz8j6/c1?t=xSDM6Y7vRA3VOV__tdlGJD6XqrI5pTw5i1DQ4LS1U5AGemWWlRfvGm74QeITGOyIfDpd6SmltVwzu4BYBYUZVFRy68kYHFyvMpVcEkGMkUTlsM1Xa0fIGPKBKo2z9NQDG2oVb2buPhbwVXHKT6zYY_NOlt07Q0OBJOkn_DETFwRH35BQWWiNMtYxVpnBPBMt9qB2A-ejQGiPhqnRDfajPyAS-f5gu_qaLgvkxyOdysEkivw28KVzcUIkX-luzr1GpNiFXo8sKM-C2ltugJe8JeHts_LmFPwNT6uD6qyGXGyvlzAxOakazSwFBiMdRhReJnRVqRrXR8k1FSzHlxBVsAjw60WZZT7wNC2HkcR1O_nECOXDSMA9Usnw_KO4XzZXY5guGS7ioOo&src-supplier=Texas+Instruments"; VariantName = "[No Variations]"
Add component (AddParameter): Name = "ComponentLink2URL"; Value = "https://octopart.com:443/opatz8j6/c1?t=xSDM6Y7vRA3VOV__tdlGJD6XqrI5pTw5i1DQ4LS1U5AGemWWlRfvGm74QeITGOyIfDpd6SmltVwzu4BYBYUZVFRy68kYHFyvMpVcEkGMkUTlsM1Xa0fIGPKBKo2z9NQDG2oVb2buPhbwVXHKT6zYY_NOlt07Q0OBJOkn_DETFwRH35BQWWiNMtYxVpnBPBMt9qB2A-ejQGiPhqnRDfajPyAS-f5gu_qaLgvkxyOdysEkivw28KVzcUIkX-luzr1GpNiFXo8sKM-C2ltugJe8JeHts_LmFPwNT6uD6qyGXGyvlzAxOakazSwFBiMdRhReJnRVqRrXR8k1FSzHlxBVsAjw60WZZT7wNC2HkcR1O_nECOXDSMA9Usnw_KO4XzZXY5guGS7ioOo&src-supplier=Texas+Instruments"; VariantName = "[No Variations]"
Add component (AddParameter): Name = "ComponentLink3Description"; Value = "https://datasheet.octopart.com:443/SN74AHC1G09DBVR-Texas-Instruments-datasheet-37726925.pdf?src-supplier=Texas+Instruments"; VariantName = "[No Variations]"
Add component (AddParameter): Name = "ComponentLink3URL"; Value = "https://datasheet.octopart.com:443/SN74AHC1G09DBVR-Texas-Instruments-datasheet-37726925.pdf?src-supplier=Texas+Instruments"; VariantName = "[No Variations]"
Add component (AddParameter): Name = "ComponentLink4Description"; Value = "https://sigma.octopart.com:443/175570406/technical_drawing/Texas-Instruments-SN74AHC1G09DBVR.pdf?src-supplier=Texas+Instruments"; VariantName = "[No Variations]"
Add component (AddParameter): Name = "ComponentLink4URL"; Value = "https://sigma.octopart.com:443/175570406/technical_drawing/Texas-Instruments-SN74AHC1G09DBVR.pdf?src-supplier=Texas+Instruments"; VariantName = "[No Variations]"
Add component (AddParameter): Name = "ComponentLink5Description"; Value = "https://sigma.octopart.com:443/169406034/technical_drawing/Texas-Instruments-SN74AHC1G09DBVR.pdf?src-supplier=Texas+Instruments"; VariantName = "[No Variations]"
Add component (AddParameter): Name = "ComponentLink5URL"; Value = "https://sigma.octopart.com:443/169406034/technical_drawing/Texas-Instruments-SN74AHC1G09DBVR.pdf?src-supplier=Texas+Instruments"; VariantName = "[No Variations]"
Add component (AddParameter): Name = "ComponentLink6Description"; Value = "https://sigma.octopart.com:443/155939316/technical_drawing/Texas-Instruments-SN74AHC1G09DBVR.pdf?src-supplier=Texas+Instruments"; VariantName = "[No Variations]"
Add component (AddParameter): Name = "ComponentLink6URL"; Value = "https://sigma.octopart.com:443/155939316/technical_drawing/Texas-Instruments-SN74AHC1G09DBVR.pdf?src-supplier=Texas+Instruments"; VariantName = "[No Variations]"
Add component (AddParameter): Name = "ComponentLink7Description"; Value = "https://sigma.octopart.com:443/102331370/technical_drawing/Texas-Instruments-SN74AHC1G09DBVR.pdf?src-supplier=Texas+Instruments"; VariantName = "[No Variations]"
Add component (AddParameter): Name = "ComponentLink7URL"; Value = "https://sigma.octopart.com:443/102331370/technical_drawing/Texas-Instruments-SN74AHC1G09DBVR.pdf?src-supplier=Texas+Instruments"; VariantName = "[No Variations]"
Add component (AddParameter): Name = "ComponentLink8Description"; Value = "https://sigma.octopart.com:443/49249325/technical_drawing/Texas-Instruments-SN74AHC1G09DBVR.pdf?src-supplier=Texas+Instruments"; VariantName = "[No Variations]"
Add component (AddParameter): Name = "ComponentLink8URL"; Value = "https://sigma.octopart.com:443/49249325/technical_drawing/Texas-Instruments-SN74AHC1G09DBVR.pdf?src-supplier=Texas+Instruments"; VariantName = "[No Variations]"
Add component (AddParameter): Name = "ComponentLink9Description"; Value = "https://datasheet.octopart.com:443/SN74AHC1G09DBVR-Texas-Instruments-datasheet-21221312.pdf?src-supplier=Upverter"; VariantName = "[No Variations]"
Add component (AddParameter): Name = "ComponentLink9URL"; Value = "https://datasheet.octopart.com:443/SN74AHC1G09DBVR-Texas-Instruments-datasheet-21221312.pdf?src-supplier=Upverter"; VariantName = "[No Variations]"
Add component (AddParameter): Name = "ComponentLink10Description"; Value = "https://datasheet.octopart.com:443/SN74AHC1G09DBVR-Texas-Instruments-datasheet-62088831.pdf?src-supplier=Newark"; VariantName = "[No Variations]"
Add component (AddParameter): Name = "ComponentLink10URL"; Value = "https://datasheet.octopart.com:443/SN74AHC1G09DBVR-Texas-Instruments-datasheet-62088831.pdf?src-supplier=Newark"; VariantName = "[No Variations]"
Add component (AddParameter): Name = "ComponentLink11Description"; Value = "https://datasheet.octopart.com:443/SN74AHC1G09DBVR-Texas-Instruments-datasheet-33010737.pdf?src-supplier=Newark"; VariantName = "[No Variations]"
Add component (AddParameter): Name = "ComponentLink11URL"; Value = "https://datasheet.octopart.com:443/SN74AHC1G09DBVR-Texas-Instruments-datasheet-33010737.pdf?src-supplier=Newark"; VariantName = "[No Variations]"
Add component (AddParameter): Name = "ComponentLink12Description"; Value = "https://datasheet.octopart.com:443/SN74AHC1G09DBVR-Texas-Instruments-datasheet-159115775.pdf?src-supplier=SHENGYU+ELECTRONICS"; VariantName = "[No Variations]"
Add component (AddParameter): Name = "ComponentLink12URL"; Value = "https://datasheet.octopart.com:443/SN74AHC1G09DBVR-Texas-Instruments-datasheet-159115775.pdf?src-supplier=SHENGYU+ELECTRONICS"; VariantName = "[No Variations]"
Add component (AddParameter): Name = "ComponentLink13Description"; Value = "https://datasheet.octopart.com:443/SN74AHC1G09DBVR-Texas-Instruments-datasheet-165804331.pdf?src-supplier=LCSC"; VariantName = "[No Variations]"
Add component (AddParameter): Name = "ComponentLink13URL"; Value = "https://datasheet.octopart.com:443/SN74AHC1G09DBVR-Texas-Instruments-datasheet-165804331.pdf?src-supplier=LCSC"; VariantName = "[No Variations]"
Add component (AddParameter): Name = "ComponentLink14Description"; Value = "https://datasheet.octopart.com:443/SN74AHC1G09DBVR-Texas-Instruments-datasheet-140571641.pdf?src-supplier=Arrow.cn"; VariantName = "[No Variations]"
Add component (AddParameter): Name = "ComponentLink14URL"; Value = "https://datasheet.octopart.com:443/SN74AHC1G09DBVR-Texas-Instruments-datasheet-140571641.pdf?src-supplier=Arrow.cn"; VariantName = "[No Variations]"
Add component (AddParameter): Name = "ComponentLink15Description"; Value = "https://datasheet.octopart.com:443/SN74AHC1G09DBVR-Texas-Instruments-datasheet-11780427.pdf?src-supplier=Arrow+Electronics"; VariantName = "[No Variations]"
Add component (AddParameter): Name = "ComponentLink15URL"; Value = "https://datasheet.octopart.com:443/SN74AHC1G09DBVR-Texas-Instruments-datasheet-11780427.pdf?src-supplier=Arrow+Electronics"; VariantName = "[No Variations]"
Add component (AddParameter): Name = "ComponentLink16Description"; Value = "http://sigma.octopart.com:80/reach_statement/Texas-Instruments-company-64.pdf?src-supplier=Compliance+Statements"; VariantName = "[No Variations]"
Add component (AddParameter): Name = "ComponentLink16URL"; Value = "http://sigma.octopart.com:80/reach_statement/Texas-Instruments-company-64.pdf?src-supplier=Compliance+Statements"; VariantName = "[No Variations]"
Add component (AddParameter): Name = "ComponentLink17Description"; Value = "http://sigma.octopart.com:80/conflict_mineral_statement/Texas-Instruments-company-63.pdf?src-supplier=Compliance+Statements"; VariantName = "[No Variations]"
Add component (AddParameter): Name = "ComponentLink17URL"; Value = "http://sigma.octopart.com:80/conflict_mineral_statement/Texas-Instruments-company-63.pdf?src-supplier=Compliance+Statements"; VariantName = "[No Variations]"
Add component (AddParameter): Name = "Contact Plating"; Value = "Tin"; VariantName = "[No Variations]"
Add component (AddParameter): Name = "Height"; Value = "1.45mm"; VariantName = "[No Variations]"
Add component (AddParameter): Name = "Lead Free"; Value = "Lead Free"; VariantName = "[No Variations]"
Add component (AddParameter): Name = "Length"; Value = "2.9mm"; VariantName = "[No Variations]"
Add component (AddParameter): Name = "Lifecycle Status"; Value = "Production"; VariantName = "[No Variations]"
Add component (AddParameter): Name = "Logic Function"; Value = "AND"; VariantName = "[No Variations]"
Add component (AddParameter): Name = "Low Level Output Current"; Value = "8mA"; VariantName = "[No Variations]"
Add component (AddParameter): Name = "Manufacturer"; Value = "Texas Instruments"; VariantName = "[No Variations]"
Add component (AddParameter): Name = "Manufacturer Lifecycle Status"; Value = "ACTIVE"; VariantName = "[No Variations]"
Add component (AddParameter): Name = "Manufacturer Part Number"; Value = "SN74AHC1G09DBVR"; VariantName = "[No Variations]"
Add component (AddParameter): Name = "Max Junction Temperature (Tj)"; Value = "150°C"; VariantName = "[No Variations]"
Add component (AddParameter): Name = "Max Operating Temperature"; Value = "125°C"; VariantName = "[No Variations]"
Add component (AddParameter): Name = "Max Supply Voltage"; Value = "5.5V"; VariantName = "[No Variations]"
Add component (AddParameter): Name = "Min Operating Temperature"; Value = "-55°C"; VariantName = "[No Variations]"
Add component (AddParameter): Name = "Min Supply Voltage"; Value = "2V"; VariantName = "[No Variations]"
Add component (AddParameter): Name = "Mounting Technology"; Value = "Surface Mount"; VariantName = "[No Variations]"
Add component (AddParameter): Name = "Nominal Supply Current"; Value = "1µA"; VariantName = "[No Variations]"
Add component (AddParameter): Name = "Number of Bits"; Value = "1"; VariantName = "[No Variations]"
Add component (AddParameter): Name = "Number of Channels"; Value = "1"; VariantName = "[No Variations]"
Add component (AddParameter): Name = "Number of Circuits"; Value = "1"; VariantName = "[No Variations]"
Add component (AddParameter): Name = "Number of Elements"; Value = "1"; VariantName = "[No Variations]"
Add component (AddParameter): Name = "Number of Gates"; Value = "1"; VariantName = "[No Variations]"
Add component (AddParameter): Name = "Number of Inputs"; Value = "2"; VariantName = "[No Variations]"
Add component (AddParameter): Name = "Number of Outputs"; Value = "1"; VariantName = "[No Variations]"
Add component (AddParameter): Name = "Output Current"; Value = "25mA"; VariantName = "[No Variations]"
Add component (AddParameter): Name = "Output Voltage"; Value = "5.5V"; VariantName = "[No Variations]"
Add component (AddParameter): Name = "Pins"; Value = "5"; VariantName = "[No Variations]"
Add component (AddParameter): Name = "Pricing"; Value = "1=0.12, 10=0.082, 25=0.0716, 100=0.0602, 250=0.05484, 500=0.05162, 1000=0.04896 (USD)"; VariantName = "[No Variations]"
Add component (AddParameter): Name = "Propagation Delay"; Value = "4.6ns"; VariantName = "[No Variations]"
Add component (AddParameter): Name = "Quiescent Current"; Value = "1µA"; VariantName = "[No Variations]"
Add component (AddParameter): Name = "Radiation Hardening"; Value = "No"; VariantName = "[No Variations]"
Add component (AddParameter): Name = "REACH SVHC"; Value = "No"; VariantName = "[No Variations]"
Add component (AddParameter): Name = "RoHS"; Value = "Compliant"; VariantName = "[No Variations]"
Add component (AddParameter): Name = "Schedule B"; Value = "8542390000, 8542390000|8542390000|8542390000|8542390000|8542390000"; VariantName = "[No Variations]"
Add component (AddParameter): Name = "Stock"; Value = "10528"; VariantName = "[No Variations]"
Add component (AddParameter): Name = "Supplier"; Value = "DigiKey"; VariantName = "[No Variations]"
Add component (AddParameter): Name = "Supplier Part Number"; Value = "296-29202-1-ND"; VariantName = "[No Variations]"
Add component (AddParameter): Name = "Thickness"; Value = "1.2mm"; VariantName = "[No Variations]"
Add component (AddParameter): Name = "Width"; Value = "1.6mm"; VariantName = "[No Variations]"
Added Component: Designator=U6(SOT-753)
Add component (AddParameter): Name = "Ambient Temperature Range High"; Value = "125°C"; VariantName = "[No Variations]"
Add component (AddParameter): Name = "Case/Package"; Value = "SOT-23"; VariantName = "[No Variations]"
Add component (AddParameter): Name = "Category"; Value = "Logic Gates"; VariantName = "[No Variations]"
Add component (AddParameter): Name = "ComponentLink1Description"; Value = "https://sigma.octopart.com:443/177332311/technical_drawing/Texas-Instruments-SN74AHC1G09DBVR.pdf?src-supplier=Texas+Instruments"; VariantName = "[No Variations]"
Add component (AddParameter): Name = "ComponentLink1URL"; Value = "https://sigma.octopart.com:443/177332311/technical_drawing/Texas-Instruments-SN74AHC1G09DBVR.pdf?src-supplier=Texas+Instruments"; VariantName = "[No Variations]"
Add component (AddParameter): Name = "ComponentLink2Description"; Value = "https://octopart.com:443/opatz8j6/c1?t=xSDM6Y7vRA3VOV__tdlGJD6XqrI5pTw5i1DQ4LS1U5AGemWWlRfvGm74QeITGOyIfDpd6SmltVwzu4BYBYUZVFRy68kYHFyvMpVcEkGMkUTlsM1Xa0fIGPKBKo2z9NQDG2oVb2buPhbwVXHKT6zYY_NOlt07Q0OBJOkn_DETFwRH35BQWWiNMtYxVpnBPBMt9qB2A-ejQGiPhqnRDfajPyAS-f5gu_qaLgvkxyOdysEkivw28KVzcUIkX-luzr1GpNiFXo8sKM-C2ltugJe8JeHts_LmFPwNT6uD6qyGXGyvlzAxOakazSwFBiMdRhReJnRVqRrXR8k1FSzHlxBVsAjw60WZZT7wNC2HkcR1O_nECOXDSMA9Usnw_KO4XzZXY5guGS7ioOo&src-supplier=Texas+Instruments"; VariantName = "[No Variations]"
Add component (AddParameter): Name = "ComponentLink2URL"; Value = "https://octopart.com:443/opatz8j6/c1?t=xSDM6Y7vRA3VOV__tdlGJD6XqrI5pTw5i1DQ4LS1U5AGemWWlRfvGm74QeITGOyIfDpd6SmltVwzu4BYBYUZVFRy68kYHFyvMpVcEkGMkUTlsM1Xa0fIGPKBKo2z9NQDG2oVb2buPhbwVXHKT6zYY_NOlt07Q0OBJOkn_DETFwRH35BQWWiNMtYxVpnBPBMt9qB2A-ejQGiPhqnRDfajPyAS-f5gu_qaLgvkxyOdysEkivw28KVzcUIkX-luzr1GpNiFXo8sKM-C2ltugJe8JeHts_LmFPwNT6uD6qyGXGyvlzAxOakazSwFBiMdRhReJnRVqRrXR8k1FSzHlxBVsAjw60WZZT7wNC2HkcR1O_nECOXDSMA9Usnw_KO4XzZXY5guGS7ioOo&src-supplier=Texas+Instruments"; VariantName = "[No Variations]"
Add component (AddParameter): Name = "ComponentLink3Description"; Value = "https://datasheet.octopart.com:443/SN74AHC1G09DBVR-Texas-Instruments-datasheet-37726925.pdf?src-supplier=Texas+Instruments"; VariantName = "[No Variations]"
Add component (AddParameter): Name = "ComponentLink3URL"; Value = "https://datasheet.octopart.com:443/SN74AHC1G09DBVR-Texas-Instruments-datasheet-37726925.pdf?src-supplier=Texas+Instruments"; VariantName = "[No Variations]"
Add component (AddParameter): Name = "ComponentLink4Description"; Value = "https://sigma.octopart.com:443/175570406/technical_drawing/Texas-Instruments-SN74AHC1G09DBVR.pdf?src-supplier=Texas+Instruments"; VariantName = "[No Variations]"
Add component (AddParameter): Name = "ComponentLink4URL"; Value = "https://sigma.octopart.com:443/175570406/technical_drawing/Texas-Instruments-SN74AHC1G09DBVR.pdf?src-supplier=Texas+Instruments"; VariantName = "[No Variations]"
Add component (AddParameter): Name = "ComponentLink5Description"; Value = "https://sigma.octopart.com:443/169406034/technical_drawing/Texas-Instruments-SN74AHC1G09DBVR.pdf?src-supplier=Texas+Instruments"; VariantName = "[No Variations]"
Add component (AddParameter): Name = "ComponentLink5URL"; Value = "https://sigma.octopart.com:443/169406034/technical_drawing/Texas-Instruments-SN74AHC1G09DBVR.pdf?src-supplier=Texas+Instruments"; VariantName = "[No Variations]"
Add component (AddParameter): Name = "ComponentLink6Description"; Value = "https://sigma.octopart.com:443/155939316/technical_drawing/Texas-Instruments-SN74AHC1G09DBVR.pdf?src-supplier=Texas+Instruments"; VariantName = "[No Variations]"
Add component (AddParameter): Name = "ComponentLink6URL"; Value = "https://sigma.octopart.com:443/155939316/technical_drawing/Texas-Instruments-SN74AHC1G09DBVR.pdf?src-supplier=Texas+Instruments"; VariantName = "[No Variations]"
Add component (AddParameter): Name = "ComponentLink7Description"; Value = "https://sigma.octopart.com:443/102331370/technical_drawing/Texas-Instruments-SN74AHC1G09DBVR.pdf?src-supplier=Texas+Instruments"; VariantName = "[No Variations]"
Add component (AddParameter): Name = "ComponentLink7URL"; Value = "https://sigma.octopart.com:443/102331370/technical_drawing/Texas-Instruments-SN74AHC1G09DBVR.pdf?src-supplier=Texas+Instruments"; VariantName = "[No Variations]"
Add component (AddParameter): Name = "ComponentLink8Description"; Value = "https://sigma.octopart.com:443/49249325/technical_drawing/Texas-Instruments-SN74AHC1G09DBVR.pdf?src-supplier=Texas+Instruments"; VariantName = "[No Variations]"
Add component (AddParameter): Name = "ComponentLink8URL"; Value = "https://sigma.octopart.com:443/49249325/technical_drawing/Texas-Instruments-SN74AHC1G09DBVR.pdf?src-supplier=Texas+Instruments"; VariantName = "[No Variations]"
Add component (AddParameter): Name = "ComponentLink9Description"; Value = "https://datasheet.octopart.com:443/SN74AHC1G09DBVR-Texas-Instruments-datasheet-21221312.pdf?src-supplier=Upverter"; VariantName = "[No Variations]"
Add component (AddParameter): Name = "ComponentLink9URL"; Value = "https://datasheet.octopart.com:443/SN74AHC1G09DBVR-Texas-Instruments-datasheet-21221312.pdf?src-supplier=Upverter"; VariantName = "[No Variations]"
Add component (AddParameter): Name = "ComponentLink10Description"; Value = "https://datasheet.octopart.com:443/SN74AHC1G09DBVR-Texas-Instruments-datasheet-62088831.pdf?src-supplier=Newark"; VariantName = "[No Variations]"
Add component (AddParameter): Name = "ComponentLink10URL"; Value = "https://datasheet.octopart.com:443/SN74AHC1G09DBVR-Texas-Instruments-datasheet-62088831.pdf?src-supplier=Newark"; VariantName = "[No Variations]"
Add component (AddParameter): Name = "ComponentLink11Description"; Value = "https://datasheet.octopart.com:443/SN74AHC1G09DBVR-Texas-Instruments-datasheet-33010737.pdf?src-supplier=Newark"; VariantName = "[No Variations]"
Add component (AddParameter): Name = "ComponentLink11URL"; Value = "https://datasheet.octopart.com:443/SN74AHC1G09DBVR-Texas-Instruments-datasheet-33010737.pdf?src-supplier=Newark"; VariantName = "[No Variations]"
Add component (AddParameter): Name = "ComponentLink12Description"; Value = "https://datasheet.octopart.com:443/SN74AHC1G09DBVR-Texas-Instruments-datasheet-159115775.pdf?src-supplier=SHENGYU+ELECTRONICS"; VariantName = "[No Variations]"
Add component (AddParameter): Name = "ComponentLink12URL"; Value = "https://datasheet.octopart.com:443/SN74AHC1G09DBVR-Texas-Instruments-datasheet-159115775.pdf?src-supplier=SHENGYU+ELECTRONICS"; VariantName = "[No Variations]"
Add component (AddParameter): Name = "ComponentLink13Description"; Value = "https://datasheet.octopart.com:443/SN74AHC1G09DBVR-Texas-Instruments-datasheet-165804331.pdf?src-supplier=LCSC"; VariantName = "[No Variations]"
Add component (AddParameter): Name = "ComponentLink13URL"; Value = "https://datasheet.octopart.com:443/SN74AHC1G09DBVR-Texas-Instruments-datasheet-165804331.pdf?src-supplier=LCSC"; VariantName = "[No Variations]"
Add component (AddParameter): Name = "ComponentLink14Description"; Value = "https://datasheet.octopart.com:443/SN74AHC1G09DBVR-Texas-Instruments-datasheet-140571641.pdf?src-supplier=Arrow.cn"; VariantName = "[No Variations]"
Add component (AddParameter): Name = "ComponentLink14URL"; Value = "https://datasheet.octopart.com:443/SN74AHC1G09DBVR-Texas-Instruments-datasheet-140571641.pdf?src-supplier=Arrow.cn"; VariantName = "[No Variations]"
Add component (AddParameter): Name = "ComponentLink15Description"; Value = "https://datasheet.octopart.com:443/SN74AHC1G09DBVR-Texas-Instruments-datasheet-11780427.pdf?src-supplier=Arrow+Electronics"; VariantName = "[No Variations]"
Add component (AddParameter): Name = "ComponentLink15URL"; Value = "https://datasheet.octopart.com:443/SN74AHC1G09DBVR-Texas-Instruments-datasheet-11780427.pdf?src-supplier=Arrow+Electronics"; VariantName = "[No Variations]"
Add component (AddParameter): Name = "ComponentLink16Description"; Value = "http://sigma.octopart.com:80/reach_statement/Texas-Instruments-company-64.pdf?src-supplier=Compliance+Statements"; VariantName = "[No Variations]"
Add component (AddParameter): Name = "ComponentLink16URL"; Value = "http://sigma.octopart.com:80/reach_statement/Texas-Instruments-company-64.pdf?src-supplier=Compliance+Statements"; VariantName = "[No Variations]"
Add component (AddParameter): Name = "ComponentLink17Description"; Value = "http://sigma.octopart.com:80/conflict_mineral_statement/Texas-Instruments-company-63.pdf?src-supplier=Compliance+Statements"; VariantName = "[No Variations]"
Add component (AddParameter): Name = "ComponentLink17URL"; Value = "http://sigma.octopart.com:80/conflict_mineral_statement/Texas-Instruments-company-63.pdf?src-supplier=Compliance+Statements"; VariantName = "[No Variations]"
Add component (AddParameter): Name = "Contact Plating"; Value = "Tin"; VariantName = "[No Variations]"
Add component (AddParameter): Name = "Height"; Value = "1.45mm"; VariantName = "[No Variations]"
Add component (AddParameter): Name = "Lead Free"; Value = "Lead Free"; VariantName = "[No Variations]"
Add component (AddParameter): Name = "Length"; Value = "2.9mm"; VariantName = "[No Variations]"
Add component (AddParameter): Name = "Lifecycle Status"; Value = "Production"; VariantName = "[No Variations]"
Add component (AddParameter): Name = "Logic Function"; Value = "AND"; VariantName = "[No Variations]"
Add component (AddParameter): Name = "Low Level Output Current"; Value = "8mA"; VariantName = "[No Variations]"
Add component (AddParameter): Name = "Manufacturer"; Value = "Texas Instruments"; VariantName = "[No Variations]"
Add component (AddParameter): Name = "Manufacturer Lifecycle Status"; Value = "ACTIVE"; VariantName = "[No Variations]"
Add component (AddParameter): Name = "Manufacturer Part Number"; Value = "SN74AHC1G09DBVR"; VariantName = "[No Variations]"
Add component (AddParameter): Name = "Max Junction Temperature (Tj)"; Value = "150°C"; VariantName = "[No Variations]"
Add component (AddParameter): Name = "Max Operating Temperature"; Value = "125°C"; VariantName = "[No Variations]"
Add component (AddParameter): Name = "Max Supply Voltage"; Value = "5.5V"; VariantName = "[No Variations]"
Add component (AddParameter): Name = "Min Operating Temperature"; Value = "-55°C"; VariantName = "[No Variations]"
Add component (AddParameter): Name = "Min Supply Voltage"; Value = "2V"; VariantName = "[No Variations]"
Add component (AddParameter): Name = "Mounting Technology"; Value = "Surface Mount"; VariantName = "[No Variations]"
Add component (AddParameter): Name = "Nominal Supply Current"; Value = "1µA"; VariantName = "[No Variations]"
Add component (AddParameter): Name = "Number of Bits"; Value = "1"; VariantName = "[No Variations]"
Add component (AddParameter): Name = "Number of Channels"; Value = "1"; VariantName = "[No Variations]"
Add component (AddParameter): Name = "Number of Circuits"; Value = "1"; VariantName = "[No Variations]"
Add component (AddParameter): Name = "Number of Elements"; Value = "1"; VariantName = "[No Variations]"
Add component (AddParameter): Name = "Number of Gates"; Value = "1"; VariantName = "[No Variations]"
Add component (AddParameter): Name = "Number of Inputs"; Value = "2"; VariantName = "[No Variations]"
Add component (AddParameter): Name = "Number of Outputs"; Value = "1"; VariantName = "[No Variations]"
Add component (AddParameter): Name = "Output Current"; Value = "25mA"; VariantName = "[No Variations]"
Add component (AddParameter): Name = "Output Voltage"; Value = "5.5V"; VariantName = "[No Variations]"
Add component (AddParameter): Name = "Pins"; Value = "5"; VariantName = "[No Variations]"
Add component (AddParameter): Name = "Pricing"; Value = "1=0.12, 10=0.082, 25=0.0716, 100=0.0602, 250=0.05484, 500=0.05162, 1000=0.04896 (USD)"; VariantName = "[No Variations]"
Add component (AddParameter): Name = "Propagation Delay"; Value = "4.6ns"; VariantName = "[No Variations]"
Add component (AddParameter): Name = "Quiescent Current"; Value = "1µA"; VariantName = "[No Variations]"
Add component (AddParameter): Name = "Radiation Hardening"; Value = "No"; VariantName = "[No Variations]"
Add component (AddParameter): Name = "REACH SVHC"; Value = "No"; VariantName = "[No Variations]"
Add component (AddParameter): Name = "RoHS"; Value = "Compliant"; VariantName = "[No Variations]"
Add component (AddParameter): Name = "Schedule B"; Value = "8542390000, 8542390000|8542390000|8542390000|8542390000|8542390000"; VariantName = "[No Variations]"
Add component (AddParameter): Name = "Stock"; Value = "10528"; VariantName = "[No Variations]"
Add component (AddParameter): Name = "Supplier"; Value = "DigiKey"; VariantName = "[No Variations]"
Add component (AddParameter): Name = "Supplier Part Number"; Value = "296-29202-1-ND"; VariantName = "[No Variations]"
Add component (AddParameter): Name = "Thickness"; Value = "1.2mm"; VariantName = "[No Variations]"
Add component (AddParameter): Name = "Width"; Value = "1.6mm"; VariantName = "[No Variations]"
Added Component: Designator=U7(SOT-753)
Add component (AddParameter): Name = "Ambient Temperature Range High"; Value = "125°C"; VariantName = "[No Variations]"
Add component (AddParameter): Name = "Case/Package"; Value = "SOT-23"; VariantName = "[No Variations]"
Add component (AddParameter): Name = "Category"; Value = "Logic Gates"; VariantName = "[No Variations]"
Add component (AddParameter): Name = "ComponentLink1Description"; Value = "https://sigma.octopart.com:443/177332311/technical_drawing/Texas-Instruments-SN74AHC1G09DBVR.pdf?src-supplier=Texas+Instruments"; VariantName = "[No Variations]"
Add component (AddParameter): Name = "ComponentLink1URL"; Value = "https://sigma.octopart.com:443/177332311/technical_drawing/Texas-Instruments-SN74AHC1G09DBVR.pdf?src-supplier=Texas+Instruments"; VariantName = "[No Variations]"
Add component (AddParameter): Name = "ComponentLink2Description"; Value = "https://octopart.com:443/opatz8j6/c1?t=xSDM6Y7vRA3VOV__tdlGJD6XqrI5pTw5i1DQ4LS1U5AGemWWlRfvGm74QeITGOyIfDpd6SmltVwzu4BYBYUZVFRy68kYHFyvMpVcEkGMkUTlsM1Xa0fIGPKBKo2z9NQDG2oVb2buPhbwVXHKT6zYY_NOlt07Q0OBJOkn_DETFwRH35BQWWiNMtYxVpnBPBMt9qB2A-ejQGiPhqnRDfajPyAS-f5gu_qaLgvkxyOdysEkivw28KVzcUIkX-luzr1GpNiFXo8sKM-C2ltugJe8JeHts_LmFPwNT6uD6qyGXGyvlzAxOakazSwFBiMdRhReJnRVqRrXR8k1FSzHlxBVsAjw60WZZT7wNC2HkcR1O_nECOXDSMA9Usnw_KO4XzZXY5guGS7ioOo&src-supplier=Texas+Instruments"; VariantName = "[No Variations]"
Add component (AddParameter): Name = "ComponentLink2URL"; Value = "https://octopart.com:443/opatz8j6/c1?t=xSDM6Y7vRA3VOV__tdlGJD6XqrI5pTw5i1DQ4LS1U5AGemWWlRfvGm74QeITGOyIfDpd6SmltVwzu4BYBYUZVFRy68kYHFyvMpVcEkGMkUTlsM1Xa0fIGPKBKo2z9NQDG2oVb2buPhbwVXHKT6zYY_NOlt07Q0OBJOkn_DETFwRH35BQWWiNMtYxVpnBPBMt9qB2A-ejQGiPhqnRDfajPyAS-f5gu_qaLgvkxyOdysEkivw28KVzcUIkX-luzr1GpNiFXo8sKM-C2ltugJe8JeHts_LmFPwNT6uD6qyGXGyvlzAxOakazSwFBiMdRhReJnRVqRrXR8k1FSzHlxBVsAjw60WZZT7wNC2HkcR1O_nECOXDSMA9Usnw_KO4XzZXY5guGS7ioOo&src-supplier=Texas+Instruments"; VariantName = "[No Variations]"
Add component (AddParameter): Name = "ComponentLink3Description"; Value = "https://datasheet.octopart.com:443/SN74AHC1G09DBVR-Texas-Instruments-datasheet-37726925.pdf?src-supplier=Texas+Instruments"; VariantName = "[No Variations]"
Add component (AddParameter): Name = "ComponentLink3URL"; Value = "https://datasheet.octopart.com:443/SN74AHC1G09DBVR-Texas-Instruments-datasheet-37726925.pdf?src-supplier=Texas+Instruments"; VariantName = "[No Variations]"
Add component (AddParameter): Name = "ComponentLink4Description"; Value = "https://sigma.octopart.com:443/175570406/technical_drawing/Texas-Instruments-SN74AHC1G09DBVR.pdf?src-supplier=Texas+Instruments"; VariantName = "[No Variations]"
Add component (AddParameter): Name = "ComponentLink4URL"; Value = "https://sigma.octopart.com:443/175570406/technical_drawing/Texas-Instruments-SN74AHC1G09DBVR.pdf?src-supplier=Texas+Instruments"; VariantName = "[No Variations]"
Add component (AddParameter): Name = "ComponentLink5Description"; Value = "https://sigma.octopart.com:443/169406034/technical_drawing/Texas-Instruments-SN74AHC1G09DBVR.pdf?src-supplier=Texas+Instruments"; VariantName = "[No Variations]"
Add component (AddParameter): Name = "ComponentLink5URL"; Value = "https://sigma.octopart.com:443/169406034/technical_drawing/Texas-Instruments-SN74AHC1G09DBVR.pdf?src-supplier=Texas+Instruments"; VariantName = "[No Variations]"
Add component (AddParameter): Name = "ComponentLink6Description"; Value = "https://sigma.octopart.com:443/155939316/technical_drawing/Texas-Instruments-SN74AHC1G09DBVR.pdf?src-supplier=Texas+Instruments"; VariantName = "[No Variations]"
Add component (AddParameter): Name = "ComponentLink6URL"; Value = "https://sigma.octopart.com:443/155939316/technical_drawing/Texas-Instruments-SN74AHC1G09DBVR.pdf?src-supplier=Texas+Instruments"; VariantName = "[No Variations]"
Add component (AddParameter): Name = "ComponentLink7Description"; Value = "https://sigma.octopart.com:443/102331370/technical_drawing/Texas-Instruments-SN74AHC1G09DBVR.pdf?src-supplier=Texas+Instruments"; VariantName = "[No Variations]"
Add component (AddParameter): Name = "ComponentLink7URL"; Value = "https://sigma.octopart.com:443/102331370/technical_drawing/Texas-Instruments-SN74AHC1G09DBVR.pdf?src-supplier=Texas+Instruments"; VariantName = "[No Variations]"
Add component (AddParameter): Name = "ComponentLink8Description"; Value = "https://sigma.octopart.com:443/49249325/technical_drawing/Texas-Instruments-SN74AHC1G09DBVR.pdf?src-supplier=Texas+Instruments"; VariantName = "[No Variations]"
Add component (AddParameter): Name = "ComponentLink8URL"; Value = "https://sigma.octopart.com:443/49249325/technical_drawing/Texas-Instruments-SN74AHC1G09DBVR.pdf?src-supplier=Texas+Instruments"; VariantName = "[No Variations]"
Add component (AddParameter): Name = "ComponentLink9Description"; Value = "https://datasheet.octopart.com:443/SN74AHC1G09DBVR-Texas-Instruments-datasheet-21221312.pdf?src-supplier=Upverter"; VariantName = "[No Variations]"
Add component (AddParameter): Name = "ComponentLink9URL"; Value = "https://datasheet.octopart.com:443/SN74AHC1G09DBVR-Texas-Instruments-datasheet-21221312.pdf?src-supplier=Upverter"; VariantName = "[No Variations]"
Add component (AddParameter): Name = "ComponentLink10Description"; Value = "https://datasheet.octopart.com:443/SN74AHC1G09DBVR-Texas-Instruments-datasheet-62088831.pdf?src-supplier=Newark"; VariantName = "[No Variations]"
Add component (AddParameter): Name = "ComponentLink10URL"; Value = "https://datasheet.octopart.com:443/SN74AHC1G09DBVR-Texas-Instruments-datasheet-62088831.pdf?src-supplier=Newark"; VariantName = "[No Variations]"
Add component (AddParameter): Name = "ComponentLink11Description"; Value = "https://datasheet.octopart.com:443/SN74AHC1G09DBVR-Texas-Instruments-datasheet-33010737.pdf?src-supplier=Newark"; VariantName = "[No Variations]"
Add component (AddParameter): Name = "ComponentLink11URL"; Value = "https://datasheet.octopart.com:443/SN74AHC1G09DBVR-Texas-Instruments-datasheet-33010737.pdf?src-supplier=Newark"; VariantName = "[No Variations]"
Add component (AddParameter): Name = "ComponentLink12Description"; Value = "https://datasheet.octopart.com:443/SN74AHC1G09DBVR-Texas-Instruments-datasheet-159115775.pdf?src-supplier=SHENGYU+ELECTRONICS"; VariantName = "[No Variations]"
Add component (AddParameter): Name = "ComponentLink12URL"; Value = "https://datasheet.octopart.com:443/SN74AHC1G09DBVR-Texas-Instruments-datasheet-159115775.pdf?src-supplier=SHENGYU+ELECTRONICS"; VariantName = "[No Variations]"
Add component (AddParameter): Name = "ComponentLink13Description"; Value = "https://datasheet.octopart.com:443/SN74AHC1G09DBVR-Texas-Instruments-datasheet-165804331.pdf?src-supplier=LCSC"; VariantName = "[No Variations]"
Add component (AddParameter): Name = "ComponentLink13URL"; Value = "https://datasheet.octopart.com:443/SN74AHC1G09DBVR-Texas-Instruments-datasheet-165804331.pdf?src-supplier=LCSC"; VariantName = "[No Variations]"
Add component (AddParameter): Name = "ComponentLink14Description"; Value = "https://datasheet.octopart.com:443/SN74AHC1G09DBVR-Texas-Instruments-datasheet-140571641.pdf?src-supplier=Arrow.cn"; VariantName = "[No Variations]"
Add component (AddParameter): Name = "ComponentLink14URL"; Value = "https://datasheet.octopart.com:443/SN74AHC1G09DBVR-Texas-Instruments-datasheet-140571641.pdf?src-supplier=Arrow.cn"; VariantName = "[No Variations]"
Add component (AddParameter): Name = "ComponentLink15Description"; Value = "https://datasheet.octopart.com:443/SN74AHC1G09DBVR-Texas-Instruments-datasheet-11780427.pdf?src-supplier=Arrow+Electronics"; VariantName = "[No Variations]"
Add component (AddParameter): Name = "ComponentLink15URL"; Value = "https://datasheet.octopart.com:443/SN74AHC1G09DBVR-Texas-Instruments-datasheet-11780427.pdf?src-supplier=Arrow+Electronics"; VariantName = "[No Variations]"
Add component (AddParameter): Name = "ComponentLink16Description"; Value = "http://sigma.octopart.com:80/reach_statement/Texas-Instruments-company-64.pdf?src-supplier=Compliance+Statements"; VariantName = "[No Variations]"
Add component (AddParameter): Name = "ComponentLink16URL"; Value = "http://sigma.octopart.com:80/reach_statement/Texas-Instruments-company-64.pdf?src-supplier=Compliance+Statements"; VariantName = "[No Variations]"
Add component (AddParameter): Name = "ComponentLink17Description"; Value = "http://sigma.octopart.com:80/conflict_mineral_statement/Texas-Instruments-company-63.pdf?src-supplier=Compliance+Statements"; VariantName = "[No Variations]"
Add component (AddParameter): Name = "ComponentLink17URL"; Value = "http://sigma.octopart.com:80/conflict_mineral_statement/Texas-Instruments-company-63.pdf?src-supplier=Compliance+Statements"; VariantName = "[No Variations]"
Add component (AddParameter): Name = "Contact Plating"; Value = "Tin"; VariantName = "[No Variations]"
Add component (AddParameter): Name = "Height"; Value = "1.45mm"; VariantName = "[No Variations]"
Add component (AddParameter): Name = "Lead Free"; Value = "Lead Free"; VariantName = "[No Variations]"
Add component (AddParameter): Name = "Length"; Value = "2.9mm"; VariantName = "[No Variations]"
Add component (AddParameter): Name = "Lifecycle Status"; Value = "Production"; VariantName = "[No Variations]"
Add component (AddParameter): Name = "Logic Function"; Value = "AND"; VariantName = "[No Variations]"
Add component (AddParameter): Name = "Low Level Output Current"; Value = "8mA"; VariantName = "[No Variations]"
Add component (AddParameter): Name = "Manufacturer"; Value = "Texas Instruments"; VariantName = "[No Variations]"
Add component (AddParameter): Name = "Manufacturer Lifecycle Status"; Value = "ACTIVE"; VariantName = "[No Variations]"
Add component (AddParameter): Name = "Manufacturer Part Number"; Value = "SN74AHC1G09DBVR"; VariantName = "[No Variations]"
Add component (AddParameter): Name = "Max Junction Temperature (Tj)"; Value = "150°C"; VariantName = "[No Variations]"
Add component (AddParameter): Name = "Max Operating Temperature"; Value = "125°C"; VariantName = "[No Variations]"
Add component (AddParameter): Name = "Max Supply Voltage"; Value = "5.5V"; VariantName = "[No Variations]"
Add component (AddParameter): Name = "Min Operating Temperature"; Value = "-55°C"; VariantName = "[No Variations]"
Add component (AddParameter): Name = "Min Supply Voltage"; Value = "2V"; VariantName = "[No Variations]"
Add component (AddParameter): Name = "Mounting Technology"; Value = "Surface Mount"; VariantName = "[No Variations]"
Add component (AddParameter): Name = "Nominal Supply Current"; Value = "1µA"; VariantName = "[No Variations]"
Add component (AddParameter): Name = "Number of Bits"; Value = "1"; VariantName = "[No Variations]"
Add component (AddParameter): Name = "Number of Channels"; Value = "1"; VariantName = "[No Variations]"
Add component (AddParameter): Name = "Number of Circuits"; Value = "1"; VariantName = "[No Variations]"
Add component (AddParameter): Name = "Number of Elements"; Value = "1"; VariantName = "[No Variations]"
Add component (AddParameter): Name = "Number of Gates"; Value = "1"; VariantName = "[No Variations]"
Add component (AddParameter): Name = "Number of Inputs"; Value = "2"; VariantName = "[No Variations]"
Add component (AddParameter): Name = "Number of Outputs"; Value = "1"; VariantName = "[No Variations]"
Add component (AddParameter): Name = "Output Current"; Value = "25mA"; VariantName = "[No Variations]"
Add component (AddParameter): Name = "Output Voltage"; Value = "5.5V"; VariantName = "[No Variations]"
Add component (AddParameter): Name = "Pins"; Value = "5"; VariantName = "[No Variations]"
Add component (AddParameter): Name = "Pricing"; Value = "1=0.12, 10=0.082, 25=0.0716, 100=0.0602, 250=0.05484, 500=0.05162, 1000=0.04896 (USD)"; VariantName = "[No Variations]"
Add component (AddParameter): Name = "Propagation Delay"; Value = "4.6ns"; VariantName = "[No Variations]"
Add component (AddParameter): Name = "Quiescent Current"; Value = "1µA"; VariantName = "[No Variations]"
Add component (AddParameter): Name = "Radiation Hardening"; Value = "No"; VariantName = "[No Variations]"
Add component (AddParameter): Name = "REACH SVHC"; Value = "No"; VariantName = "[No Variations]"
Add component (AddParameter): Name = "RoHS"; Value = "Compliant"; VariantName = "[No Variations]"
Add component (AddParameter): Name = "Schedule B"; Value = "8542390000, 8542390000|8542390000|8542390000|8542390000|8542390000"; VariantName = "[No Variations]"
Add component (AddParameter): Name = "Stock"; Value = "10528"; VariantName = "[No Variations]"
Add component (AddParameter): Name = "Supplier"; Value = "DigiKey"; VariantName = "[No Variations]"
Add component (AddParameter): Name = "Supplier Part Number"; Value = "296-29202-1-ND"; VariantName = "[No Variations]"
Add component (AddParameter): Name = "Thickness"; Value = "1.2mm"; VariantName = "[No Variations]"
Add component (AddParameter): Name = "Width"; Value = "1.6mm"; VariantName = "[No Variations]"
Added Component: Designator=Y1(ABM7-16.000MHZ-D2Y-T)
Add component (AddParameter): Name = "Case/Package"; Value = "CSMD"; VariantName = "[No Variations]"
Add component (AddParameter): Name = "Category"; Value = "Crystals"; VariantName = "[No Variations]"
Add component (AddParameter): Name = "China RoHS"; Value = "Non-Compliant"; VariantName = "[No Variations]"
Add component (AddParameter): Name = "ComponentLink1Description"; Value = "https://datasheet.octopart.com:443/ABM7-16.000MHZ-D2Y-T-Abracon-datasheet-103053454.pdf?src-supplier=ODG+(Origin+Data+Global)"; VariantName = "[No Variations]"
Add component (AddParameter): Name = "ComponentLink1URL"; Value = "https://datasheet.octopart.com:443/ABM7-16.000MHZ-D2Y-T-Abracon-datasheet-103053454.pdf?src-supplier=ODG+(Origin+Data+Global)"; VariantName = "[No Variations]"
Add component (AddParameter): Name = "ComponentLink2Description"; Value = "https://datasheet.octopart.com:443/ABM7-16.000MHZ-D2Y-T-Abracon-datasheet-10672703.pdf?src-supplier=Farnell"; VariantName = "[No Variations]"
Add component (AddParameter): Name = "ComponentLink2URL"; Value = "https://datasheet.octopart.com:443/ABM7-16.000MHZ-D2Y-T-Abracon-datasheet-10672703.pdf?src-supplier=Farnell"; VariantName = "[No Variations]"
Add component (AddParameter): Name = "ComponentLink3Description"; Value = "https://datasheet.octopart.com:443/ABM7-16.000MHZ-D2Y-T-Abracon-datasheet-8837364.pdf?src-supplier=Upverter"; VariantName = "[No Variations]"
Add component (AddParameter): Name = "ComponentLink3URL"; Value = "https://datasheet.octopart.com:443/ABM7-16.000MHZ-D2Y-T-Abracon-datasheet-8837364.pdf?src-supplier=Upverter"; VariantName = "[No Variations]"
Add component (AddParameter): Name = "ComponentLink4Description"; Value = "https://datasheet.octopart.com:443/ABM7-16.000MHZ-D2Y-T-Abracon-datasheet-8817375.pdf?src-supplier=Upverter"; VariantName = "[No Variations]"
Add component (AddParameter): Name = "ComponentLink4URL"; Value = "https://datasheet.octopart.com:443/ABM7-16.000MHZ-D2Y-T-Abracon-datasheet-8817375.pdf?src-supplier=Upverter"; VariantName = "[No Variations]"
Add component (AddParameter): Name = "ComponentLink5Description"; Value = "https://datasheet.octopart.com:443/ABM7-16.000MHZ-D2Y-T-Abracon-datasheet-8699803.pdf?src-supplier=Upverter"; VariantName = "[No Variations]"
Add component (AddParameter): Name = "ComponentLink5URL"; Value = "https://datasheet.octopart.com:443/ABM7-16.000MHZ-D2Y-T-Abracon-datasheet-8699803.pdf?src-supplier=Upverter"; VariantName = "[No Variations]"
Add component (AddParameter): Name = "ComponentLink6Description"; Value = "https://datasheet.octopart.com:443/ABM7-16.000MHZ-D2Y-T-Abracon-datasheet-8623263.pdf?src-supplier=Upverter"; VariantName = "[No Variations]"
Add component (AddParameter): Name = "ComponentLink6URL"; Value = "https://datasheet.octopart.com:443/ABM7-16.000MHZ-D2Y-T-Abracon-datasheet-8623263.pdf?src-supplier=Upverter"; VariantName = "[No Variations]"
Add component (AddParameter): Name = "ComponentLink7Description"; Value = "https://datasheet.octopart.com:443/ABM7-16.000MHZ-D2Y-T-Abracon-datasheet-8452219.pdf?src-supplier=Upverter"; VariantName = "[No Variations]"
Add component (AddParameter): Name = "ComponentLink7URL"; Value = "https://datasheet.octopart.com:443/ABM7-16.000MHZ-D2Y-T-Abracon-datasheet-8452219.pdf?src-supplier=Upverter"; VariantName = "[No Variations]"
Add component (AddParameter): Name = "ComponentLink8Description"; Value = "https://datasheet.octopart.com:443/ABM7-16.000MHZ-D2Y-T-Abracon-datasheet-8330406.pdf?src-supplier=Upverter"; VariantName = "[No Variations]"
Add component (AddParameter): Name = "ComponentLink8URL"; Value = "https://datasheet.octopart.com:443/ABM7-16.000MHZ-D2Y-T-Abracon-datasheet-8330406.pdf?src-supplier=Upverter"; VariantName = "[No Variations]"
Add component (AddParameter): Name = "ComponentLink9Description"; Value = "https://datasheet.octopart.com:443/ABM7-16.000MHZ-D2Y-T-Abracon-datasheet-5320088.pdf?src-supplier=Upverter"; VariantName = "[No Variations]"
Add component (AddParameter): Name = "ComponentLink9URL"; Value = "https://datasheet.octopart.com:443/ABM7-16.000MHZ-D2Y-T-Abracon-datasheet-5320088.pdf?src-supplier=Upverter"; VariantName = "[No Variations]"
Add component (AddParameter): Name = "ComponentLink10Description"; Value = "https://datasheet.octopart.com:443/ABM7-16.000MHZ-D2Y-T-Abracon-datasheet-192985852.pdf?src-supplier=JRH+Electronics"; VariantName = "[No Variations]"
Add component (AddParameter): Name = "ComponentLink10URL"; Value = "https://datasheet.octopart.com:443/ABM7-16.000MHZ-D2Y-T-Abracon-datasheet-192985852.pdf?src-supplier=JRH+Electronics"; VariantName = "[No Variations]"
Add component (AddParameter): Name = "ComponentLink11Description"; Value = "https://datasheet.octopart.com:443/ABM7-16.000MHZ-D2Y-T-Abracon-datasheet-157440075.pdf?src-supplier=Sager+Electronics"; VariantName = "[No Variations]"
Add component (AddParameter): Name = "ComponentLink11URL"; Value = "https://datasheet.octopart.com:443/ABM7-16.000MHZ-D2Y-T-Abracon-datasheet-157440075.pdf?src-supplier=Sager+Electronics"; VariantName = "[No Variations]"
Add component (AddParameter): Name = "ComponentLink12Description"; Value = "https://sigma.octopart.com:443/141159867/technical_drawing/Abracon-ABM7-16.000MHZ-D2Y-T.pdf?src-supplier=Abracon+SCT"; VariantName = "[No Variations]"
Add component (AddParameter): Name = "ComponentLink12URL"; Value = "https://sigma.octopart.com:443/141159867/technical_drawing/Abracon-ABM7-16.000MHZ-D2Y-T.pdf?src-supplier=Abracon+SCT"; VariantName = "[No Variations]"
Add component (AddParameter): Name = "ComponentLink13Description"; Value = "https://datasheet.octopart.com:443/ABM7-16.000MHZ-D2Y-T-Abracon-datasheet-15994676.pdf?src-supplier=TME"; VariantName = "[No Variations]"
Add component (AddParameter): Name = "ComponentLink13URL"; Value = "https://datasheet.octopart.com:443/ABM7-16.000MHZ-D2Y-T-Abracon-datasheet-15994676.pdf?src-supplier=TME"; VariantName = "[No Variations]"
Add component (AddParameter): Name = "ComponentLink14Description"; Value = "http://sigma.octopart.com:80/conflict_mineral_statement/Abracon-company-27.pdf?src-supplier=Compliance+Statements"; VariantName = "[No Variations]"
Add component (AddParameter): Name = "ComponentLink14URL"; Value = "http://sigma.octopart.com:80/conflict_mineral_statement/Abracon-company-27.pdf?src-supplier=Compliance+Statements"; VariantName = "[No Variations]"
Add component (AddParameter): Name = "Composition"; Value = "Ceramic"; VariantName = "[No Variations]"
Add component (AddParameter): Name = "Country of Origin"; Value = "South Korea"; VariantName = "[No Variations]"
Add component (AddParameter): Name = "Depth"; Value = "3.5mm"; VariantName = "[No Variations]"
Add component (AddParameter): Name = "ESR"; Value = "50O"; VariantName = "[No Variations]"
Add component (AddParameter): Name = "ESR (Equivalent Series Resistance)"; Value = "50O"; VariantName = "[No Variations]"
Add component (AddParameter): Name = "Export Control Classification Number (ECCN) Code"; Value = "EAR99"; VariantName = "[No Variations]"
Add component (AddParameter): Name = "Frequency"; Value = "16MHz"; VariantName = "[No Variations]"
Add component (AddParameter): Name = "Frequency Stability"; Value = "30ppm"; VariantName = "[No Variations]"
Add component (AddParameter): Name = "Frequency Tolerance"; Value = "0.002%"; VariantName = "[No Variations]"
Add component (AddParameter): Name = "Harmonized Tariff Schedule (HTS) Code"; Value = "8541.60.00.60"; VariantName = "[No Variations]"
Add component (AddParameter): Name = "Height"; Value = "1.4mm"; VariantName = "[No Variations]"
Add component (AddParameter): Name = "Introduction Date"; Value = "2010-12-13"; VariantName = "[No Variations]"
Add component (AddParameter): Name = "Lead Free"; Value = "Lead Free"; VariantName = "[No Variations]"
Add component (AddParameter): Name = "Length"; Value = "6mm"; VariantName = "[No Variations]"
Add component (AddParameter): Name = "Lifecycle Status"; Value = "Production"; VariantName = "[No Variations]"
Add component (AddParameter): Name = "Load Capacitance"; Value = "18pF"; VariantName = "[No Variations]"
Add component (AddParameter): Name = "Manufacturer"; Value = "Abracon"; VariantName = "[No Variations]"
Add component (AddParameter): Name = "Manufacturer Part Number"; Value = "ABM7-16.000MHZ-D2Y-T"; VariantName = "[No Variations]"
Add component (AddParameter): Name = "Max Operating Temperature"; Value = "85°C"; VariantName = "[No Variations]"
Add component (AddParameter): Name = "Min Operating Temperature"; Value = "-40°C"; VariantName = "[No Variations]"
Add component (AddParameter): Name = "Mounting Technology"; Value = "Surface Mount"; VariantName = "[No Variations]"
Add component (AddParameter): Name = "Pins"; Value = "2"; VariantName = "[No Variations]"
Add component (AddParameter): Name = "Pricing"; Value = "1=0.66, 10=0.573, 25=0.542, 50=0.5196, 100=0.4981, 250=0.47104, 500=0.45152 (USD)"; VariantName = "[No Variations]"
Add component (AddParameter): Name = "Radiation Hardening"; Value = "No"; VariantName = "[No Variations]"
Add component (AddParameter): Name = "REACH SVHC"; Value = "Yes"; VariantName = "[No Variations]"
Add component (AddParameter): Name = "RoHS"; Value = "Compliant"; VariantName = "[No Variations]"
Add component (AddParameter): Name = "Schedule B"; Value = "8541600025, 8541600025|8541600025|8541600025|8541600025|8541600025, 8541600080"; VariantName = "[No Variations]"
Add component (AddParameter): Name = "Stock"; Value = "14417"; VariantName = "[No Variations]"
Add component (AddParameter): Name = "Supplier"; Value = "DigiKey"; VariantName = "[No Variations]"
Add component (AddParameter): Name = "Supplier Part Number"; Value = "535-9840-1-ND"; VariantName = "[No Variations]"
Add component (AddParameter): Name = "Termination"; Value = "SMD/SMT"; VariantName = "[No Variations]"
Add component (AddParameter): Name = "Tolerance"; Value = "0.002%"; VariantName = "[No Variations]"
Add component (AddParameter): Name = "Width"; Value = "3.5mm"; VariantName = "[No Variations]"
Added Component: Designator=Y2(ABM7-16.000MHZ-D2Y-T)
Add component (AddParameter): Name = "Case/Package"; Value = "CSMD"; VariantName = "[No Variations]"
Add component (AddParameter): Name = "Category"; Value = "Crystals"; VariantName = "[No Variations]"
Add component (AddParameter): Name = "China RoHS"; Value = "Non-Compliant"; VariantName = "[No Variations]"
Add component (AddParameter): Name = "ComponentLink1Description"; Value = "https://datasheet.octopart.com:443/ABM7-16.000MHZ-D2Y-T-Abracon-datasheet-103053454.pdf?src-supplier=ODG+(Origin+Data+Global)"; VariantName = "[No Variations]"
Add component (AddParameter): Name = "ComponentLink1URL"; Value = "https://datasheet.octopart.com:443/ABM7-16.000MHZ-D2Y-T-Abracon-datasheet-103053454.pdf?src-supplier=ODG+(Origin+Data+Global)"; VariantName = "[No Variations]"
Add component (AddParameter): Name = "ComponentLink2Description"; Value = "https://datasheet.octopart.com:443/ABM7-16.000MHZ-D2Y-T-Abracon-datasheet-10672703.pdf?src-supplier=Farnell"; VariantName = "[No Variations]"
Add component (AddParameter): Name = "ComponentLink2URL"; Value = "https://datasheet.octopart.com:443/ABM7-16.000MHZ-D2Y-T-Abracon-datasheet-10672703.pdf?src-supplier=Farnell"; VariantName = "[No Variations]"
Add component (AddParameter): Name = "ComponentLink3Description"; Value = "https://datasheet.octopart.com:443/ABM7-16.000MHZ-D2Y-T-Abracon-datasheet-8837364.pdf?src-supplier=Upverter"; VariantName = "[No Variations]"
Add component (AddParameter): Name = "ComponentLink3URL"; Value = "https://datasheet.octopart.com:443/ABM7-16.000MHZ-D2Y-T-Abracon-datasheet-8837364.pdf?src-supplier=Upverter"; VariantName = "[No Variations]"
Add component (AddParameter): Name = "ComponentLink4Description"; Value = "https://datasheet.octopart.com:443/ABM7-16.000MHZ-D2Y-T-Abracon-datasheet-8817375.pdf?src-supplier=Upverter"; VariantName = "[No Variations]"
Add component (AddParameter): Name = "ComponentLink4URL"; Value = "https://datasheet.octopart.com:443/ABM7-16.000MHZ-D2Y-T-Abracon-datasheet-8817375.pdf?src-supplier=Upverter"; VariantName = "[No Variations]"
Add component (AddParameter): Name = "ComponentLink5Description"; Value = "https://datasheet.octopart.com:443/ABM7-16.000MHZ-D2Y-T-Abracon-datasheet-8699803.pdf?src-supplier=Upverter"; VariantName = "[No Variations]"
Add component (AddParameter): Name = "ComponentLink5URL"; Value = "https://datasheet.octopart.com:443/ABM7-16.000MHZ-D2Y-T-Abracon-datasheet-8699803.pdf?src-supplier=Upverter"; VariantName = "[No Variations]"
Add component (AddParameter): Name = "ComponentLink6Description"; Value = "https://datasheet.octopart.com:443/ABM7-16.000MHZ-D2Y-T-Abracon-datasheet-8623263.pdf?src-supplier=Upverter"; VariantName = "[No Variations]"
Add component (AddParameter): Name = "ComponentLink6URL"; Value = "https://datasheet.octopart.com:443/ABM7-16.000MHZ-D2Y-T-Abracon-datasheet-8623263.pdf?src-supplier=Upverter"; VariantName = "[No Variations]"
Add component (AddParameter): Name = "ComponentLink7Description"; Value = "https://datasheet.octopart.com:443/ABM7-16.000MHZ-D2Y-T-Abracon-datasheet-8452219.pdf?src-supplier=Upverter"; VariantName = "[No Variations]"
Add component (AddParameter): Name = "ComponentLink7URL"; Value = "https://datasheet.octopart.com:443/ABM7-16.000MHZ-D2Y-T-Abracon-datasheet-8452219.pdf?src-supplier=Upverter"; VariantName = "[No Variations]"
Add component (AddParameter): Name = "ComponentLink8Description"; Value = "https://datasheet.octopart.com:443/ABM7-16.000MHZ-D2Y-T-Abracon-datasheet-8330406.pdf?src-supplier=Upverter"; VariantName = "[No Variations]"
Add component (AddParameter): Name = "ComponentLink8URL"; Value = "https://datasheet.octopart.com:443/ABM7-16.000MHZ-D2Y-T-Abracon-datasheet-8330406.pdf?src-supplier=Upverter"; VariantName = "[No Variations]"
Add component (AddParameter): Name = "ComponentLink9Description"; Value = "https://datasheet.octopart.com:443/ABM7-16.000MHZ-D2Y-T-Abracon-datasheet-5320088.pdf?src-supplier=Upverter"; VariantName = "[No Variations]"
Add component (AddParameter): Name = "ComponentLink9URL"; Value = "https://datasheet.octopart.com:443/ABM7-16.000MHZ-D2Y-T-Abracon-datasheet-5320088.pdf?src-supplier=Upverter"; VariantName = "[No Variations]"
Add component (AddParameter): Name = "ComponentLink10Description"; Value = "https://datasheet.octopart.com:443/ABM7-16.000MHZ-D2Y-T-Abracon-datasheet-192985852.pdf?src-supplier=JRH+Electronics"; VariantName = "[No Variations]"
Add component (AddParameter): Name = "ComponentLink10URL"; Value = "https://datasheet.octopart.com:443/ABM7-16.000MHZ-D2Y-T-Abracon-datasheet-192985852.pdf?src-supplier=JRH+Electronics"; VariantName = "[No Variations]"
Add component (AddParameter): Name = "ComponentLink11Description"; Value = "https://datasheet.octopart.com:443/ABM7-16.000MHZ-D2Y-T-Abracon-datasheet-157440075.pdf?src-supplier=Sager+Electronics"; VariantName = "[No Variations]"
Add component (AddParameter): Name = "ComponentLink11URL"; Value = "https://datasheet.octopart.com:443/ABM7-16.000MHZ-D2Y-T-Abracon-datasheet-157440075.pdf?src-supplier=Sager+Electronics"; VariantName = "[No Variations]"
Add component (AddParameter): Name = "ComponentLink12Description"; Value = "https://sigma.octopart.com:443/141159867/technical_drawing/Abracon-ABM7-16.000MHZ-D2Y-T.pdf?src-supplier=Abracon+SCT"; VariantName = "[No Variations]"
Add component (AddParameter): Name = "ComponentLink12URL"; Value = "https://sigma.octopart.com:443/141159867/technical_drawing/Abracon-ABM7-16.000MHZ-D2Y-T.pdf?src-supplier=Abracon+SCT"; VariantName = "[No Variations]"
Add component (AddParameter): Name = "ComponentLink13Description"; Value = "https://datasheet.octopart.com:443/ABM7-16.000MHZ-D2Y-T-Abracon-datasheet-15994676.pdf?src-supplier=TME"; VariantName = "[No Variations]"
Add component (AddParameter): Name = "ComponentLink13URL"; Value = "https://datasheet.octopart.com:443/ABM7-16.000MHZ-D2Y-T-Abracon-datasheet-15994676.pdf?src-supplier=TME"; VariantName = "[No Variations]"
Add component (AddParameter): Name = "ComponentLink14Description"; Value = "http://sigma.octopart.com:80/conflict_mineral_statement/Abracon-company-27.pdf?src-supplier=Compliance+Statements"; VariantName = "[No Variations]"
Add component (AddParameter): Name = "ComponentLink14URL"; Value = "http://sigma.octopart.com:80/conflict_mineral_statement/Abracon-company-27.pdf?src-supplier=Compliance+Statements"; VariantName = "[No Variations]"
Add component (AddParameter): Name = "Composition"; Value = "Ceramic"; VariantName = "[No Variations]"
Add component (AddParameter): Name = "Country of Origin"; Value = "South Korea"; VariantName = "[No Variations]"
Add component (AddParameter): Name = "Depth"; Value = "3.5mm"; VariantName = "[No Variations]"
Add component (AddParameter): Name = "ESR"; Value = "50O"; VariantName = "[No Variations]"
Add component (AddParameter): Name = "ESR (Equivalent Series Resistance)"; Value = "50O"; VariantName = "[No Variations]"
Add component (AddParameter): Name = "Export Control Classification Number (ECCN) Code"; Value = "EAR99"; VariantName = "[No Variations]"
Add component (AddParameter): Name = "Frequency"; Value = "16MHz"; VariantName = "[No Variations]"
Add component (AddParameter): Name = "Frequency Stability"; Value = "30ppm"; VariantName = "[No Variations]"
Add component (AddParameter): Name = "Frequency Tolerance"; Value = "0.002%"; VariantName = "[No Variations]"
Add component (AddParameter): Name = "Harmonized Tariff Schedule (HTS) Code"; Value = "8541.60.00.60"; VariantName = "[No Variations]"
Add component (AddParameter): Name = "Height"; Value = "1.4mm"; VariantName = "[No Variations]"
Add component (AddParameter): Name = "Introduction Date"; Value = "2010-12-13"; VariantName = "[No Variations]"
Add component (AddParameter): Name = "Lead Free"; Value = "Lead Free"; VariantName = "[No Variations]"
Add component (AddParameter): Name = "Length"; Value = "6mm"; VariantName = "[No Variations]"
Add component (AddParameter): Name = "Lifecycle Status"; Value = "Production"; VariantName = "[No Variations]"
Add component (AddParameter): Name = "Load Capacitance"; Value = "18pF"; VariantName = "[No Variations]"
Add component (AddParameter): Name = "Manufacturer"; Value = "Abracon"; VariantName = "[No Variations]"
Add component (AddParameter): Name = "Manufacturer Part Number"; Value = "ABM7-16.000MHZ-D2Y-T"; VariantName = "[No Variations]"
Add component (AddParameter): Name = "Max Operating Temperature"; Value = "85°C"; VariantName = "[No Variations]"
Add component (AddParameter): Name = "Min Operating Temperature"; Value = "-40°C"; VariantName = "[No Variations]"
Add component (AddParameter): Name = "Mounting Technology"; Value = "Surface Mount"; VariantName = "[No Variations]"
Add component (AddParameter): Name = "Pins"; Value = "2"; VariantName = "[No Variations]"
Add component (AddParameter): Name = "Pricing"; Value = "1=0.66, 10=0.573, 25=0.542, 50=0.5196, 100=0.4981, 250=0.47104, 500=0.45152 (USD)"; VariantName = "[No Variations]"
Add component (AddParameter): Name = "Radiation Hardening"; Value = "No"; VariantName = "[No Variations]"
Add component (AddParameter): Name = "REACH SVHC"; Value = "Yes"; VariantName = "[No Variations]"
Add component (AddParameter): Name = "RoHS"; Value = "Compliant"; VariantName = "[No Variations]"
Add component (AddParameter): Name = "Schedule B"; Value = "8541600025, 8541600025|8541600025|8541600025|8541600025|8541600025, 8541600080"; VariantName = "[No Variations]"
Add component (AddParameter): Name = "Stock"; Value = "14417"; VariantName = "[No Variations]"
Add component (AddParameter): Name = "Supplier"; Value = "DigiKey"; VariantName = "[No Variations]"
Add component (AddParameter): Name = "Supplier Part Number"; Value = "535-9840-1-ND"; VariantName = "[No Variations]"
Add component (AddParameter): Name = "Termination"; Value = "SMD/SMT"; VariantName = "[No Variations]"
Add component (AddParameter): Name = "Tolerance"; Value = "0.002%"; VariantName = "[No Variations]"
Add component (AddParameter): Name = "Width"; Value = "3.5mm"; VariantName = "[No Variations]"
Added Component: Designator=Z1(R0603)
Add component (AddParameter): Name = "Case Code (Imperial)"; Value = "0603"; VariantName = "[No Variations]"
Add component (AddParameter): Name = "Case Code (Metric)"; Value = "1608"; VariantName = "[No Variations]"
Add component (AddParameter): Name = "Case/Package"; Value = "0603"; VariantName = "[No Variations]"
Add component (AddParameter): Name = "Category"; Value = "Variable Resistors and Potentiometers"; VariantName = "[No Variations]"
Add component (AddParameter): Name = "China RoHS"; Value = "Compliant"; VariantName = "[No Variations]"
Add component (AddParameter): Name = "Clamping Voltage"; Value = "20V"; VariantName = "[No Variations]"
Add component (AddParameter): Name = "ComponentLink1Description"; Value = "https://datasheet.octopart.com:443/CG0603MLC-05E-Bourns-datasheet-182141775.pdf?src-supplier=IHS"; VariantName = "[No Variations]"
Add component (AddParameter): Name = "ComponentLink1URL"; Value = "https://datasheet.octopart.com:443/CG0603MLC-05E-Bourns-datasheet-182141775.pdf?src-supplier=IHS"; VariantName = "[No Variations]"
Add component (AddParameter): Name = "ComponentLink2Description"; Value = "https://datasheet.octopart.com:443/CG0603MLC-05E-Bourns-datasheet-17172219.pdf?src-supplier=Upverter"; VariantName = "[No Variations]"
Add component (AddParameter): Name = "ComponentLink2URL"; Value = "https://datasheet.octopart.com:443/CG0603MLC-05E-Bourns-datasheet-17172219.pdf?src-supplier=Upverter"; VariantName = "[No Variations]"
Add component (AddParameter): Name = "ComponentLink3Description"; Value = "https://datasheet.octopart.com:443/CG0603MLC-05E-Bourns-datasheet-8497455.pdf?src-supplier=Upverter"; VariantName = "[No Variations]"
Add component (AddParameter): Name = "ComponentLink3URL"; Value = "https://datasheet.octopart.com:443/CG0603MLC-05E-Bourns-datasheet-8497455.pdf?src-supplier=Upverter"; VariantName = "[No Variations]"
Add component (AddParameter): Name = "ComponentLink4Description"; Value = "https://datasheet.octopart.com:443/CG0603MLC-05E-Bourns-datasheet-21823698.pdf?src-supplier=Master+Electronics"; VariantName = "[No Variations]"
Add component (AddParameter): Name = "ComponentLink4URL"; Value = "https://datasheet.octopart.com:443/CG0603MLC-05E-Bourns-datasheet-21823698.pdf?src-supplier=Master+Electronics"; VariantName = "[No Variations]"
Add component (AddParameter): Name = "ComponentLink5Description"; Value = "https://datasheet.octopart.com:443/CG0603MLC-05E-Bourns-datasheet-80871568.pdf?src-supplier=Farnell"; VariantName = "[No Variations]"
Add component (AddParameter): Name = "ComponentLink5URL"; Value = "https://datasheet.octopart.com:443/CG0603MLC-05E-Bourns-datasheet-80871568.pdf?src-supplier=Farnell"; VariantName = "[No Variations]"
Add component (AddParameter): Name = "ComponentLink6Description"; Value = "https://datasheet.octopart.com:443/CG0603MLC-05E-Bourns-datasheet-94104127.pdf?src-supplier=Farnell"; VariantName = "[No Variations]"
Add component (AddParameter): Name = "ComponentLink6URL"; Value = "https://datasheet.octopart.com:443/CG0603MLC-05E-Bourns-datasheet-94104127.pdf?src-supplier=Farnell"; VariantName = "[No Variations]"
Add component (AddParameter): Name = "ComponentLink7Description"; Value = "https://datasheet.octopart.com:443/CG0603MLC-05E-Bourns-datasheet-13383913.pdf?src-supplier=Electro+Sonic"; VariantName = "[No Variations]"
Add component (AddParameter): Name = "ComponentLink7URL"; Value = "https://datasheet.octopart.com:443/CG0603MLC-05E-Bourns-datasheet-13383913.pdf?src-supplier=Electro+Sonic"; VariantName = "[No Variations]"
Add component (AddParameter): Name = "ComponentLink8Description"; Value = "https://datasheet.octopart.com:443/CG0603MLC-05E-Bourns-datasheet-169697978.pdf?src-supplier=Burklin+Elektronik"; VariantName = "[No Variations]"
Add component (AddParameter): Name = "ComponentLink8URL"; Value = "https://datasheet.octopart.com:443/CG0603MLC-05E-Bourns-datasheet-169697978.pdf?src-supplier=Burklin+Elektronik"; VariantName = "[No Variations]"
Add component (AddParameter): Name = "ComponentLink9Description"; Value = "https://datasheet.octopart.com:443/CG0603MLC-05E-Bourns-datasheet-14050724.pdf?src-supplier=iiiC"; VariantName = "[No Variations]"
Add component (AddParameter): Name = "ComponentLink9URL"; Value = "https://datasheet.octopart.com:443/CG0603MLC-05E-Bourns-datasheet-14050724.pdf?src-supplier=iiiC"; VariantName = "[No Variations]"
Add component (AddParameter): Name = "ComponentLink10Description"; Value = "https://datasheet.octopart.com:443/CG0603MLC-05E-Bourns-datasheet-5391063.pdf?src-supplier=Verical"; VariantName = "[No Variations]"
Add component (AddParameter): Name = "ComponentLink10URL"; Value = "https://datasheet.octopart.com:443/CG0603MLC-05E-Bourns-datasheet-5391063.pdf?src-supplier=Verical"; VariantName = "[No Variations]"
Add component (AddParameter): Name = "ComponentLink11Description"; Value = "https://datasheet.octopart.com:443/CG0603MLC-05E-Bourns-datasheet-7620537.pdf?src-supplier=Jameco+(USA)"; VariantName = "[No Variations]"
Add component (AddParameter): Name = "ComponentLink11URL"; Value = "https://datasheet.octopart.com:443/CG0603MLC-05E-Bourns-datasheet-7620537.pdf?src-supplier=Jameco+(USA)"; VariantName = "[No Variations]"
Add component (AddParameter): Name = "ComponentLink12Description"; Value = "https://datasheet.octopart.com:443/CG0603MLC-05E-Bourns-datasheet-53157.pdf?src-supplier=RS+(Formerly+Allied+Electronics)"; VariantName = "[No Variations]"
Add component (AddParameter): Name = "ComponentLink12URL"; Value = "https://datasheet.octopart.com:443/CG0603MLC-05E-Bourns-datasheet-53157.pdf?src-supplier=RS+(Formerly+Allied+Electronics)"; VariantName = "[No Variations]"
Add component (AddParameter): Name = "ComponentLink13Description"; Value = "https://datasheet.octopart.com:443/CG0603MLC-05E-Bourns-datasheet-48705.pdf?src-supplier=Mouser"; VariantName = "[No Variations]"
Add component (AddParameter): Name = "ComponentLink13URL"; Value = "https://datasheet.octopart.com:443/CG0603MLC-05E-Bourns-datasheet-48705.pdf?src-supplier=Mouser"; VariantName = "[No Variations]"
Add component (AddParameter): Name = "ComponentLink14Description"; Value = "http://sigma.octopart.com:80/15887669/rohs_statement/Bourns-CG0603MLC-05E.pdf?src-supplier=Compliance+Statements"; VariantName = "[No Variations]"
Add component (AddParameter): Name = "ComponentLink14URL"; Value = "http://sigma.octopart.com:80/15887669/rohs_statement/Bourns-CG0603MLC-05E.pdf?src-supplier=Compliance+Statements"; VariantName = "[No Variations]"
Add component (AddParameter): Name = "ComponentLink15Description"; Value = "http://sigma.octopart.com:80/conflict_mineral_statement/Bourns-company-36.pdf?src-supplier=Compliance+Statements"; VariantName = "[No Variations]"
Add component (AddParameter): Name = "ComponentLink15URL"; Value = "http://sigma.octopart.com:80/conflict_mineral_statement/Bourns-company-36.pdf?src-supplier=Compliance+Statements"; VariantName = "[No Variations]"
Add component (AddParameter): Name = "Contact Plating"; Value = "Silver"; VariantName = "[No Variations]"
Add component (AddParameter): Name = "Current Rating"; Value = "50nA"; VariantName = "[No Variations]"
Add component (AddParameter): Name = "Depth"; Value = "800µm"; VariantName = "[No Variations]"
Add component (AddParameter): Name = "Element Configuration"; Value = "Single"; VariantName = "[No Variations]"
Add component (AddParameter): Name = "Export Control Classification Number (ECCN) Code"; Value = "EAR99"; VariantName = "[No Variations]"
Add component (AddParameter): Name = "Harmonized Tariff Schedule (HTS) Code"; Value = "8533.40.40.00"; VariantName = "[No Variations]"
Add component (AddParameter): Name = "Height"; Value = "510µm"; VariantName = "[No Variations]"
Add component (AddParameter): Name = "Introduction Date"; Value = "2003-02-25"; VariantName = "[No Variations]"
Add component (AddParameter): Name = "Leakage Current"; Value = "50nA"; VariantName = "[No Variations]"
Add component (AddParameter): Name = "Length"; Value = "1.6mm"; VariantName = "[No Variations]"
Add component (AddParameter): Name = "Lifecycle Status"; Value = "NRND"; VariantName = "[No Variations]"
Add component (AddParameter): Name = "Manufacturer"; Value = "Bourns"; VariantName = "[No Variations]"
Add component (AddParameter): Name = "Manufacturer Part Number"; Value = "CG0603MLC-05E"; VariantName = "[No Variations]"
Add component (AddParameter): Name = "Max Operating Temperature"; Value = "125°C"; VariantName = "[No Variations]"
Add component (AddParameter): Name = "Max Voltage Rating (DC)"; Value = "5V"; VariantName = "[No Variations]"
Add component (AddParameter): Name = "Min Operating Temperature"; Value = "-55°C"; VariantName = "[No Variations]"
Add component (AddParameter): Name = "Mounting Technology"; Value = "Surface Mount"; VariantName = "[No Variations]"
Add component (AddParameter): Name = "Number of Channels"; Value = "1"; VariantName = "[No Variations]"
Add component (AddParameter): Name = "Number of Circuits"; Value = "1"; VariantName = "[No Variations]"
Add component (AddParameter): Name = "Number of Terminals"; Value = "2"; VariantName = "[No Variations]"
Add component (AddParameter): Name = "Packaging"; Value = "Tape and Reel"; VariantName = "[No Variations]"
Add component (AddParameter): Name = "Pins"; Value = "2"; VariantName = "[No Variations]"
Add component (AddParameter): Name = "Pricing"; Value = "1=0.28, 10=0.196, 25=0.1732, 100=0.1485, 250=0.13676, 500=0.12966, 1000=0.12382, 2500=0.11765 (USD)"; VariantName = "[No Variations]"
Add component (AddParameter): Name = "Radiation Hardening"; Value = "No"; VariantName = "[No Variations]"
Add component (AddParameter): Name = "Ratings"; Value = "AEC-Q200"; VariantName = "[No Variations]"
Add component (AddParameter): Name = "REACH SVHC"; Value = "Yes"; VariantName = "[No Variations]"
Add component (AddParameter): Name = "RoHS"; Value = "Compliant"; VariantName = "[No Variations]"
Add component (AddParameter): Name = "Schedule B"; Value = "8536300000, 8536300000|8536300000, 8536300000|8536300000|8536300000, 8536300000|8536300000|8536300000|8536300000"; VariantName = "[No Variations]"
Add component (AddParameter): Name = "Stock"; Value = "227823"; VariantName = "[No Variations]"
Add component (AddParameter): Name = "Supplier"; Value = "DigiKey"; VariantName = "[No Variations]"
Add component (AddParameter): Name = "Supplier Part Number"; Value = "CG0603MLC-05ECT-ND"; VariantName = "[No Variations]"
Add component (AddParameter): Name = "Termination"; Value = "SMD/SMT"; VariantName = "[No Variations]"
Add component (AddParameter): Name = "Thickness"; Value = "800µm"; VariantName = "[No Variations]"
Add component (AddParameter): Name = "Turn-On Delay Time"; Value = "1ns"; VariantName = "[No Variations]"
Add component (AddParameter): Name = "Value"; Value = "500fF"; VariantName = "[No Variations]"
Add component (AddParameter): Name = "Voltage"; Value = "5V"; VariantName = "[No Variations]"
Add component (AddParameter): Name = "Voltage Rating (AC)"; Value = "8V"; VariantName = "[No Variations]"
Add component (AddParameter): Name = "Voltage Rating (DC)"; Value = "5V"; VariantName = "[No Variations]"
Add component (AddParameter): Name = "Width"; Value = "850µm"; VariantName = "[No Variations]"
Add component (AddParameter): Name = "Working Voltage"; Value = "5V"; VariantName = "[No Variations]"
Added Component: Designator=Z2(R0603)
Add component (AddParameter): Name = "Case Code (Imperial)"; Value = "0603"; VariantName = "[No Variations]"
Add component (AddParameter): Name = "Case Code (Metric)"; Value = "1608"; VariantName = "[No Variations]"
Add component (AddParameter): Name = "Case/Package"; Value = "0603"; VariantName = "[No Variations]"
Add component (AddParameter): Name = "Category"; Value = "Variable Resistors and Potentiometers"; VariantName = "[No Variations]"
Add component (AddParameter): Name = "China RoHS"; Value = "Compliant"; VariantName = "[No Variations]"
Add component (AddParameter): Name = "Clamping Voltage"; Value = "20V"; VariantName = "[No Variations]"
Add component (AddParameter): Name = "ComponentLink1Description"; Value = "https://datasheet.octopart.com:443/CG0603MLC-05E-Bourns-datasheet-182141775.pdf?src-supplier=IHS"; VariantName = "[No Variations]"
Add component (AddParameter): Name = "ComponentLink1URL"; Value = "https://datasheet.octopart.com:443/CG0603MLC-05E-Bourns-datasheet-182141775.pdf?src-supplier=IHS"; VariantName = "[No Variations]"
Add component (AddParameter): Name = "ComponentLink2Description"; Value = "https://datasheet.octopart.com:443/CG0603MLC-05E-Bourns-datasheet-17172219.pdf?src-supplier=Upverter"; VariantName = "[No Variations]"
Add component (AddParameter): Name = "ComponentLink2URL"; Value = "https://datasheet.octopart.com:443/CG0603MLC-05E-Bourns-datasheet-17172219.pdf?src-supplier=Upverter"; VariantName = "[No Variations]"
Add component (AddParameter): Name = "ComponentLink3Description"; Value = "https://datasheet.octopart.com:443/CG0603MLC-05E-Bourns-datasheet-8497455.pdf?src-supplier=Upverter"; VariantName = "[No Variations]"
Add component (AddParameter): Name = "ComponentLink3URL"; Value = "https://datasheet.octopart.com:443/CG0603MLC-05E-Bourns-datasheet-8497455.pdf?src-supplier=Upverter"; VariantName = "[No Variations]"
Add component (AddParameter): Name = "ComponentLink4Description"; Value = "https://datasheet.octopart.com:443/CG0603MLC-05E-Bourns-datasheet-21823698.pdf?src-supplier=Master+Electronics"; VariantName = "[No Variations]"
Add component (AddParameter): Name = "ComponentLink4URL"; Value = "https://datasheet.octopart.com:443/CG0603MLC-05E-Bourns-datasheet-21823698.pdf?src-supplier=Master+Electronics"; VariantName = "[No Variations]"
Add component (AddParameter): Name = "ComponentLink5Description"; Value = "https://datasheet.octopart.com:443/CG0603MLC-05E-Bourns-datasheet-80871568.pdf?src-supplier=Farnell"; VariantName = "[No Variations]"
Add component (AddParameter): Name = "ComponentLink5URL"; Value = "https://datasheet.octopart.com:443/CG0603MLC-05E-Bourns-datasheet-80871568.pdf?src-supplier=Farnell"; VariantName = "[No Variations]"
Add component (AddParameter): Name = "ComponentLink6Description"; Value = "https://datasheet.octopart.com:443/CG0603MLC-05E-Bourns-datasheet-94104127.pdf?src-supplier=Farnell"; VariantName = "[No Variations]"
Add component (AddParameter): Name = "ComponentLink6URL"; Value = "https://datasheet.octopart.com:443/CG0603MLC-05E-Bourns-datasheet-94104127.pdf?src-supplier=Farnell"; VariantName = "[No Variations]"
Add component (AddParameter): Name = "ComponentLink7Description"; Value = "https://datasheet.octopart.com:443/CG0603MLC-05E-Bourns-datasheet-13383913.pdf?src-supplier=Electro+Sonic"; VariantName = "[No Variations]"
Add component (AddParameter): Name = "ComponentLink7URL"; Value = "https://datasheet.octopart.com:443/CG0603MLC-05E-Bourns-datasheet-13383913.pdf?src-supplier=Electro+Sonic"; VariantName = "[No Variations]"
Add component (AddParameter): Name = "ComponentLink8Description"; Value = "https://datasheet.octopart.com:443/CG0603MLC-05E-Bourns-datasheet-169697978.pdf?src-supplier=Burklin+Elektronik"; VariantName = "[No Variations]"
Add component (AddParameter): Name = "ComponentLink8URL"; Value = "https://datasheet.octopart.com:443/CG0603MLC-05E-Bourns-datasheet-169697978.pdf?src-supplier=Burklin+Elektronik"; VariantName = "[No Variations]"
Add component (AddParameter): Name = "ComponentLink9Description"; Value = "https://datasheet.octopart.com:443/CG0603MLC-05E-Bourns-datasheet-14050724.pdf?src-supplier=iiiC"; VariantName = "[No Variations]"
Add component (AddParameter): Name = "ComponentLink9URL"; Value = "https://datasheet.octopart.com:443/CG0603MLC-05E-Bourns-datasheet-14050724.pdf?src-supplier=iiiC"; VariantName = "[No Variations]"
Add component (AddParameter): Name = "ComponentLink10Description"; Value = "https://datasheet.octopart.com:443/CG0603MLC-05E-Bourns-datasheet-5391063.pdf?src-supplier=Verical"; VariantName = "[No Variations]"
Add component (AddParameter): Name = "ComponentLink10URL"; Value = "https://datasheet.octopart.com:443/CG0603MLC-05E-Bourns-datasheet-5391063.pdf?src-supplier=Verical"; VariantName = "[No Variations]"
Add component (AddParameter): Name = "ComponentLink11Description"; Value = "https://datasheet.octopart.com:443/CG0603MLC-05E-Bourns-datasheet-7620537.pdf?src-supplier=Jameco+(USA)"; VariantName = "[No Variations]"
Add component (AddParameter): Name = "ComponentLink11URL"; Value = "https://datasheet.octopart.com:443/CG0603MLC-05E-Bourns-datasheet-7620537.pdf?src-supplier=Jameco+(USA)"; VariantName = "[No Variations]"
Add component (AddParameter): Name = "ComponentLink12Description"; Value = "https://datasheet.octopart.com:443/CG0603MLC-05E-Bourns-datasheet-53157.pdf?src-supplier=RS+(Formerly+Allied+Electronics)"; VariantName = "[No Variations]"
Add component (AddParameter): Name = "ComponentLink12URL"; Value = "https://datasheet.octopart.com:443/CG0603MLC-05E-Bourns-datasheet-53157.pdf?src-supplier=RS+(Formerly+Allied+Electronics)"; VariantName = "[No Variations]"
Add component (AddParameter): Name = "ComponentLink13Description"; Value = "https://datasheet.octopart.com:443/CG0603MLC-05E-Bourns-datasheet-48705.pdf?src-supplier=Mouser"; VariantName = "[No Variations]"
Add component (AddParameter): Name = "ComponentLink13URL"; Value = "https://datasheet.octopart.com:443/CG0603MLC-05E-Bourns-datasheet-48705.pdf?src-supplier=Mouser"; VariantName = "[No Variations]"
Add component (AddParameter): Name = "ComponentLink14Description"; Value = "http://sigma.octopart.com:80/15887669/rohs_statement/Bourns-CG0603MLC-05E.pdf?src-supplier=Compliance+Statements"; VariantName = "[No Variations]"
Add component (AddParameter): Name = "ComponentLink14URL"; Value = "http://sigma.octopart.com:80/15887669/rohs_statement/Bourns-CG0603MLC-05E.pdf?src-supplier=Compliance+Statements"; VariantName = "[No Variations]"
Add component (AddParameter): Name = "ComponentLink15Description"; Value = "http://sigma.octopart.com:80/conflict_mineral_statement/Bourns-company-36.pdf?src-supplier=Compliance+Statements"; VariantName = "[No Variations]"
Add component (AddParameter): Name = "ComponentLink15URL"; Value = "http://sigma.octopart.com:80/conflict_mineral_statement/Bourns-company-36.pdf?src-supplier=Compliance+Statements"; VariantName = "[No Variations]"
Add component (AddParameter): Name = "Contact Plating"; Value = "Silver"; VariantName = "[No Variations]"
Add component (AddParameter): Name = "Current Rating"; Value = "50nA"; VariantName = "[No Variations]"
Add component (AddParameter): Name = "Depth"; Value = "800µm"; VariantName = "[No Variations]"
Add component (AddParameter): Name = "Element Configuration"; Value = "Single"; VariantName = "[No Variations]"
Add component (AddParameter): Name = "Export Control Classification Number (ECCN) Code"; Value = "EAR99"; VariantName = "[No Variations]"
Add component (AddParameter): Name = "Harmonized Tariff Schedule (HTS) Code"; Value = "8533.40.40.00"; VariantName = "[No Variations]"
Add component (AddParameter): Name = "Height"; Value = "510µm"; VariantName = "[No Variations]"
Add component (AddParameter): Name = "Introduction Date"; Value = "2003-02-25"; VariantName = "[No Variations]"
Add component (AddParameter): Name = "Leakage Current"; Value = "50nA"; VariantName = "[No Variations]"
Add component (AddParameter): Name = "Length"; Value = "1.6mm"; VariantName = "[No Variations]"
Add component (AddParameter): Name = "Lifecycle Status"; Value = "NRND"; VariantName = "[No Variations]"
Add component (AddParameter): Name = "Manufacturer"; Value = "Bourns"; VariantName = "[No Variations]"
Add component (AddParameter): Name = "Manufacturer Part Number"; Value = "CG0603MLC-05E"; VariantName = "[No Variations]"
Add component (AddParameter): Name = "Max Operating Temperature"; Value = "125°C"; VariantName = "[No Variations]"
Add component (AddParameter): Name = "Max Voltage Rating (DC)"; Value = "5V"; VariantName = "[No Variations]"
Add component (AddParameter): Name = "Min Operating Temperature"; Value = "-55°C"; VariantName = "[No Variations]"
Add component (AddParameter): Name = "Mounting Technology"; Value = "Surface Mount"; VariantName = "[No Variations]"
Add component (AddParameter): Name = "Number of Channels"; Value = "1"; VariantName = "[No Variations]"
Add component (AddParameter): Name = "Number of Circuits"; Value = "1"; VariantName = "[No Variations]"
Add component (AddParameter): Name = "Number of Terminals"; Value = "2"; VariantName = "[No Variations]"
Add component (AddParameter): Name = "Packaging"; Value = "Tape and Reel"; VariantName = "[No Variations]"
Add component (AddParameter): Name = "Pins"; Value = "2"; VariantName = "[No Variations]"
Add component (AddParameter): Name = "Pricing"; Value = "1=0.28, 10=0.196, 25=0.1732, 100=0.1485, 250=0.13676, 500=0.12966, 1000=0.12382, 2500=0.11765 (USD)"; VariantName = "[No Variations]"
Add component (AddParameter): Name = "Radiation Hardening"; Value = "No"; VariantName = "[No Variations]"
Add component (AddParameter): Name = "Ratings"; Value = "AEC-Q200"; VariantName = "[No Variations]"
Add component (AddParameter): Name = "REACH SVHC"; Value = "Yes"; VariantName = "[No Variations]"
Add component (AddParameter): Name = "RoHS"; Value = "Compliant"; VariantName = "[No Variations]"
Add component (AddParameter): Name = "Schedule B"; Value = "8536300000, 8536300000|8536300000, 8536300000|8536300000|8536300000, 8536300000|8536300000|8536300000|8536300000"; VariantName = "[No Variations]"
Add component (AddParameter): Name = "Stock"; Value = "227823"; VariantName = "[No Variations]"
Add component (AddParameter): Name = "Supplier"; Value = "DigiKey"; VariantName = "[No Variations]"
Add component (AddParameter): Name = "Supplier Part Number"; Value = "CG0603MLC-05ECT-ND"; VariantName = "[No Variations]"
Add component (AddParameter): Name = "Termination"; Value = "SMD/SMT"; VariantName = "[No Variations]"
Add component (AddParameter): Name = "Thickness"; Value = "800µm"; VariantName = "[No Variations]"
Add component (AddParameter): Name = "Turn-On Delay Time"; Value = "1ns"; VariantName = "[No Variations]"
Add component (AddParameter): Name = "Value"; Value = "500fF"; VariantName = "[No Variations]"
Add component (AddParameter): Name = "Voltage"; Value = "5V"; VariantName = "[No Variations]"
Add component (AddParameter): Name = "Voltage Rating (AC)"; Value = "8V"; VariantName = "[No Variations]"
Add component (AddParameter): Name = "Voltage Rating (DC)"; Value = "5V"; VariantName = "[No Variations]"
Add component (AddParameter): Name = "Width"; Value = "850µm"; VariantName = "[No Variations]"
Add component (AddParameter): Name = "Working Voltage"; Value = "5V"; VariantName = "[No Variations]"
Added Pin To Net: NetName=+3V3 Pin=C13-2
Added Pin To Net: NetName=+3V3 Pin=C16-2
Added Pin To Net: NetName=+3V3 Pin=J1-4
Added Pin To Net: NetName=+3V3 Pin=JP4-3
Added Pin To Net: NetName=+3V3 Pin=R28-2
Added Pin To Net: NetName=+3V3 Pin=U3-4
Added Pin To Net: NetName=+3V3 Pin=U3-5
Added Net: Name=+3V3
Added Pin To Net: NetName=+3V3_16U2_UCAP Pin=C7-2
Added Pin To Net: NetName=+3V3_16U2_UCAP Pin=R26-1
Added Pin To Net: NetName=+3V3_16U2_UCAP Pin=U2-27
Added Net: Name=+3V3_16U2_UCAP
Added Pin To Net: NetName=+5V Pin=C2-1
Added Pin To Net: NetName=+5V Pin=C6-2
Added Pin To Net: NetName=+5V Pin=C8-2
Added Pin To Net: NetName=+5V Pin=C12-2
Added Pin To Net: NetName=+5V Pin=C14-2
Added Pin To Net: NetName=+5V Pin=C15-2
Added Pin To Net: NetName=+5V Pin=C17-2
Added Pin To Net: NetName=+5V Pin=C26-1
Added Pin To Net: NetName=+5V Pin=C28-2
Added Pin To Net: NetName=+5V Pin=C29-2
Added Pin To Net: NetName=+5V Pin=C30-2
Added Pin To Net: NetName=+5V Pin=C34-2
Added Pin To Net: NetName=+5V Pin=D5-1
Added Pin To Net: NetName=+5V Pin=D6-1
Added Pin To Net: NetName=+5V Pin=FB1-1
Added Pin To Net: NetName=+5V Pin=FB2-1
Added Pin To Net: NetName=+5V Pin=FB3-1
Added Pin To Net: NetName=+5V Pin=J1-2
Added Pin To Net: NetName=+5V Pin=J1-5
Added Pin To Net: NetName=+5V Pin=J5-2
Added Pin To Net: NetName=+5V Pin=J6-2
Added Pin To Net: NetName=+5V Pin=JP4-1
Added Pin To Net: NetName=+5V Pin=JP4-2
Added Pin To Net: NetName=+5V Pin=L1-2
Added Pin To Net: NetName=+5V Pin=R1-2
Added Pin To Net: NetName=+5V Pin=R2-2
Added Pin To Net: NetName=+5V Pin=R3-2
Added Pin To Net: NetName=+5V Pin=R4-2
Added Pin To Net: NetName=+5V Pin=R14-2
Added Pin To Net: NetName=+5V Pin=R15-2
Added Pin To Net: NetName=+5V Pin=R17-2
Added Pin To Net: NetName=+5V Pin=R18-2
Added Pin To Net: NetName=+5V Pin=R19-2
Added Pin To Net: NetName=+5V Pin=R20-2
Added Pin To Net: NetName=+5V Pin=R21-2
Added Pin To Net: NetName=+5V Pin=R27-1
Added Pin To Net: NetName=+5V Pin=R27-2
Added Pin To Net: NetName=+5V Pin=R28-1
Added Pin To Net: NetName=+5V Pin=U2-31
Added Pin To Net: NetName=+5V Pin=U3-1
Added Pin To Net: NetName=+5V Pin=U3-2
Added Pin To Net: NetName=+5V Pin=U4-5
Added Pin To Net: NetName=+5V Pin=U5-5
Added Pin To Net: NetName=+5V Pin=U6-5
Added Pin To Net: NetName=+5V Pin=U7-5
Added Net: Name=+5V
Added Pin To Net: NetName=+5V/3V3_16U2 Pin=C3-2
Added Pin To Net: NetName=+5V/3V3_16U2 Pin=C4-2
Added Pin To Net: NetName=+5V/3V3_16U2 Pin=C5-2
Added Pin To Net: NetName=+5V/3V3_16U2 Pin=FB1-2
Added Pin To Net: NetName=+5V/3V3_16U2 Pin=R26-2
Added Pin To Net: NetName=+5V/3V3_16U2 Pin=U2-4
Added Pin To Net: NetName=+5V/3V3_16U2 Pin=U2-32
Added Net: Name=+5V/3V3_16U2
Added Pin To Net: NetName=+5V/3V3_328P_AVCC Pin=C22-2
Added Pin To Net: NetName=+5V/3V3_328P_AVCC Pin=C23-2
Added Pin To Net: NetName=+5V/3V3_328P_AVCC Pin=FB3-2
Added Pin To Net: NetName=+5V/3V3_328P_AVCC Pin=U1-20
Added Net: Name=+5V/3V3_328P_AVCC
Added Pin To Net: NetName=+5V/3V3_328P_VCC Pin=C19-2
Added Pin To Net: NetName=+5V/3V3_328P_VCC Pin=C20-2
Added Pin To Net: NetName=+5V/3V3_328P_VCC Pin=FB2-2
Added Pin To Net: NetName=+5V/3V3_328P_VCC Pin=U1-7
Added Net: Name=+5V/3V3_328P_VCC
Added Pin To Net: NetName=+AREF Pin=C21-2
Added Pin To Net: NetName=+AREF Pin=C24-2
Added Pin To Net: NetName=+AREF Pin=J4-8
Added Pin To Net: NetName=+AREF Pin=U1-21
Added Net: Name=+AREF
Added Pin To Net: NetName=5V_USB Pin=C1-1
Added Pin To Net: NetName=5V_USB Pin=L1-1
Added Pin To Net: NetName=5V_USB Pin=J7-A4
Added Pin To Net: NetName=5V_USB Pin=J7-A9
Added Pin To Net: NetName=5V_USB Pin=J7-B4
Added Pin To Net: NetName=5V_USB Pin=J7-B9
Added Net: Name=5V_USB
Added Pin To Net: NetName=16U2_16MHZ_XTAL1 Pin=C10-2
Added Pin To Net: NetName=16U2_16MHZ_XTAL1 Pin=R9-1
Added Pin To Net: NetName=16U2_16MHZ_XTAL1 Pin=U2-1
Added Pin To Net: NetName=16U2_16MHZ_XTAL1 Pin=Y2-2
Added Net: Name=16U2_16MHZ_XTAL1
Added Pin To Net: NetName=16U2_16MHZ_XTAL2 Pin=C9-2
Added Pin To Net: NetName=16U2_16MHZ_XTAL2 Pin=R9-2
Added Pin To Net: NetName=16U2_16MHZ_XTAL2 Pin=U2-2
Added Pin To Net: NetName=16U2_16MHZ_XTAL2 Pin=Y2-1
Added Net: Name=16U2_16MHZ_XTAL2
Added Pin To Net: NetName=16U2_BUF_RESETn Pin=C31-2
Added Pin To Net: NetName=16U2_BUF_RESETn Pin=R23-2
Added Pin To Net: NetName=16U2_BUF_RESETn Pin=U5-1
Added Pin To Net: NetName=16U2_BUF_RESETn Pin=U5-2
Added Net: Name=16U2_BUF_RESETn
Added Pin To Net: NetName=16U2_HDR_RESETn Pin=J6-5
Added Pin To Net: NetName=16U2_HDR_RESETn Pin=JP3-3
Added Net: Name=16U2_HDR_RESETn
Added Pin To Net: NetName=16U2_MISO Pin=J6-1
Added Pin To Net: NetName=16U2_MISO Pin=U2-17
Added Net: Name=16U2_MISO
Added Pin To Net: NetName=16U2_MOSI Pin=J6-4
Added Pin To Net: NetName=16U2_MOSI Pin=U2-16
Added Net: Name=16U2_MOSI
Added Pin To Net: NetName=16U2_PB4 Pin=J6-3
Added Pin To Net: NetName=16U2_PB4 Pin=JP2-1
Added Pin To Net: NetName=16U2_PB4 Pin=JP3-2
Added Pin To Net: NetName=16U2_PB4 Pin=R5-2
Added Pin To Net: NetName=16U2_PB4 Pin=U2-18
Added Net: Name=16U2_PB4
Added Pin To Net: NetName=16U2_PB5 Pin=JP2-3
Added Pin To Net: NetName=16U2_PB5 Pin=U2-19
Added Net: Name=16U2_PB5
Added Pin To Net: NetName=16U2_PB6 Pin=JP2-2
Added Pin To Net: NetName=16U2_PB6 Pin=U2-20
Added Net: Name=16U2_PB6
Added Pin To Net: NetName=16U2_PB7 Pin=JP2-4
Added Pin To Net: NetName=16U2_PB7 Pin=U2-21
Added Net: Name=16U2_PB7
Added Pin To Net: NetName=16U2_RESETn Pin=JP3-4
Added Pin To Net: NetName=16U2_RESETn Pin=R4-1
Added Pin To Net: NetName=16U2_RESETn Pin=U2-24
Added Pin To Net: NetName=16U2_RESETn Pin=U5-4
Added Net: Name=16U2_RESETn
Added Pin To Net: NetName=16U2_RX_LED Pin=U2-10
Added Net: Name=16U2_RX_LED
Added Pin To Net: NetName=16U2_RXD Pin=R11-1
Added Pin To Net: NetName=16U2_RXD Pin=U2-8
Added Net: Name=16U2_RXD
Added Pin To Net: NetName=16U2_SCLK_R Pin=R5-1
Added Pin To Net: NetName=16U2_SCLK_R Pin=U2-15
Added Net: Name=16U2_SCLK_R
Added Pin To Net: NetName=16U2_TX_LED Pin=U2-11
Added Net: Name=16U2_TX_LED
Added Pin To Net: NetName=16U2_TXD Pin=R10-1
Added Pin To Net: NetName=16U2_TXD Pin=U2-9
Added Net: Name=16U2_TXD
Added Pin To Net: NetName=16U2PROG_328P_RESETn Pin=JP1-2
Added Pin To Net: NetName=16U2PROG_328P_RESETn Pin=R1-1
Added Pin To Net: NetName=16U2PROG_328P_RESETn Pin=U2-13
Added Net: Name=16U2PROG_328P_RESETn
Added Pin To Net: NetName=328P_16MHZ_XTAL1 Pin=C27-2
Added Pin To Net: NetName=328P_16MHZ_XTAL1 Pin=R16-1
Added Pin To Net: NetName=328P_16MHZ_XTAL1 Pin=U1-9
Added Pin To Net: NetName=328P_16MHZ_XTAL1 Pin=Y1-2
Added Net: Name=328P_16MHZ_XTAL1
Added Pin To Net: NetName=328P_16MHZ_XTAL2 Pin=C25-2
Added Pin To Net: NetName=328P_16MHZ_XTAL2 Pin=R16-2
Added Pin To Net: NetName=328P_16MHZ_XTAL2 Pin=U1-10
Added Pin To Net: NetName=328P_16MHZ_XTAL2 Pin=Y1-1
Added Net: Name=328P_16MHZ_XTAL2
Added Pin To Net: NetName=328P_AUTORESETn Pin=C11-1
Added Pin To Net: NetName=328P_AUTORESETn Pin=R18-1
Added Pin To Net: NetName=328P_AUTORESETn Pin=U6-1
Added Net: Name=328P_AUTORESETn
Added Pin To Net: NetName=328P_BUF_RESETn Pin=C32-2
Added Pin To Net: NetName=328P_BUF_RESETn Pin=R24-2
Added Pin To Net: NetName=328P_BUF_RESETn Pin=U6-2
Added Net: Name=328P_BUF_RESETn
Added Pin To Net: NetName=328P_RESETn Pin=J1-3
Added Pin To Net: NetName=328P_RESETn Pin=J5-5
Added Pin To Net: NetName=328P_RESETn Pin=JP3-1
Added Pin To Net: NetName=328P_RESETn Pin=R14-1
Added Pin To Net: NetName=328P_RESETn Pin=U1-1
Added Pin To Net: NetName=328P_RESETn Pin=U6-4
Added Net: Name=328P_RESETn
Added Pin To Net: NetName=AD0 Pin=J2-1
Added Pin To Net: NetName=AD0 Pin=U1-23
Added Net: Name=AD0
Added Pin To Net: NetName=AD1 Pin=J2-2
Added Pin To Net: NetName=AD1 Pin=U1-24
Added Net: Name=AD1
Added Pin To Net: NetName=AD2 Pin=J2-3
Added Pin To Net: NetName=AD2 Pin=U1-25
Added Net: Name=AD2
Added Pin To Net: NetName=AD3 Pin=J2-4
Added Pin To Net: NetName=AD3 Pin=U1-26
Added Net: Name=AD3
Added Pin To Net: NetName=AD4 Pin=J2-5
Added Pin To Net: NetName=AD4 Pin=J4-9
Added Pin To Net: NetName=AD4 Pin=U1-27
Added Net: Name=AD4
Added Pin To Net: NetName=AD5 Pin=J2-6
Added Pin To Net: NetName=AD5 Pin=J4-10
Added Pin To Net: NetName=AD5 Pin=U1-28
Added Net: Name=AD5
Added Pin To Net: NetName=BUTTON_RESETn Pin=D6-2
Added Pin To Net: NetName=BUTTON_RESETn Pin=R20-1
Added Pin To Net: NetName=BUTTON_RESETn Pin=R24-1
Added Pin To Net: NetName=BUTTON_RESETn Pin=SW1-1
Added Pin To Net: NetName=BUTTON_RESETn Pin=SW1-2
Added Net: Name=BUTTON_RESETn
Added Pin To Net: NetName=CON_USB_N Pin=R6-1
Added Pin To Net: NetName=CON_USB_N Pin=Z1-2
Added Pin To Net: NetName=CON_USB_N Pin=J7-A7
Added Pin To Net: NetName=CON_USB_N Pin=J7-B7
Added Net: Name=CON_USB_N
Added Pin To Net: NetName=CON_USB_P Pin=R7-1
Added Pin To Net: NetName=CON_USB_P Pin=Z2-2
Added Pin To Net: NetName=CON_USB_P Pin=J7-A6
Added Pin To Net: NetName=CON_USB_P Pin=J7-B6
Added Net: Name=CON_USB_P
Added Pin To Net: NetName=GND Pin=C1-2
Added Pin To Net: NetName=GND Pin=C2-2
Added Pin To Net: NetName=GND Pin=C3-1
Added Pin To Net: NetName=GND Pin=C4-1
Added Pin To Net: NetName=GND Pin=C5-1
Added Pin To Net: NetName=GND Pin=C6-1
Added Pin To Net: NetName=GND Pin=C7-1
Added Pin To Net: NetName=GND Pin=C8-1
Added Pin To Net: NetName=GND Pin=C9-1
Added Pin To Net: NetName=GND Pin=C10-1
Added Pin To Net: NetName=GND Pin=C12-1
Added Pin To Net: NetName=GND Pin=C13-1
Added Pin To Net: NetName=GND Pin=C14-1
Added Pin To Net: NetName=GND Pin=C15-1
Added Pin To Net: NetName=GND Pin=C16-1
Added Pin To Net: NetName=GND Pin=C17-1
Added Pin To Net: NetName=GND Pin=C21-1
Added Pin To Net: NetName=GND Pin=C22-1
Added Pin To Net: NetName=GND Pin=C23-1
Added Pin To Net: NetName=GND Pin=C24-1
Added Pin To Net: NetName=GND Pin=C25-1
Added Pin To Net: NetName=GND Pin=C26-2
Added Pin To Net: NetName=GND Pin=C27-1
Added Pin To Net: NetName=GND Pin=C28-1
Added Pin To Net: NetName=GND Pin=C29-1
Added Pin To Net: NetName=GND Pin=C30-1
Added Pin To Net: NetName=GND Pin=C31-1
Added Pin To Net: NetName=GND Pin=C32-1
Added Pin To Net: NetName=GND Pin=C33-1
Added Pin To Net: NetName=GND Pin=C34-1
Added Pin To Net: NetName=GND Pin=D1-1
Added Pin To Net: NetName=GND Pin=J1-6
Added Pin To Net: NetName=GND Pin=J1-7
Added Pin To Net: NetName=GND Pin=J4-7
Added Pin To Net: NetName=GND Pin=J5-6
Added Pin To Net: NetName=GND Pin=J6-6
Added Pin To Net: NetName=GND Pin=MH1-1
Added Pin To Net: NetName=GND Pin=MH2-1
Added Pin To Net: NetName=GND Pin=MH3-1
Added Pin To Net: NetName=GND Pin=R8-2
Added Pin To Net: NetName=GND Pin=R12-1
Added Pin To Net: NetName=GND Pin=R29-2
Added Pin To Net: NetName=GND Pin=SW1-3
Added Pin To Net: NetName=GND Pin=SW1-4
Added Pin To Net: NetName=GND Pin=SW2-3
Added Pin To Net: NetName=GND Pin=SW2-4
Added Pin To Net: NetName=GND Pin=U1-8
Added Pin To Net: NetName=GND Pin=U1-22
Added Pin To Net: NetName=GND Pin=U2-3
Added Pin To Net: NetName=GND Pin=U2-28
Added Pin To Net: NetName=GND Pin=U3-3
Added Pin To Net: NetName=GND Pin=U3-6
Added Pin To Net: NetName=GND Pin=U4-3
Added Pin To Net: NetName=GND Pin=U5-3
Added Pin To Net: NetName=GND Pin=U6-3
Added Pin To Net: NetName=GND Pin=U7-3
Added Pin To Net: NetName=GND Pin=Z1-1
Added Pin To Net: NetName=GND Pin=Z2-1
Added Pin To Net: NetName=GND Pin=J7-A1
Added Pin To Net: NetName=GND Pin=J7-A12
Added Pin To Net: NetName=GND Pin=J7-B1
Added Pin To Net: NetName=GND Pin=J7-B12
Added Pin To Net: NetName=GND Pin=J7-S1
Added Pin To Net: NetName=GND Pin=J7-S2
Added Pin To Net: NetName=GND Pin=J7-S3
Added Pin To Net: NetName=GND Pin=J7-S4
Added Net: Name=GND
Added Pin To Net: NetName=IO0 Pin=J3-1
Added Pin To Net: NetName=IO0 Pin=R10-2
Added Pin To Net: NetName=IO0 Pin=U1-2
Added Net: Name=IO0
Added Pin To Net: NetName=IO1 Pin=J3-2
Added Pin To Net: NetName=IO1 Pin=R11-2
Added Pin To Net: NetName=IO1 Pin=U1-3
Added Net: Name=IO1
Added Pin To Net: NetName=IO2 Pin=J3-3
Added Pin To Net: NetName=IO2 Pin=U1-4
Added Net: Name=IO2
Added Pin To Net: NetName=IO3 Pin=J3-4
Added Pin To Net: NetName=IO3 Pin=U1-5
Added Net: Name=IO3
Added Pin To Net: NetName=IO4 Pin=J3-5
Added Pin To Net: NetName=IO4 Pin=U1-6
Added Net: Name=IO4
Added Pin To Net: NetName=IO5 Pin=J3-6
Added Pin To Net: NetName=IO5 Pin=U1-11
Added Net: Name=IO5
Added Pin To Net: NetName=IO6 Pin=J3-7
Added Pin To Net: NetName=IO6 Pin=U1-12
Added Net: Name=IO6
Added Pin To Net: NetName=IO7 Pin=J3-8
Added Pin To Net: NetName=IO7 Pin=U1-13
Added Net: Name=IO7
Added Pin To Net: NetName=IO8 Pin=J4-1
Added Pin To Net: NetName=IO8 Pin=R22-2
Added Pin To Net: NetName=IO8 Pin=U1-14
Added Net: Name=IO8
Added Pin To Net: NetName=IO9 Pin=J4-2
Added Pin To Net: NetName=IO9 Pin=U1-15
Added Net: Name=IO9
Added Pin To Net: NetName=MISO Pin=J4-5
Added Pin To Net: NetName=MISO Pin=J5-1
Added Pin To Net: NetName=MISO Pin=U1-18
Added Net: Name=MISO
Added Pin To Net: NetName=MOSI Pin=J4-4
Added Pin To Net: NetName=MOSI Pin=J5-4
Added Pin To Net: NetName=MOSI Pin=U1-17
Added Net: Name=MOSI
Added Pin To Net: NetName=NetC11_2 Pin=C11-2
Added Pin To Net: NetName=NetC11_2 Pin=JP1-1
Added Net: Name=NetC11_2
Added Pin To Net: NetName=NetD1_2 Pin=D1-2
Added Pin To Net: NetName=NetD1_2 Pin=R17-1
Added Net: Name=NetD1_2
Added Pin To Net: NetName=NetD2_1 Pin=U4-4
Added Net: Name=NetD2_1
Added Pin To Net: NetName=NetD2_2 Pin=R15-1
Added Net: Name=NetD2_2
Added Pin To Net: NetName=NetD3_2 Pin=R2-1
Added Net: Name=NetD3_2
Added Pin To Net: NetName=NetD4_2 Pin=R3-1
Added Net: Name=NetD4_2
Added Pin To Net: NetName=NetD5_2 Pin=D5-2
Added Pin To Net: NetName=NetD5_2 Pin=R19-1
Added Pin To Net: NetName=NetD5_2 Pin=R23-1
Added Net: Name=NetD5_2
Added Pin To Net: NetName=NetJ7_A5 Pin=J7-A5
Added Pin To Net: NetName=NetJ7_A5 Pin=R8-1
Added Net: Name=NetJ7_A5
Added Pin To Net: NetName=NetJ7_B5 Pin=J7-B5
Added Pin To Net: NetName=NetJ7_B5 Pin=R29-1
Added Net: Name=NetJ7_B5
Added Pin To Net: NetName=NetJP1_3 Pin=JP1-3
Added Pin To Net: NetName=NetJP1_3 Pin=R12-2
Added Net: Name=NetJP1_3
Added Pin To Net: NetName=NetR22_1 Pin=R22-1
Added Pin To Net: NetName=NetR22_1 Pin=U7-4
Added Net: Name=NetR22_1
Added Pin To Net: NetName=SCK Pin=J4-6
Added Pin To Net: NetName=SCK Pin=J5-3
Added Pin To Net: NetName=SCK Pin=R13-2
Added Pin To Net: NetName=SCK Pin=U4-1
Added Pin To Net: NetName=SCK Pin=U4-2
Added Net: Name=SCK
Added Pin To Net: NetName=SCK_R Pin=R13-1
Added Pin To Net: NetName=SCK_R Pin=U1-19
Added Net: Name=SCK_R
Added Pin To Net: NetName=SS Pin=J4-3
Added Pin To Net: NetName=SS Pin=U1-16
Added Net: Name=SS
Added Pin To Net: NetName=USB_N Pin=R6-2
Added Pin To Net: NetName=USB_N Pin=U2-30
Added Net: Name=USB_N
Added Pin To Net: NetName=USB_P Pin=R7-2
Added Pin To Net: NetName=USB_P Pin=U2-29
Added Net: Name=USB_P
Added Pin To Net: NetName=USER_BUTTON Pin=R21-1
Added Pin To Net: NetName=USER_BUTTON Pin=R25-1
Added Pin To Net: NetName=USER_BUTTON Pin=SW2-1
Added Pin To Net: NetName=USER_BUTTON Pin=SW2-2
Added Net: Name=USER_BUTTON
Added Pin To Net: NetName=USER_BUTTON_BUF Pin=C33-2
Added Pin To Net: NetName=USER_BUTTON_BUF Pin=R25-2
Added Pin To Net: NetName=USER_BUTTON_BUF Pin=U7-1
Added Pin To Net: NetName=USER_BUTTON_BUF Pin=U7-2
Added Net: Name=USER_BUTTON_BUF
Added Rule: Name=Schematic Supply Nets
Added Rule: Name=Schematic Supply Nets_1
Added Rule: Name=Schematic Supply Nets_2
Added Rule: Name=Schematic Supply Nets_3
